video_path,video_name,video_id,has_metadata
lrs3/OSz2v42F0E0/00030/real.mp4,real,00030,True
lrs3/NTbBuvcGnxM/00009/00009_p3.mp4,00009_p3,00009,True
lrs3/Aoa20kFNYmY/00002/00002_p4.mp4,00002_p4,00002,True
lrs3/GHcCs4TPvYA/00005/fake_video_real_audio_p4.mp4,fake_video_real_audio_p4,00005,True
lrs3/ONXYcNS7k1Y/00003/00003_p1.mp4,00003_p1,00003,True
lrs3/6MgDcFlTgVM/00005/fake_video_real_audio_p2.mp4,fake_video_real_audio_p2,00005,True
lrs3/O6GimGZz6a8/00022/fake_video_real_audio_p2.mp4,fake_video_real_audio_p2,00022,True
lrs3/53P0aypkpXY/00006/00006_p4.mp4,00006_p4,00006,True
lrs3/NcPusGLnqAc/00003/real_video_fake_audio_p2.mp4,real_video_fake_audio_p2,00003,True
lrs3/NaoSp4NpkGg/00015/fake_video_fake_audio_p3.mp4,fake_video_fake_audio_p3,00015,True
lrs3/ORBf73HiJns/00030/real_video_fake_audio_p3.mp4,real_video_fake_audio_p3,00030,True
lrs3/ONXYcNS7k1Y/00013/real_video_fake_audio_p3.mp4,real_video_fake_audio_p3,00013,True
lrs3/63tVsJI31Tk/00005/real_video_fake_audio_p1.mp4,real_video_fake_audio_p1,00005,True
lrs3/O6GimGZz6a8/00012/real_video_fake_audio.mp4,real_video_fake_audio,00012,True
lrs3/HrG8UZjL5E8/00004/real.mp4,real,00004,True
lrs3/NCPzjiSS2Oo/00001/00001_p3.mp4,00001_p3,00001,True
lrs3/ARWBdfWpDyc/00004/fake_video_real_audio_p2.mp4,fake_video_real_audio_p2,00004,True
lrs3/MkRJG510CKo/00001/real_video_fake_audio_p1.mp4,real_video_fake_audio_p1,00001,True
lrs3/OT9poHSD2Iw/00023/fake_video_real_audio.mp4,fake_video_real_audio,00023,True
lrs3/NVrpKRdtWwc/00002/fake_video_real_audio_p2.mp4,fake_video_real_audio_p2,00002,True
lrs3/86Hyq4bBpA0/00007/fake_video_fake_audio_p1.mp4,fake_video_fake_audio_p1,00007,True
lrs3/ORBf73HiJns/00014/00014_p2.mp4,00014_p2,00014,True
lrs3/64fDIZiVSSM/00006/00006_p4.mp4,00006_p4,00006,True
lrs3/OT9poHSD2Iw/00006/00006_p4.mp4,00006_p4,00006,True
lrs3/NgbqXsA62Qs/00015/00015_p2.mp4,00015_p2,00015,True
lrs3/O6GimGZz6a8/00014/real_video_fake_audio_p3.mp4,real_video_fake_audio_p3,00014,True
lrs3/NS4bBu9Jyho/00004/fake_video_real_audio_p2.mp4,fake_video_real_audio_p2,00004,True
lrs3/Myp1sZBxTR8/00003/00003_p2.mp4,00003_p2,00003,True
lrs3/OSGHRMKrVM8/00011/fake_video_fake_audio_p1.mp4,fake_video_fake_audio_p1,00011,True
lrs3/84QouBqCIWg/00002/00002_p4.mp4,00002_p4,00002,True
lrs3/O4bGOvkkHcM/00005/00005.mp4,00005,00005,True
lrs3/Aoa20kFNYmY/00005/00005_p4.mp4,00005_p4,00005,True
lrs3/56XQd6fcWu8/00003/fake_video_real_audio_p3.mp4,fake_video_real_audio_p3,00003,True
lrs3/56XQd6fcWu8/00003/real_video_fake_audio_p4.mp4,real_video_fake_audio_p4,00003,True
lrs3/OT9poHSD2Iw/00011/fake_video_fake_audio_p1.mp4,fake_video_fake_audio_p1,00011,True
lrs3/NVrpKRdtWwc/00005/fake_video_real_audio_p1.mp4,fake_video_real_audio_p1,00005,True
lrs3/5nrn5fC001Q/00008/fake_video_real_audio.mp4,fake_video_real_audio,00008,True
lrs3/31ojbLK0vU4/00002/00002_p4.mp4,00002_p4,00002,True
lrs3/D9Ihs241zeg/00002/00002_p1.mp4,00002_p1,00002,True
lrs3/ORBf73HiJns/00039/fake_video_real_audio_p4.mp4,fake_video_real_audio_p4,00039,True
lrs3/OSGHRMKrVM8/00027/real.mp4,real,00027,True
lrs3/ORzTct2yITk/00002/real_video_fake_audio.mp4,real_video_fake_audio,00002,True
lrs3/ONXYcNS7k1Y/00029/real_video_fake_audio_p3.mp4,real_video_fake_audio_p3,00029,True
lrs3/ONXYcNS7k1Y/00014/fake_video_real_audio_p1.mp4,fake_video_real_audio_p1,00014,True
lrs3/HrG8UZjL5E8/00007/real_video_fake_audio_p3.mp4,real_video_fake_audio_p3,00007,True
lrs3/NHopJHSlVo4/00001/fake_video_fake_audio_p1.mp4,fake_video_fake_audio_p1,00001,True
lrs3/LsSh5ZUfnz4/00002/real_video_fake_audio_p4.mp4,real_video_fake_audio_p4,00002,True
lrs3/OSz2v42F0E0/00015/real_video_fake_audio_p1.mp4,real_video_fake_audio_p1,00015,True
lrs3/MkRJG510CKo/00008/00008_p1.mp4,00008_p1,00008,True
lrs3/OSz2v42F0E0/00030/00030_p4.mp4,00030_p4,00030,True
lrs3/NHopJHSlVo4/00003/00003_p3.mp4,00003_p3,00003,True
lrs3/KjKBOo5tFX8/00011/00011_p4.mp4,00011_p4,00011,True
lrs3/CQ6by9cmt54/00009/fake_video_real_audio_p4.mp4,fake_video_real_audio_p4,00009,True
lrs3/HrG8UZjL5E8/00004/real_video_fake_audio_p1.mp4,real_video_fake_audio_p1,00004,True
lrs3/FgSJcKSHUtQ/00006/real_video_fake_audio_p2.mp4,real_video_fake_audio_p2,00006,True
lrs3/NU82HhqhEHM/00005/00005_p4.mp4,00005_p4,00005,True
lrs3/NgbqXsA62Qs/00002/fake_video_real_audio_p2.mp4,fake_video_real_audio_p2,00002,True
lrs3/ORBf73HiJns/00003/real.mp4,real,00003,True
lrs3/84QouBqCIWg/00002/fake_video_fake_audio_p3.mp4,fake_video_fake_audio_p3,00002,True
lrs3/ORBf73HiJns/00043/fake_video_fake_audio_p2.mp4,fake_video_fake_audio_p2,00043,True
lrs3/ORBf73HiJns/00025/real_video_fake_audio_p3.mp4,real_video_fake_audio_p3,00025,True
lrs3/NcPusGLnqAc/00011/fake_video_real_audio.mp4,fake_video_real_audio,00011,True
lrs3/1Hok1iGFNSk/00003/00003_p2.mp4,00003_p2,00003,True
lrs3/O6cmKeRV3Z0/00006/00006_p2.mp4,00006_p2,00006,True
lrs3/LsSh5ZUfnz4/00002/00002_p3.mp4,00002_p3,00002,True
lrs3/DkocjGrWwvc/00004/fake_video_fake_audio_p4.mp4,fake_video_fake_audio_p4,00004,True
lrs3/NcPusGLnqAc/00008/00008_p1.mp4,00008_p1,00008,True
lrs3/7TXEZ4tP06c/00002/00002_p1.mp4,00002_p1,00002,True
lrs3/OT9poHSD2Iw/00025/real_video_fake_audio_p2.mp4,real_video_fake_audio_p2,00025,True
lrs3/HxMGItCnINE/00001/fake_video_fake_audio_p4.mp4,fake_video_fake_audio_p4,00001,True
lrs3/31ojbLK0vU4/00001/00001_p2.mp4,00001_p2,00001,True
lrs3/O6GimGZz6a8/00006/00006_p3.mp4,00006_p3,00006,True
lrs3/ORBf73HiJns/00030/fake_video_real_audio_p3.mp4,fake_video_real_audio_p3,00030,True
lrs3/ORBf73HiJns/00019/real.mp4,real,00019,True
lrs3/4qKAse8388k/00003/00003_p4.mp4,00003_p4,00003,True
lrs3/OT9poHSD2Iw/00011/real_video_fake_audio_p3.mp4,real_video_fake_audio_p3,00011,True
lrs3/NI0yARyFoIM/00001/fake_video_fake_audio_p1.mp4,fake_video_fake_audio_p1,00001,True
lrs3/ExcDNly1DbI/00010/00010_p4.mp4,00010_p4,00010,True
lrs3/ONXYcNS7k1Y/00014/real_video_fake_audio_p1.mp4,real_video_fake_audio_p1,00014,True
lrs3/0OkOQhXhsIE/00011/00011_p2.mp4,00011_p2,00011,True
lrs3/4xnVNvd8lBg/00005/real_video_fake_audio_p2.mp4,real_video_fake_audio_p2,00005,True
lrs3/Nvw0reB1gpI/00010/00010_p4.mp4,00010_p4,00010,True
lrs3/BEsJI6Nxo4Q/00001/00001_p4.mp4,00001_p4,00001,True
lrs3/OSz2v42F0E0/00013/00013_p1.mp4,00013_p1,00013,True
lrs3/OT9poHSD2Iw/00013/00013_p3.mp4,00013_p3,00013,True
lrs3/O6jrLgvCUNs/00006/fake_video_real_audio_p4.mp4,fake_video_real_audio_p4,00006,True
lrs3/NVrpKRdtWwc/00011/real_video_fake_audio_p4.mp4,real_video_fake_audio_p4,00011,True
lrs3/2iIIDwSJhAg/00001/fake_video_real_audio_p3.mp4,fake_video_real_audio_p3,00001,True
lrs3/ONXYcNS7k1Y/00028/fake_video_fake_audio.mp4,fake_video_fake_audio,00028,True
lrs3/ORvwzoSf1Sc/00004/fake_video_fake_audio.mp4,fake_video_fake_audio,00004,True
lrs3/4xnVNvd8lBg/00002/00002_p2.mp4,00002_p2,00002,True
lrs3/7SvPhw9hAHs/00001/real.mp4,real,00001,True
lrs3/5nrn5fC001Q/00002/fake_video_real_audio_p4.mp4,fake_video_real_audio_p4,00002,True
lrs3/Fb2J5eDoFko/00001/real_video_fake_audio_p2.mp4,real_video_fake_audio_p2,00001,True
lrs3/OSGHRMKrVM8/00034/fake_video_fake_audio.mp4,fake_video_fake_audio,00034,True
lrs3/NAcuH7nSdLc/00010/fake_video_real_audio_p2.mp4,fake_video_real_audio_p2,00010,True
lrs3/LsSh5ZUfnz4/00004/00004.mp4,00004,00004,True
lrs3/GHcCs4TPvYA/00005/real_video_fake_audio_p3.mp4,real_video_fake_audio_p3,00005,True
lrs3/NgbqXsA62Qs/00008/real_video_fake_audio.mp4,real_video_fake_audio,00008,True
lrs3/ORBf73HiJns/00010/00010_p1.mp4,00010_p1,00010,True
lrs3/5nrn5fC001Q/00002/real_video_fake_audio_p2.mp4,real_video_fake_audio_p2,00002,True
lrs3/NS4bBu9Jyho/00010/fake_video_fake_audio_p3.mp4,fake_video_fake_audio_p3,00010,True
lrs3/NgbqXsA62Qs/00016/00016_p2.mp4,00016_p2,00016,True
lrs3/O6jrLgvCUNs/00015/fake_video_real_audio_p4.mp4,fake_video_real_audio_p4,00015,True
lrs3/1Hok1iGFNSk/00001/00001_p1.mp4,00001_p1,00001,True
lrs3/NS4bBu9Jyho/00008/real_video_fake_audio_p2.mp4,real_video_fake_audio_p2,00008,True
lrs3/OSGHRMKrVM8/00041/fake_video_fake_audio_p4.mp4,fake_video_fake_audio_p4,00041,True
lrs3/84QouBqCIWg/00001/00001_p4.mp4,00001_p4,00001,True
lrs3/NhmybGS7FLA/00010/00010_p3.mp4,00010_p3,00010,True
lrs3/9RMaD0Sk7hc/00003/fake_video_fake_audio_p1.mp4,fake_video_fake_audio_p1,00003,True
lrs3/NHopJHSlVo4/00003/00003_p1.mp4,00003_p1,00003,True
lrs3/ORBf73HiJns/00018/real_video_fake_audio_p1.mp4,real_video_fake_audio_p1,00018,True
lrs3/ExcDNly1DbI/00001/00001_p4.mp4,00001_p4,00001,True
lrs3/ONXYcNS7k1Y/00019/00019_p1.mp4,00019_p1,00019,True
lrs3/NRO0SJXuFMY/00003/00003_p2.mp4,00003_p2,00003,True
lrs3/OSz2v42F0E0/00004/fake_video_real_audio_p4.mp4,fake_video_real_audio_p4,00004,True
lrs3/MkRJG510CKo/00003/00003_p1.mp4,00003_p1,00003,True
lrs3/NHopJHSlVo4/00003/00003_p4.mp4,00003_p4,00003,True
lrs3/OSz2v42F0E0/00004/00004_p2.mp4,00004_p2,00004,True
lrs3/0YNeyBANrTI/00001/00001_p2.mp4,00001_p2,00001,True
lrs3/NhmybGS7FLA/00008/00008_p3.mp4,00008_p3,00008,True
lrs3/NCPzjiSS2Oo/00002/00002_p3.mp4,00002_p3,00002,True
lrs3/ORBf73HiJns/00014/real_video_fake_audio_p2.mp4,real_video_fake_audio_p2,00014,True
lrs3/O6GimGZz6a8/00006/fake_video_fake_audio_p1.mp4,fake_video_fake_audio_p1,00006,True
lrs3/OSz2v42F0E0/00020/fake_video_fake_audio_p4.mp4,fake_video_fake_audio_p4,00020,True
lrs3/OSz2v42F0E0/00018/00018_p3.mp4,00018_p3,00018,True
lrs3/NcPusGLnqAc/00003/fake_video_fake_audio_p2.mp4,fake_video_fake_audio_p2,00003,True
lrs3/NaoSp4NpkGg/00002/fake_video_fake_audio_p2.mp4,fake_video_fake_audio_p2,00002,True
lrs3/OT9poHSD2Iw/00007/00007_p1.mp4,00007_p1,00007,True
lrs3/Fb2J5eDoFko/00001/00001_p4.mp4,00001_p4,00001,True
lrs3/NaoSp4NpkGg/00004/fake_video_real_audio.mp4,fake_video_real_audio,00004,True
lrs3/ORBf73HiJns/00010/real_video_fake_audio_p2.mp4,real_video_fake_audio_p2,00010,True
lrs3/OT9poHSD2Iw/00013/real_video_fake_audio_p3.mp4,real_video_fake_audio_p3,00013,True
lrs3/NaoSp4NpkGg/00007/fake_video_fake_audio_p1.mp4,fake_video_fake_audio_p1,00007,True
lrs3/OSz2v42F0E0/00024/fake_video_real_audio_p3.mp4,fake_video_real_audio_p3,00024,True
lrs3/ARWBdfWpDyc/00003/00003.mp4,00003,00003,True
lrs3/7TXEZ4tP06c/00002/fake_video_fake_audio_p4.mp4,fake_video_fake_audio_p4,00002,True
lrs3/OVSNSeFTaso/00002/fake_video_fake_audio_p2.mp4,fake_video_fake_audio_p2,00002,True
lrs3/OSGHRMKrVM8/00041/real.mp4,real,00041,True
lrs3/OSGHRMKrVM8/00027/fake_video_fake_audio_p3.mp4,fake_video_fake_audio_p3,00027,True
lrs3/O6jrLgvCUNs/00005/00005_p1.mp4,00005_p1,00005,True
lrs3/GHcCs4TPvYA/00005/fake_video_real_audio.mp4,fake_video_real_audio,00005,True
lrs3/C9kPFCw2u3M/00002/real_video_fake_audio_p3.mp4,real_video_fake_audio_p3,00002,True
lrs3/ORBf73HiJns/00007/fake_video_real_audio_p4.mp4,fake_video_real_audio_p4,00007,True
lrs3/OSGHRMKrVM8/00001/fake_video_fake_audio_p3.mp4,fake_video_fake_audio_p3,00001,True
lrs3/NhmybGS7FLA/00010/00010.mp4,00010,00010,True
lrs3/NhmybGS7FLA/00017/00017_p2.mp4,00017_p2,00017,True
lrs3/FgSJcKSHUtQ/00007/00007.mp4,00007,00007,True
lrs3/O6GimGZz6a8/00014/real_video_fake_audio.mp4,real_video_fake_audio,00014,True
lrs3/OSz2v42F0E0/00026/00026_p1.mp4,00026_p1,00026,True
lrs3/ORBf73HiJns/00030/fake_video_real_audio_p1.mp4,fake_video_real_audio_p1,00030,True
lrs3/3p3Svl9VFYU/00006/00006_p1.mp4,00006_p1,00006,True
lrs3/0OkOQhXhsIE/00010/real_video_fake_audio_p2.mp4,real_video_fake_audio_p2,00010,True
lrs3/ONXYcNS7k1Y/00021/real_video_fake_audio_p4.mp4,real_video_fake_audio_p4,00021,True
lrs3/ORBf73HiJns/00008/fake_video_fake_audio_p3.mp4,fake_video_fake_audio_p3,00008,True
lrs3/C9CKRd2jScg/00005/00005.mp4,00005,00005,True
lrs3/NAcuH7nSdLc/00017/real.mp4,real,00017,True
lrs3/ORBf73HiJns/00003/fake_video_fake_audio_p3.mp4,fake_video_fake_audio_p3,00003,True
lrs3/NI0yARyFoIM/00009/real_video_fake_audio.mp4,real_video_fake_audio,00009,True
lrs3/ORBf73HiJns/00040/00040_p1.mp4,00040_p1,00040,True
lrs3/53P0aypkpXY/00001/00001_p1.mp4,00001_p1,00001,True
lrs3/O6GimGZz6a8/00018/00018_p2.mp4,00018_p2,00018,True
lrs3/NTbBuvcGnxM/00004/fake_video_real_audio.mp4,fake_video_real_audio,00004,True
lrs3/ORBf73HiJns/00006/fake_video_real_audio.mp4,fake_video_real_audio,00006,True
lrs3/5nrn5fC001Q/00001/fake_video_fake_audio_p1.mp4,fake_video_fake_audio_p1,00001,True
lrs3/NVrpKRdtWwc/00007/fake_video_real_audio_p4.mp4,fake_video_real_audio_p4,00007,True
lrs3/NgbqXsA62Qs/00002/00002_p4.mp4,00002_p4,00002,True
lrs3/O6jrLgvCUNs/00006/00006_p3.mp4,00006_p3,00006,True
lrs3/0N1oA9LUEc4/00009/00009.mp4,00009,00009,True
lrs3/O4bGOvkkHcM/00007/00007_p4.mp4,00007_p4,00007,True
lrs3/NcPusGLnqAc/00004/00004_p2.mp4,00004_p2,00004,True
lrs3/N37x4GgDVBM/00023/real.mp4,real,00023,True
lrs3/LlJJRGPfqwA/00002/00002.mp4,00002,00002,True
lrs3/84QouBqCIWg/00005/real_video_fake_audio_p1.mp4,real_video_fake_audio_p1,00005,True
lrs3/NaoSp4NpkGg/00011/real_video_fake_audio_p2.mp4,real_video_fake_audio_p2,00011,True
lrs3/NS4bBu9Jyho/00010/fake_video_fake_audio_p2.mp4,fake_video_fake_audio_p2,00010,True
lrs3/O6cmKeRV3Z0/00002/real_video_fake_audio_p3.mp4,real_video_fake_audio_p3,00002,True
lrs3/NhmybGS7FLA/00017/real_video_fake_audio_p1.mp4,real_video_fake_audio_p1,00017,True
lrs3/ORBf73HiJns/00043/real.mp4,real,00043,True
lrs3/ORBf73HiJns/00006/fake_video_real_audio_p2.mp4,fake_video_real_audio_p2,00006,True
lrs3/NHopJHSlVo4/00004/00004_p4.mp4,00004_p4,00004,True
lrs3/OSGHRMKrVM8/00012/fake_video_real_audio_p3.mp4,fake_video_real_audio_p3,00012,True
lrs3/0YNeyBANrTI/00002/00002_p1.mp4,00002_p1,00002,True
lrs3/NVrpKRdtWwc/00007/real_video_fake_audio_p3.mp4,real_video_fake_audio_p3,00007,True
lrs3/ORBf73HiJns/00034/fake_video_fake_audio.mp4,fake_video_fake_audio,00034,True
lrs3/ORBf73HiJns/00039/fake_video_real_audio_p3.mp4,fake_video_real_audio_p3,00039,True
lrs3/FvAl7Sjddok/00001/real_video_fake_audio_p2.mp4,real_video_fake_audio_p2,00001,True
lrs3/J5jwEyDaRS0/00006/00006.mp4,00006,00006,True
lrs3/NHopJHSlVo4/00004/fake_video_fake_audio_p1.mp4,fake_video_fake_audio_p1,00004,True
lrs3/OSGHRMKrVM8/00036/fake_video_real_audio_p3.mp4,fake_video_real_audio_p3,00036,True
lrs3/ONXYcNS7k1Y/00030/fake_video_real_audio.mp4,fake_video_real_audio,00030,True
lrs3/OSz2v42F0E0/00014/fake_video_real_audio.mp4,fake_video_real_audio,00014,True
lrs3/HqawqHB7nDM/00016/fake_video_real_audio_p1.mp4,fake_video_real_audio_p1,00016,True
lrs3/ARWBdfWpDyc/00006/real_video_fake_audio_p3.mp4,real_video_fake_audio_p3,00006,True
lrs3/O6jrLgvCUNs/00015/fake_video_real_audio_p2.mp4,fake_video_real_audio_p2,00015,True
lrs3/OSGHRMKrVM8/00007/real_video_fake_audio_p4.mp4,real_video_fake_audio_p4,00007,True
lrs3/LsSh5ZUfnz4/00004/00004_p1.mp4,00004_p1,00004,True
lrs3/4xnVNvd8lBg/00006/fake_video_fake_audio_p2.mp4,fake_video_fake_audio_p2,00006,True
lrs3/E66oIgegbv0/00002/00002_p2.mp4,00002_p2,00002,True
lrs3/O6jrLgvCUNs/00006/fake_video_real_audio_p2.mp4,fake_video_real_audio_p2,00006,True
lrs3/0OkOQhXhsIE/00005/fake_video_real_audio_p4.mp4,fake_video_real_audio_p4,00005,True
lrs3/LsSh5ZUfnz4/00002/real_video_fake_audio_p2.mp4,real_video_fake_audio_p2,00002,True
lrs3/OSGHRMKrVM8/00001/fake_video_fake_audio_p1.mp4,fake_video_fake_audio_p1,00001,True
lrs3/Myp1sZBxTR8/00001/00001_p4.mp4,00001_p4,00001,True
lrs3/O2OQxHNVLNY/00006/00006.mp4,00006,00006,True
lrs3/C9kPFCw2u3M/00003/fake_video_real_audio_p3.mp4,fake_video_real_audio_p3,00003,True
lrs3/ONXYcNS7k1Y/00029/fake_video_fake_audio_p3.mp4,fake_video_fake_audio_p3,00029,True
lrs3/O6GimGZz6a8/00009/00009_p2.mp4,00009_p2,00009,True
lrs3/NgbqXsA62Qs/00007/real_video_fake_audio_p2.mp4,real_video_fake_audio_p2,00007,True
lrs3/5nrn5fC001Q/00001/00001_p3.mp4,00001_p3,00001,True
lrs3/OSGHRMKrVM8/00004/real_video_fake_audio.mp4,real_video_fake_audio,00004,True
lrs3/MkRJG510CKo/00005/fake_video_real_audio.mp4,fake_video_real_audio,00005,True
lrs3/ORvwzoSf1Sc/00003/real_video_fake_audio_p1.mp4,real_video_fake_audio_p1,00003,True
lrs3/NaoSp4NpkGg/00006/fake_video_fake_audio_p1.mp4,fake_video_fake_audio_p1,00006,True
lrs3/DkocjGrWwvc/00002/00002_p1.mp4,00002_p1,00002,True
lrs3/ORBf73HiJns/00040/00040_p2.mp4,00040_p2,00040,True
lrs3/OSz2v42F0E0/00010/00010_p1.mp4,00010_p1,00010,True
lrs3/ORBf73HiJns/00041/fake_video_real_audio_p1.mp4,fake_video_real_audio_p1,00041,True
lrs3/GHcCs4TPvYA/00005/real_video_fake_audio_p4.mp4,real_video_fake_audio_p4,00005,True
lrs3/OT9poHSD2Iw/00007/fake_video_real_audio_p4.mp4,fake_video_real_audio_p4,00007,True
lrs3/ORBf73HiJns/00022/real_video_fake_audio_p3.mp4,real_video_fake_audio_p3,00022,True
lrs3/DkocjGrWwvc/00003/fake_video_real_audio_p1.mp4,fake_video_real_audio_p1,00003,True
lrs3/NaoSp4NpkGg/00003/fake_video_fake_audio.mp4,fake_video_fake_audio,00003,True
lrs3/NgbqXsA62Qs/00009/fake_video_real_audio_p2.mp4,fake_video_real_audio_p2,00009,True
lrs3/NRO0SJXuFMY/00009/00009_p3.mp4,00009_p3,00009,True
lrs3/NgbqXsA62Qs/00014/fake_video_real_audio_p2.mp4,fake_video_real_audio_p2,00014,True
lrs3/ONXYcNS7k1Y/00032/fake_video_real_audio_p2.mp4,fake_video_real_audio_p2,00032,True
lrs3/OT9poHSD2Iw/00020/real_video_fake_audio_p3.mp4,real_video_fake_audio_p3,00020,True
lrs3/ARWBdfWpDyc/00003/00003_p1.mp4,00003_p1,00003,True
lrs3/ORBf73HiJns/00024/real_video_fake_audio_p1.mp4,real_video_fake_audio_p1,00024,True
lrs3/Myp1sZBxTR8/00003/00003_p3.mp4,00003_p3,00003,True
lrs3/ORBf73HiJns/00041/00041_p1.mp4,00041_p1,00041,True
lrs3/OT9poHSD2Iw/00025/fake_video_fake_audio_p1.mp4,fake_video_fake_audio_p1,00025,True
lrs3/NVrpKRdtWwc/00011/00011_p1.mp4,00011_p1,00011,True
lrs3/6MgDcFlTgVM/00005/fake_video_fake_audio.mp4,fake_video_fake_audio,00005,True
lrs3/NgbqXsA62Qs/00018/00018_p3.mp4,00018_p3,00018,True
lrs3/3p3Svl9VFYU/00006/00006.mp4,00006,00006,True
lrs3/OSz2v42F0E0/00010/real.mp4,real,00010,True
lrs3/OSGHRMKrVM8/00001/real_video_fake_audio_p4.mp4,real_video_fake_audio_p4,00001,True
lrs3/ORBf73HiJns/00041/fake_video_real_audio_p2.mp4,fake_video_real_audio_p2,00041,True
lrs3/MkRJG510CKo/00008/real_video_fake_audio_p2.mp4,real_video_fake_audio_p2,00008,True
lrs3/OSGHRMKrVM8/00027/real_video_fake_audio_p4.mp4,real_video_fake_audio_p4,00027,True
lrs3/Nvw0reB1gpI/00002/00002_p1.mp4,00002_p1,00002,True
lrs3/NhmybGS7FLA/00017/fake_video_fake_audio_p3.mp4,fake_video_fake_audio_p3,00017,True
lrs3/MkRJG510CKo/00002/00002_p1.mp4,00002_p1,00002,True
lrs3/O6cmKeRV3Z0/00011/00011_p4.mp4,00011_p4,00011,True
lrs3/NaoSp4NpkGg/00016/real_video_fake_audio.mp4,real_video_fake_audio,00016,True
lrs3/ORBf73HiJns/00035/fake_video_fake_audio_p2.mp4,fake_video_fake_audio_p2,00035,True
lrs3/NHopJHSlVo4/00001/fake_video_real_audio_p3.mp4,fake_video_real_audio_p3,00001,True
lrs3/NS4bBu9Jyho/00005/real.mp4,real,00005,True
lrs3/OSGHRMKrVM8/00002/fake_video_fake_audio_p3.mp4,fake_video_fake_audio_p3,00002,True
lrs3/NTbBuvcGnxM/00004/00004_p2.mp4,00004_p2,00004,True
lrs3/53P0aypkpXY/00001/00001_p4.mp4,00001_p4,00001,True
lrs3/6MgDcFlTgVM/00005/fake_video_fake_audio_p1.mp4,fake_video_fake_audio_p1,00005,True
lrs3/84QouBqCIWg/00002/real_video_fake_audio_p4.mp4,real_video_fake_audio_p4,00002,True
lrs3/NS4bBu9Jyho/00006/00006_p3.mp4,00006_p3,00006,True
lrs3/MkRJG510CKo/00007/real.mp4,real,00007,True
lrs3/OSGHRMKrVM8/00042/fake_video_fake_audio.mp4,fake_video_fake_audio,00042,True
lrs3/Dceyy0cX6J4/00005/00005_p3.mp4,00005_p3,00005,True
lrs3/ARWBdfWpDyc/00004/fake_video_fake_audio_p2.mp4,fake_video_fake_audio_p2,00004,True
lrs3/OT9poHSD2Iw/00015/fake_video_real_audio.mp4,fake_video_real_audio,00015,True
lrs3/OSGHRMKrVM8/00018/fake_video_fake_audio_p2.mp4,fake_video_fake_audio_p2,00018,True
lrs3/O6cmKeRV3Z0/00003/real.mp4,real,00003,True
lrs3/ExcDNly1DbI/00005/fake_video_real_audio_p2.mp4,fake_video_real_audio_p2,00005,True
lrs3/NgbqXsA62Qs/00016/00016.mp4,00016,00016,True
lrs3/84QouBqCIWg/00005/fake_video_real_audio_p2.mp4,fake_video_real_audio_p2,00005,True
lrs3/ONXYcNS7k1Y/00012/00012_p4.mp4,00012_p4,00012,True
lrs3/OSGHRMKrVM8/00020/real_video_fake_audio_p1.mp4,real_video_fake_audio_p1,00020,True
lrs3/C9kPFCw2u3M/00003/00003_p4.mp4,00003_p4,00003,True
lrs3/NgbqXsA62Qs/00023/fake_video_fake_audio_p4.mp4,fake_video_fake_audio_p4,00023,True
lrs3/O2OQxHNVLNY/00010/real_video_fake_audio_p1.mp4,real_video_fake_audio_p1,00010,True
lrs3/Myp1sZBxTR8/00002/00002_p2.mp4,00002_p2,00002,True
lrs3/CBphxhTY8mc/00001/real_video_fake_audio.mp4,real_video_fake_audio,00001,True
lrs3/HqawqHB7nDM/00016/real_video_fake_audio_p3.mp4,real_video_fake_audio_p3,00016,True
lrs3/ONXYcNS7k1Y/00011/00011_p4.mp4,00011_p4,00011,True
lrs3/ONXYcNS7k1Y/00009/fake_video_real_audio_p2.mp4,fake_video_real_audio_p2,00009,True
lrs3/ORBf73HiJns/00022/fake_video_fake_audio.mp4,fake_video_fake_audio,00022,True
lrs3/NVrpKRdtWwc/00010/fake_video_fake_audio_p2.mp4,fake_video_fake_audio_p2,00010,True
lrs3/1Hok1iGFNSk/00004/fake_video_fake_audio_p2.mp4,fake_video_fake_audio_p2,00004,True
lrs3/0YNeyBANrTI/00003/00003_p1.mp4,00003_p1,00003,True
lrs3/4xnVNvd8lBg/00008/00008_p2.mp4,00008_p2,00008,True
lrs3/NTbBuvcGnxM/00001/fake_video_real_audio_p1.mp4,fake_video_real_audio_p1,00001,True
lrs3/NPX5RwjNzl0/00003/00003.mp4,00003,00003,True
lrs3/O6cmKeRV3Z0/00004/00004_p3.mp4,00004_p3,00004,True
lrs3/O6cmKeRV3Z0/00003/fake_video_real_audio.mp4,fake_video_real_audio,00003,True
lrs3/Fb2J5eDoFko/00002/real_video_fake_audio.mp4,real_video_fake_audio,00002,True
lrs3/OT9poHSD2Iw/00006/fake_video_fake_audio.mp4,fake_video_fake_audio,00006,True
lrs3/NgbqXsA62Qs/00003/real_video_fake_audio_p3.mp4,real_video_fake_audio_p3,00003,True
lrs3/Fb2J5eDoFko/00003/fake_video_fake_audio_p1.mp4,fake_video_fake_audio_p1,00003,True
lrs3/ORBf73HiJns/00034/fake_video_fake_audio_p1.mp4,fake_video_fake_audio_p1,00034,True
lrs3/ORBf73HiJns/00027/00027_p4.mp4,00027_p4,00027,True
lrs3/ORBf73HiJns/00021/00021.mp4,00021,00021,True
lrs3/DkocjGrWwvc/00003/fake_video_real_audio.mp4,fake_video_real_audio,00003,True
lrs3/O6GimGZz6a8/00014/real.mp4,real,00014,True
lrs3/ORBf73HiJns/00034/real_video_fake_audio_p3.mp4,real_video_fake_audio_p3,00034,True
lrs3/NcPusGLnqAc/00001/00001_p4.mp4,00001_p4,00001,True
lrs3/NgbqXsA62Qs/00002/real_video_fake_audio_p1.mp4,real_video_fake_audio_p1,00002,True
lrs3/0OkOQhXhsIE/00009/fake_video_fake_audio_p1.mp4,fake_video_fake_audio_p1,00009,True
lrs3/NAcuH7nSdLc/00017/real_video_fake_audio_p1.mp4,real_video_fake_audio_p1,00017,True
lrs3/OKNpguWW3Sk/00002/00002_p1.mp4,00002_p1,00002,True
lrs3/NI0yARyFoIM/00009/real.mp4,real,00009,True
lrs3/NaoSp4NpkGg/00011/fake_video_real_audio.mp4,fake_video_real_audio,00011,True
lrs3/O6cmKeRV3Z0/00007/00007_p1.mp4,00007_p1,00007,True
lrs3/OT9poHSD2Iw/00007/fake_video_fake_audio_p1.mp4,fake_video_fake_audio_p1,00007,True
lrs3/OSGHRMKrVM8/00028/real_video_fake_audio.mp4,real_video_fake_audio,00028,True
lrs3/5nrn5fC001Q/00008/00008_p1.mp4,00008_p1,00008,True
lrs3/OSGHRMKrVM8/00002/00002_p4.mp4,00002_p4,00002,True
lrs3/OSz2v42F0E0/00018/real_video_fake_audio_p3.mp4,real_video_fake_audio_p3,00018,True
lrs3/Aoa20kFNYmY/00005/00005_p3.mp4,00005_p3,00005,True
lrs3/NgbqXsA62Qs/00002/00002_p1.mp4,00002_p1,00002,True
lrs3/O2OQxHNVLNY/00005/fake_video_fake_audio_p4.mp4,fake_video_fake_audio_p4,00005,True
lrs3/O2OQxHNVLNY/00003/00003.mp4,00003,00003,True
lrs3/OSGHRMKrVM8/00035/fake_video_fake_audio_p1.mp4,fake_video_fake_audio_p1,00035,True
lrs3/63tVsJI31Tk/00003/fake_video_fake_audio_p4.mp4,fake_video_fake_audio_p4,00003,True
lrs3/31ojbLK0vU4/00001/fake_video_real_audio_p3.mp4,fake_video_real_audio_p3,00001,True
lrs3/ORBf73HiJns/00008/fake_video_real_audio.mp4,fake_video_real_audio,00008,True
lrs3/5nrn5fC001Q/00001/fake_video_real_audio.mp4,fake_video_real_audio,00001,True
lrs3/5nrn5fC001Q/00002/real.mp4,real,00002,True
lrs3/ORBf73HiJns/00032/fake_video_fake_audio_p2.mp4,fake_video_fake_audio_p2,00032,True
lrs3/ORBf73HiJns/00029/fake_video_real_audio_p2.mp4,fake_video_real_audio_p2,00029,True
lrs3/NgbqXsA62Qs/00014/fake_video_fake_audio_p4.mp4,fake_video_fake_audio_p4,00014,True
lrs3/2iIIDwSJhAg/00001/fake_video_real_audio.mp4,fake_video_real_audio,00001,True
lrs3/OVSNSeFTaso/00002/real_video_fake_audio_p2.mp4,real_video_fake_audio_p2,00002,True
lrs3/NRO0SJXuFMY/00011/real_video_fake_audio_p1.mp4,real_video_fake_audio_p1,00011,True
lrs3/ORBf73HiJns/00033/00033_p4.mp4,00033_p4,00033,True
lrs3/ORzTct2yITk/00002/real_video_fake_audio_p1.mp4,real_video_fake_audio_p1,00002,True
lrs3/NgbqXsA62Qs/00009/real_video_fake_audio_p2.mp4,real_video_fake_audio_p2,00009,True
lrs3/ORBf73HiJns/00041/fake_video_fake_audio_p1.mp4,fake_video_fake_audio_p1,00041,True
lrs3/HqawqHB7nDM/00016/real_video_fake_audio_p4.mp4,real_video_fake_audio_p4,00016,True
lrs3/NPSelwWdPa0/00052/00052_p2.mp4,00052_p2,00052,True
lrs3/31ojbLK0vU4/00001/fake_video_fake_audio_p3.mp4,fake_video_fake_audio_p3,00001,True
lrs3/ORBf73HiJns/00029/fake_video_real_audio_p1.mp4,fake_video_real_audio_p1,00029,True
lrs3/NS4bBu9Jyho/00005/fake_video_real_audio_p3.mp4,fake_video_real_audio_p3,00005,True
lrs3/NAcuH7nSdLc/00010/fake_video_fake_audio_p3.mp4,fake_video_fake_audio_p3,00010,True
lrs3/86Hyq4bBpA0/00002/fake_video_real_audio_p4.mp4,fake_video_real_audio_p4,00002,True
lrs3/ORBf73HiJns/00004/fake_video_fake_audio_p2.mp4,fake_video_fake_audio_p2,00004,True
lrs3/NRO0SJXuFMY/00011/fake_video_fake_audio_p2.mp4,fake_video_fake_audio_p2,00011,True
lrs3/9RMaD0Sk7hc/00007/00007_p2.mp4,00007_p2,00007,True
lrs3/NgbqXsA62Qs/00004/00004_p3.mp4,00004_p3,00004,True
lrs3/OSGHRMKrVM8/00029/fake_video_fake_audio_p1.mp4,fake_video_fake_audio_p1,00029,True
lrs3/NAcuH7nSdLc/00034/00034_p3.mp4,00034_p3,00034,True
lrs3/FgSJcKSHUtQ/00006/fake_video_real_audio_p4.mp4,fake_video_real_audio_p4,00006,True
lrs3/ONXYcNS7k1Y/00029/real.mp4,real,00029,True
lrs3/0N1oA9LUEc4/00020/00020_p1.mp4,00020_p1,00020,True
lrs3/OT9poHSD2Iw/00006/00006_p2.mp4,00006_p2,00006,True
lrs3/NTbBuvcGnxM/00001/fake_video_fake_audio_p2.mp4,fake_video_fake_audio_p2,00001,True
lrs3/NS4bBu9Jyho/00008/real_video_fake_audio.mp4,real_video_fake_audio,00008,True
lrs3/O6GimGZz6a8/00023/00023_p4.mp4,00023_p4,00023,True
lrs3/OSz2v42F0E0/00007/00007_p2.mp4,00007_p2,00007,True
lrs3/0YNeyBANrTI/00002/00002_p2.mp4,00002_p2,00002,True
lrs3/53P0aypkpXY/00004/00004_p4.mp4,00004_p4,00004,True
lrs3/ORBf73HiJns/00030/fake_video_real_audio.mp4,fake_video_real_audio,00030,True
lrs3/56XQd6fcWu8/00003/00003_p3.mp4,00003_p3,00003,True
lrs3/NgbqXsA62Qs/00007/fake_video_real_audio_p2.mp4,fake_video_real_audio_p2,00007,True
lrs3/5nrn5fC001Q/00001/fake_video_real_audio_p2.mp4,fake_video_real_audio_p2,00001,True
lrs3/OSGHRMKrVM8/00041/fake_video_real_audio_p3.mp4,fake_video_real_audio_p3,00041,True
lrs3/NS4bBu9Jyho/00010/fake_video_fake_audio_p1.mp4,fake_video_fake_audio_p1,00010,True
lrs3/2iIIDwSJhAg/00001/fake_video_real_audio_p1.mp4,fake_video_real_audio_p1,00001,True
lrs3/MkRJG510CKo/00001/real.mp4,real,00001,True
lrs3/O6GimGZz6a8/00020/fake_video_fake_audio_p2.mp4,fake_video_fake_audio_p2,00020,True
lrs3/O6GimGZz6a8/00014/00014_p4.mp4,00014_p4,00014,True
lrs3/64SbHvDcgQQ/00001/00001_p1.mp4,00001_p1,00001,True
lrs3/86Hyq4bBpA0/00002/fake_video_real_audio_p2.mp4,fake_video_real_audio_p2,00002,True
lrs3/CyKmpyYy14k/00002/00002_p4.mp4,00002_p4,00002,True
lrs3/NTbBuvcGnxM/00018/real_video_fake_audio_p2.mp4,real_video_fake_audio_p2,00018,True
lrs3/D9Ihs241zeg/00002/fake_video_real_audio_p3.mp4,fake_video_real_audio_p3,00002,True
lrs3/NCPzjiSS2Oo/00004/00004_p2.mp4,00004_p2,00004,True
lrs3/OT9poHSD2Iw/00013/fake_video_real_audio_p2.mp4,fake_video_real_audio_p2,00013,True
lrs3/OSGHRMKrVM8/00036/real_video_fake_audio_p1.mp4,real_video_fake_audio_p1,00036,True
lrs3/C9CKRd2jScg/00005/00005_p4.mp4,00005_p4,00005,True
lrs3/0N1oA9LUEc4/00009/00009_p4.mp4,00009_p4,00009,True
lrs3/MkRJG510CKo/00002/fake_video_fake_audio.mp4,fake_video_fake_audio,00002,True
lrs3/NaoSp4NpkGg/00006/real_video_fake_audio.mp4,real_video_fake_audio,00006,True
lrs3/4xnVNvd8lBg/00006/fake_video_fake_audio_p1.mp4,fake_video_fake_audio_p1,00006,True
lrs3/NgbqXsA62Qs/00014/real_video_fake_audio_p1.mp4,real_video_fake_audio_p1,00014,True
lrs3/ORBf73HiJns/00038/real_video_fake_audio_p4.mp4,real_video_fake_audio_p4,00038,True
lrs3/NaoSp4NpkGg/00013/00013_p1.mp4,00013_p1,00013,True
lrs3/NaoSp4NpkGg/00002/fake_video_real_audio_p4.mp4,fake_video_real_audio_p4,00002,True
lrs3/NVrpKRdtWwc/00012/00012.mp4,00012,00012,True
lrs3/ORvwzoSf1Sc/00002/real_video_fake_audio.mp4,real_video_fake_audio,00002,True
lrs3/D9Ihs241zeg/00001/real_video_fake_audio.mp4,real_video_fake_audio,00001,True
lrs3/OT9poHSD2Iw/00005/fake_video_real_audio_p3.mp4,fake_video_real_audio_p3,00005,True
lrs3/2YPHJdq5QWM/00003/real.mp4,real,00003,True
lrs3/1Hok1iGFNSk/00004/fake_video_real_audio_p2.mp4,fake_video_real_audio_p2,00004,True
lrs3/9RMaD0Sk7hc/00004/00004_p4.mp4,00004_p4,00004,True
lrs3/OSz2v42F0E0/00011/00011_p4.mp4,00011_p4,00011,True
lrs3/0OkOQhXhsIE/00005/fake_video_fake_audio.mp4,fake_video_fake_audio,00005,True
lrs3/O6cmKeRV3Z0/00003/00003_p1.mp4,00003_p1,00003,True
lrs3/7SvPhw9hAHs/00001/fake_video_fake_audio_p4.mp4,fake_video_fake_audio_p4,00001,True
lrs3/NgbqXsA62Qs/00022/fake_video_fake_audio.mp4,fake_video_fake_audio,00022,True
lrs3/3p3Svl9VFYU/00005/00005_p1.mp4,00005_p1,00005,True
lrs3/ORBf73HiJns/00029/fake_video_fake_audio.mp4,fake_video_fake_audio,00029,True
lrs3/O6jrLgvCUNs/00015/00015_p3.mp4,00015_p3,00015,True
lrs3/NRO0SJXuFMY/00011/fake_video_real_audio_p2.mp4,fake_video_real_audio_p2,00011,True
lrs3/OSz2v42F0E0/00024/real_video_fake_audio_p4.mp4,real_video_fake_audio_p4,00024,True
lrs3/GHcCs4TPvYA/00004/00004_p4.mp4,00004_p4,00004,True
lrs3/28sa2zGgmwE/00018/00018_p2.mp4,00018_p2,00018,True
lrs3/KU0zEEDRKXo/00006/fake_video_real_audio_p3.mp4,fake_video_real_audio_p3,00006,True
lrs3/NaoSp4NpkGg/00001/00001_p1.mp4,00001_p1,00001,True
lrs3/MkRJG510CKo/00008/fake_video_real_audio_p2.mp4,fake_video_real_audio_p2,00008,True
lrs3/OT9poHSD2Iw/00016/00016.mp4,00016,00016,True
lrs3/OSGHRMKrVM8/00040/fake_video_fake_audio_p4.mp4,fake_video_fake_audio_p4,00040,True
lrs3/NaoSp4NpkGg/00003/real_video_fake_audio_p3.mp4,real_video_fake_audio_p3,00003,True
lrs3/OT9poHSD2Iw/00010/00010_p4.mp4,00010_p4,00010,True
lrs3/ONXYcNS7k1Y/00025/fake_video_fake_audio_p4.mp4,fake_video_fake_audio_p4,00025,True
lrs3/J5jwEyDaRS0/00004/real_video_fake_audio_p1.mp4,real_video_fake_audio_p1,00004,True
lrs3/NS4bBu9Jyho/00002/real_video_fake_audio_p1.mp4,real_video_fake_audio_p1,00002,True
lrs3/E66oIgegbv0/00004/00004_p1.mp4,00004_p1,00004,True
lrs3/OSGHRMKrVM8/00010/fake_video_fake_audio_p3.mp4,fake_video_fake_audio_p3,00010,True
lrs3/O4bGOvkkHcM/00005/00005_p1.mp4,00005_p1,00005,True
lrs3/ONXYcNS7k1Y/00001/00001_p3.mp4,00001_p3,00001,True
lrs3/ORBf73HiJns/00013/00013_p3.mp4,00013_p3,00013,True
lrs3/KU0zEEDRKXo/00006/fake_video_fake_audio_p1.mp4,fake_video_fake_audio_p1,00006,True
lrs3/Nvw0reB1gpI/00006/real_video_fake_audio_p2.mp4,real_video_fake_audio_p2,00006,True
lrs3/NhmybGS7FLA/00003/fake_video_fake_audio_p3.mp4,fake_video_fake_audio_p3,00003,True
lrs3/FgSJcKSHUtQ/00005/00005_p4.mp4,00005_p4,00005,True
lrs3/ORBf73HiJns/00016/00016_p1.mp4,00016_p1,00016,True
lrs3/MkRJG510CKo/00008/fake_video_fake_audio_p4.mp4,fake_video_fake_audio_p4,00008,True
lrs3/NaoSp4NpkGg/00011/00011_p2.mp4,00011_p2,00011,True
lrs3/NgbqXsA62Qs/00023/fake_video_real_audio_p4.mp4,fake_video_real_audio_p4,00023,True
lrs3/O6GimGZz6a8/00012/fake_video_fake_audio_p4.mp4,fake_video_fake_audio_p4,00012,True
lrs3/NgbqXsA62Qs/00022/fake_video_real_audio_p2.mp4,fake_video_real_audio_p2,00022,True
lrs3/O2OQxHNVLNY/00010/fake_video_fake_audio_p3.mp4,fake_video_fake_audio_p3,00010,True
lrs3/OSGHRMKrVM8/00012/fake_video_fake_audio_p4.mp4,fake_video_fake_audio_p4,00012,True
lrs3/ONXYcNS7k1Y/00025/fake_video_fake_audio_p2.mp4,fake_video_fake_audio_p2,00025,True
lrs3/ONXYcNS7k1Y/00024/fake_video_fake_audio_p2.mp4,fake_video_fake_audio_p2,00024,True
lrs3/ORBf73HiJns/00019/00019_p2.mp4,00019_p2,00019,True
lrs3/NTbBuvcGnxM/00009/fake_video_real_audio.mp4,fake_video_real_audio,00009,True
lrs3/ORBf73HiJns/00023/real_video_fake_audio_p4.mp4,real_video_fake_audio_p4,00023,True
lrs3/O4bGOvkkHcM/00007/real_video_fake_audio_p3.mp4,real_video_fake_audio_p3,00007,True
lrs3/FgSJcKSHUtQ/00006/real_video_fake_audio_p1.mp4,real_video_fake_audio_p1,00006,True
lrs3/0N1oA9LUEc4/00009/00009_p3.mp4,00009_p3,00009,True
lrs3/ORBf73HiJns/00016/00016.mp4,00016,00016,True
lrs3/NhmybGS7FLA/00007/00007.mp4,00007,00007,True
lrs3/NVrpKRdtWwc/00002/00002_p3.mp4,00002_p3,00002,True
lrs3/HrG8UZjL5E8/00004/real_video_fake_audio_p4.mp4,real_video_fake_audio_p4,00004,True
lrs3/OSz2v42F0E0/00018/fake_video_real_audio_p3.mp4,fake_video_real_audio_p3,00018,True
lrs3/64fDIZiVSSM/00003/00003_p4.mp4,00003_p4,00003,True
lrs3/ORBf73HiJns/00003/fake_video_real_audio_p2.mp4,fake_video_real_audio_p2,00003,True
lrs3/0OkOQhXhsIE/00008/00008_p2.mp4,00008_p2,00008,True
lrs3/4xnVNvd8lBg/00002/real_video_fake_audio_p1.mp4,real_video_fake_audio_p1,00002,True
lrs3/E66oIgegbv0/00003/00003_p1.mp4,00003_p1,00003,True
lrs3/OSz2v42F0E0/00004/00004_p3.mp4,00004_p3,00004,True
lrs3/ORBf73HiJns/00026/real_video_fake_audio_p4.mp4,real_video_fake_audio_p4,00026,True
lrs3/2YPHJdq5QWM/00003/fake_video_real_audio_p4.mp4,fake_video_real_audio_p4,00003,True
lrs3/Nvw0reB1gpI/00009/fake_video_fake_audio_p1.mp4,fake_video_fake_audio_p1,00009,True
lrs3/NRO0SJXuFMY/00004/00004_p3.mp4,00004_p3,00004,True
lrs3/GYcP2BR8EtY/00004/fake_video_fake_audio.mp4,fake_video_fake_audio,00004,True
lrs3/O4g60zB4Un4/00003/fake_video_fake_audio_p4.mp4,fake_video_fake_audio_p4,00003,True
lrs3/Nvw0reB1gpI/00005/fake_video_fake_audio_p3.mp4,fake_video_fake_audio_p3,00005,True
lrs3/KU0zEEDRKXo/00002/00002.mp4,00002,00002,True
lrs3/O6jrLgvCUNs/00011/00011_p3.mp4,00011_p3,00011,True
lrs3/O2OQxHNVLNY/00011/real.mp4,real,00011,True
lrs3/ORBf73HiJns/00035/fake_video_real_audio.mp4,fake_video_real_audio,00035,True
lrs3/0OkOQhXhsIE/00010/real_video_fake_audio_p3.mp4,real_video_fake_audio_p3,00010,True
lrs3/ORBf73HiJns/00010/fake_video_real_audio_p2.mp4,fake_video_real_audio_p2,00010,True
lrs3/O2OQxHNVLNY/00005/real.mp4,real,00005,True
lrs3/56XQd6fcWu8/00003/00003_p1.mp4,00003_p1,00003,True
lrs3/OSz2v42F0E0/00005/fake_video_real_audio.mp4,fake_video_real_audio,00005,True
lrs3/MkRJG510CKo/00008/real_video_fake_audio_p4.mp4,real_video_fake_audio_p4,00008,True
lrs3/ONXYcNS7k1Y/00029/00029_p2.mp4,00029_p2,00029,True
lrs3/O6jrLgvCUNs/00019/00019_p3.mp4,00019_p3,00019,True
lrs3/OSz2v42F0E0/00029/fake_video_real_audio_p2.mp4,fake_video_real_audio_p2,00029,True
lrs3/5zuBDgBdyug/00002/real.mp4,real,00002,True
lrs3/NaoSp4NpkGg/00013/real.mp4,real,00013,True
lrs3/OT9poHSD2Iw/00022/00022.mp4,00022,00022,True
lrs3/OT9poHSD2Iw/00004/00004_p1.mp4,00004_p1,00004,True
lrs3/NI0yARyFoIM/00004/00004_p4.mp4,00004_p4,00004,True
lrs3/OSz2v42F0E0/00014/00014_p3.mp4,00014_p3,00014,True
lrs3/NVrpKRdtWwc/00011/fake_video_fake_audio.mp4,fake_video_fake_audio,00011,True
lrs3/ONXYcNS7k1Y/00024/real.mp4,real,00024,True
lrs3/OSz2v42F0E0/00029/fake_video_real_audio_p1.mp4,fake_video_real_audio_p1,00029,True
lrs3/MkRJG510CKo/00007/fake_video_fake_audio_p3.mp4,fake_video_fake_audio_p3,00007,True
lrs3/O6GimGZz6a8/00017/fake_video_real_audio_p4.mp4,fake_video_real_audio_p4,00017,True
lrs3/NVrpKRdtWwc/00012/00012_p3.mp4,00012_p3,00012,True
lrs3/NgbqXsA62Qs/00002/real.mp4,real,00002,True
lrs3/NgbqXsA62Qs/00008/real_video_fake_audio_p1.mp4,real_video_fake_audio_p1,00008,True
lrs3/NgbqXsA62Qs/00004/00004_p4.mp4,00004_p4,00004,True
lrs3/9RMaD0Sk7hc/00004/fake_video_fake_audio_p1.mp4,fake_video_fake_audio_p1,00004,True
lrs3/F8pUtbSgrxc/00014/fake_video_fake_audio.mp4,fake_video_fake_audio,00014,True
lrs3/OT9poHSD2Iw/00005/fake_video_fake_audio.mp4,fake_video_fake_audio,00005,True
lrs3/ExcDNly1DbI/00005/real_video_fake_audio_p2.mp4,real_video_fake_audio_p2,00005,True
lrs3/D9Ihs241zeg/00018/00018_p3.mp4,00018_p3,00018,True
lrs3/OSGHRMKrVM8/00029/real_video_fake_audio.mp4,real_video_fake_audio,00029,True
lrs3/NS4bBu9Jyho/00002/real_video_fake_audio_p4.mp4,real_video_fake_audio_p4,00002,True
lrs3/ORvwzoSf1Sc/00011/00011_p1.mp4,00011_p1,00011,True
lrs3/ORBf73HiJns/00035/real_video_fake_audio_p1.mp4,real_video_fake_audio_p1,00035,True
lrs3/ORBf73HiJns/00034/fake_video_fake_audio_p4.mp4,fake_video_fake_audio_p4,00034,True
lrs3/GHcCs4TPvYA/00010/real_video_fake_audio_p2.mp4,real_video_fake_audio_p2,00010,True
lrs3/ONXYcNS7k1Y/00030/00030_p4.mp4,00030_p4,00030,True
lrs3/4qKAse8388k/00003/fake_video_real_audio_p3.mp4,fake_video_real_audio_p3,00003,True
lrs3/ExcDNly1DbI/00009/fake_video_real_audio_p4.mp4,fake_video_real_audio_p4,00009,True
lrs3/OSGHRMKrVM8/00040/fake_video_real_audio_p1.mp4,fake_video_real_audio_p1,00040,True
lrs3/OSGHRMKrVM8/00001/real.mp4,real,00001,True
lrs3/31ojbLK0vU4/00001/fake_video_real_audio_p2.mp4,fake_video_real_audio_p2,00001,True
lrs3/8ZKTWji7k5Y/00001/fake_video_real_audio_p3.mp4,fake_video_real_audio_p3,00001,True
lrs3/NTbBuvcGnxM/00001/fake_video_real_audio_p4.mp4,fake_video_real_audio_p4,00001,True
lrs3/Nvw0reB1gpI/00011/fake_video_real_audio.mp4,fake_video_real_audio,00011,True
lrs3/0OkOQhXhsIE/00005/real_video_fake_audio_p4.mp4,real_video_fake_audio_p4,00005,True
lrs3/9RMaD0Sk7hc/00003/00003_p2.mp4,00003_p2,00003,True
lrs3/86Hyq4bBpA0/00007/fake_video_real_audio.mp4,fake_video_real_audio,00007,True
lrs3/5nrn5fC001Q/00010/00010_p4.mp4,00010_p4,00010,True
lrs3/NRO0SJXuFMY/00012/00012_p4.mp4,00012_p4,00012,True
lrs3/53P0aypkpXY/00002/00002_p4.mp4,00002_p4,00002,True
lrs3/NAcuH7nSdLc/00017/real_video_fake_audio_p3.mp4,real_video_fake_audio_p3,00017,True
lrs3/LsSh5ZUfnz4/00003/00003_p1.mp4,00003_p1,00003,True
lrs3/ORBf73HiJns/00003/fake_video_real_audio_p3.mp4,fake_video_real_audio_p3,00003,True
lrs3/NCPzjiSS2Oo/00001/real_video_fake_audio.mp4,real_video_fake_audio,00001,True
lrs3/O6GimGZz6a8/00019/00019_p2.mp4,00019_p2,00019,True
lrs3/O2OQxHNVLNY/00005/fake_video_fake_audio_p2.mp4,fake_video_fake_audio_p2,00005,True
lrs3/53P0aypkpXY/00002/fake_video_fake_audio_p1.mp4,fake_video_fake_audio_p1,00002,True
lrs3/OSz2v42F0E0/00001/00001_p4.mp4,00001_p4,00001,True
lrs3/NaoSp4NpkGg/00002/real_video_fake_audio.mp4,real_video_fake_audio,00002,True
lrs3/D492MbAfBJc/00001/00001_p3.mp4,00001_p3,00001,True
lrs3/Fb2J5eDoFko/00003/real_video_fake_audio_p4.mp4,real_video_fake_audio_p4,00003,True
lrs3/C9kPFCw2u3M/00001/fake_video_fake_audio_p1.mp4,fake_video_fake_audio_p1,00001,True
lrs3/7SvPhw9hAHs/00001/fake_video_fake_audio.mp4,fake_video_fake_audio,00001,True
lrs3/ORBf73HiJns/00010/00010_p3.mp4,00010_p3,00010,True
lrs3/NPX5RwjNzl0/00004/real.mp4,real,00004,True
lrs3/NbpSibMSEiE/00005/00005_p4.mp4,00005_p4,00005,True
lrs3/5nrn5fC001Q/00001/00001_p4.mp4,00001_p4,00001,True
lrs3/OSz2v42F0E0/00004/real.mp4,real,00004,True
lrs3/O4bGOvkkHcM/00006/fake_video_real_audio_p3.mp4,fake_video_real_audio_p3,00006,True
lrs3/ExcDNly1DbI/00009/real_video_fake_audio_p4.mp4,real_video_fake_audio_p4,00009,True
lrs3/NVrpKRdtWwc/00006/00006_p3.mp4,00006_p3,00006,True
lrs3/OSz2v42F0E0/00023/00023_p2.mp4,00023_p2,00023,True
lrs3/7TXEZ4tP06c/00015/real_video_fake_audio_p4.mp4,real_video_fake_audio_p4,00015,True
lrs3/MkRJG510CKo/00005/00005_p4.mp4,00005_p4,00005,True
lrs3/NTbBuvcGnxM/00018/00018_p4.mp4,00018_p4,00018,True
lrs3/NaoSp4NpkGg/00002/fake_video_real_audio_p3.mp4,fake_video_real_audio_p3,00002,True
lrs3/NaoSp4NpkGg/00010/00010_p1.mp4,00010_p1,00010,True
lrs3/OSGHRMKrVM8/00001/fake_video_fake_audio_p4.mp4,fake_video_fake_audio_p4,00001,True
lrs3/NaoSp4NpkGg/00015/fake_video_real_audio_p4.mp4,fake_video_real_audio_p4,00015,True
lrs3/OT9poHSD2Iw/00011/00011_p3.mp4,00011_p3,00011,True
lrs3/63tVsJI31Tk/00003/00003_p4.mp4,00003_p4,00003,True
lrs3/NVrpKRdtWwc/00011/00011_p4.mp4,00011_p4,00011,True
lrs3/OSGHRMKrVM8/00004/real_video_fake_audio_p2.mp4,real_video_fake_audio_p2,00004,True
lrs3/OSGHRMKrVM8/00015/real_video_fake_audio.mp4,real_video_fake_audio,00015,True
lrs3/NgbqXsA62Qs/00012/fake_video_fake_audio_p4.mp4,fake_video_fake_audio_p4,00012,True
lrs3/O6GimGZz6a8/00025/00025_p1.mp4,00025_p1,00025,True
lrs3/OSz2v42F0E0/00027/fake_video_fake_audio_p1.mp4,fake_video_fake_audio_p1,00027,True
lrs3/OSz2v42F0E0/00018/00018_p4.mp4,00018_p4,00018,True
lrs3/O6jrLgvCUNs/00015/fake_video_real_audio_p3.mp4,fake_video_real_audio_p3,00015,True
lrs3/O6GimGZz6a8/00016/00016_p4.mp4,00016_p4,00016,True
lrs3/OT9poHSD2Iw/00016/00016_p1.mp4,00016_p1,00016,True
lrs3/O6GimGZz6a8/00009/00009_p4.mp4,00009_p4,00009,True
lrs3/0N1oA9LUEc4/00009/00009_p1.mp4,00009_p1,00009,True
lrs3/ORBf73HiJns/00031/real_video_fake_audio_p3.mp4,real_video_fake_audio_p3,00031,True
lrs3/Aoa20kFNYmY/00005/00005.mp4,00005,00005,True
lrs3/NgbqXsA62Qs/00010/fake_video_fake_audio_p1.mp4,fake_video_fake_audio_p1,00010,True
lrs3/OSGHRMKrVM8/00034/00034_p4.mp4,00034_p4,00034,True
lrs3/OSz2v42F0E0/00027/fake_video_real_audio.mp4,fake_video_real_audio,00027,True
lrs3/O6GimGZz6a8/00010/real_video_fake_audio_p4.mp4,real_video_fake_audio_p4,00010,True
lrs3/NaoSp4NpkGg/00007/real_video_fake_audio.mp4,real_video_fake_audio,00007,True
lrs3/OT9poHSD2Iw/00020/fake_video_real_audio_p1.mp4,fake_video_real_audio_p1,00020,True
lrs3/NTbBuvcGnxM/00014/00014_p3.mp4,00014_p3,00014,True
lrs3/4qKAse8388k/00003/fake_video_fake_audio_p4.mp4,fake_video_fake_audio_p4,00003,True
lrs3/OSGHRMKrVM8/00024/00024_p4.mp4,00024_p4,00024,True
lrs3/NcPusGLnqAc/00003/real.mp4,real,00003,True
lrs3/O6GimGZz6a8/00017/fake_video_fake_audio_p3.mp4,fake_video_fake_audio_p3,00017,True
lrs3/ORBf73HiJns/00029/fake_video_real_audio_p3.mp4,fake_video_real_audio_p3,00029,True
lrs3/OT9poHSD2Iw/00023/real_video_fake_audio.mp4,real_video_fake_audio,00023,True
lrs3/NVrpKRdtWwc/00002/fake_video_fake_audio_p2.mp4,fake_video_fake_audio_p2,00002,True
lrs3/CQ6by9cmt54/00009/real.mp4,real,00009,True
lrs3/OSGHRMKrVM8/00019/00019_p4.mp4,00019_p4,00019,True
lrs3/NcPusGLnqAc/00003/real_video_fake_audio_p3.mp4,real_video_fake_audio_p3,00003,True
lrs3/OSz2v42F0E0/00023/00023.mp4,00023,00023,True
lrs3/O6GimGZz6a8/00023/fake_video_fake_audio_p4.mp4,fake_video_fake_audio_p4,00023,True
lrs3/OSz2v42F0E0/00028/00028_p4.mp4,00028_p4,00028,True
lrs3/ORvwzoSf1Sc/00004/real_video_fake_audio_p1.mp4,real_video_fake_audio_p1,00004,True
lrs3/C9kPFCw2u3M/00001/fake_video_real_audio_p2.mp4,fake_video_real_audio_p2,00001,True
lrs3/NaoSp4NpkGg/00011/real_video_fake_audio.mp4,real_video_fake_audio,00011,True
lrs3/C9kPFCw2u3M/00003/real_video_fake_audio_p4.mp4,real_video_fake_audio_p4,00003,True
lrs3/5nrn5fC001Q/00009/00009_p1.mp4,00009_p1,00009,True
lrs3/2YPHJdq5QWM/00003/fake_video_fake_audio_p4.mp4,fake_video_fake_audio_p4,00003,True
lrs3/NRO0SJXuFMY/00013/00013_p2.mp4,00013_p2,00013,True
lrs3/D492MbAfBJc/00001/fake_video_fake_audio_p3.mp4,fake_video_fake_audio_p3,00001,True
lrs3/ORBf73HiJns/00029/real_video_fake_audio_p3.mp4,real_video_fake_audio_p3,00029,True
lrs3/ORBf73HiJns/00019/fake_video_fake_audio_p1.mp4,fake_video_fake_audio_p1,00019,True
lrs3/Aoa20kFNYmY/00002/00002_p3.mp4,00002_p3,00002,True
lrs3/NI0yARyFoIM/00009/real_video_fake_audio_p4.mp4,real_video_fake_audio_p4,00009,True
lrs3/NCPzjiSS2Oo/00001/fake_video_real_audio_p1.mp4,fake_video_real_audio_p1,00001,True
lrs3/OSz2v42F0E0/00028/fake_video_fake_audio_p2.mp4,fake_video_fake_audio_p2,00028,True
lrs3/NAcuH7nSdLc/00017/fake_video_fake_audio_p2.mp4,fake_video_fake_audio_p2,00017,True
lrs3/4qKAse8388k/00003/real_video_fake_audio_p4.mp4,real_video_fake_audio_p4,00003,True
lrs3/LsSh5ZUfnz4/00002/fake_video_fake_audio.mp4,fake_video_fake_audio,00002,True
lrs3/ORBf73HiJns/00019/real_video_fake_audio_p3.mp4,real_video_fake_audio_p3,00019,True
lrs3/2YPHJdq5QWM/00002/00002.mp4,00002,00002,True
lrs3/NVrpKRdtWwc/00011/real_video_fake_audio_p2.mp4,real_video_fake_audio_p2,00011,True
lrs3/NbpSibMSEiE/00007/00007_p1.mp4,00007_p1,00007,True
lrs3/ORBf73HiJns/00028/00028_p2.mp4,00028_p2,00028,True
lrs3/O6cmKeRV3Z0/00013/00013_p4.mp4,00013_p4,00013,True
lrs3/OSz2v42F0E0/00009/fake_video_fake_audio.mp4,fake_video_fake_audio,00009,True
lrs3/OVSNSeFTaso/00002/fake_video_fake_audio.mp4,fake_video_fake_audio,00002,True
lrs3/E66oIgegbv0/00002/00002_p1.mp4,00002_p1,00002,True
lrs3/7SvPhw9hAHs/00001/real_video_fake_audio_p2.mp4,real_video_fake_audio_p2,00001,True
lrs3/OT9poHSD2Iw/00003/00003_p3.mp4,00003_p3,00003,True
lrs3/O6cmKeRV3Z0/00002/fake_video_real_audio_p2.mp4,fake_video_real_audio_p2,00002,True
lrs3/Nvw0reB1gpI/00012/00012_p2.mp4,00012_p2,00012,True
lrs3/OSz2v42F0E0/00009/real.mp4,real,00009,True
lrs3/O2OQxHNVLNY/00002/00002.mp4,00002,00002,True
lrs3/Nvw0reB1gpI/00009/00009_p2.mp4,00009_p2,00009,True
lrs3/86Hyq4bBpA0/00007/real_video_fake_audio_p2.mp4,real_video_fake_audio_p2,00007,True
lrs3/OSGHRMKrVM8/00007/fake_video_fake_audio_p3.mp4,fake_video_fake_audio_p3,00007,True
lrs3/NS4bBu9Jyho/00002/fake_video_fake_audio.mp4,fake_video_fake_audio,00002,True
lrs3/NaoSp4NpkGg/00003/real_video_fake_audio.mp4,real_video_fake_audio,00003,True
lrs3/9yEl0SbCA9M/00016/00016_p3.mp4,00016_p3,00016,True
lrs3/MkRJG510CKo/00005/real_video_fake_audio_p3.mp4,real_video_fake_audio_p3,00005,True
lrs3/Fb2J5eDoFko/00002/fake_video_real_audio_p4.mp4,fake_video_real_audio_p4,00002,True
lrs3/OSGHRMKrVM8/00019/real_video_fake_audio_p4.mp4,real_video_fake_audio_p4,00019,True
lrs3/OSGHRMKrVM8/00028/real_video_fake_audio_p1.mp4,real_video_fake_audio_p1,00028,True
lrs3/8ZKTWji7k5Y/00001/fake_video_fake_audio_p3.mp4,fake_video_fake_audio_p3,00001,True
lrs3/0OkOQhXhsIE/00010/fake_video_fake_audio_p2.mp4,fake_video_fake_audio_p2,00010,True
lrs3/O4bGOvkkHcM/00005/00005_p2.mp4,00005_p2,00005,True
lrs3/NTbBuvcGnxM/00001/00001_p4.mp4,00001_p4,00001,True
lrs3/56XQd6fcWu8/00003/fake_video_fake_audio_p1.mp4,fake_video_fake_audio_p1,00003,True
lrs3/OT9poHSD2Iw/00020/fake_video_fake_audio_p1.mp4,fake_video_fake_audio_p1,00020,True
lrs3/NhmybGS7FLA/00011/fake_video_real_audio_p3.mp4,fake_video_real_audio_p3,00011,True
lrs3/ONXYcNS7k1Y/00029/real_video_fake_audio.mp4,real_video_fake_audio,00029,True
lrs3/4xnVNvd8lBg/00006/fake_video_real_audio_p2.mp4,fake_video_real_audio_p2,00006,True
lrs3/ExcDNly1DbI/00003/fake_video_fake_audio.mp4,fake_video_fake_audio,00003,True
lrs3/63tVsJI31Tk/00005/fake_video_fake_audio_p3.mp4,fake_video_fake_audio_p3,00005,True
lrs3/84QouBqCIWg/00006/00006_p4.mp4,00006_p4,00006,True
lrs3/63tVsJI31Tk/00003/fake_video_real_audio_p3.mp4,fake_video_real_audio_p3,00003,True
lrs3/ExcDNly1DbI/00003/real_video_fake_audio_p3.mp4,real_video_fake_audio_p3,00003,True
lrs3/NhmybGS7FLA/00001/00001_p2.mp4,00001_p2,00001,True
lrs3/ORvwzoSf1Sc/00003/real_video_fake_audio_p2.mp4,real_video_fake_audio_p2,00003,True
lrs3/NaoSp4NpkGg/00006/fake_video_real_audio_p2.mp4,fake_video_real_audio_p2,00006,True
lrs3/Nvw0reB1gpI/00008/real.mp4,real,00008,True
lrs3/5zuBDgBdyug/00001/fake_video_fake_audio_p3.mp4,fake_video_fake_audio_p3,00001,True
lrs3/OT9poHSD2Iw/00003/00003_p4.mp4,00003_p4,00003,True
lrs3/NI0yARyFoIM/00001/fake_video_fake_audio.mp4,fake_video_fake_audio,00001,True
lrs3/O6jrLgvCUNs/00019/00019.mp4,00019,00019,True
lrs3/53P0aypkpXY/00004/00004_p3.mp4,00004_p3,00004,True
lrs3/NAcuH7nSdLc/00034/00034_p4.mp4,00034_p4,00034,True
lrs3/ONXYcNS7k1Y/00029/fake_video_real_audio_p3.mp4,fake_video_real_audio_p3,00029,True
lrs3/OSGHRMKrVM8/00042/real_video_fake_audio_p1.mp4,real_video_fake_audio_p1,00042,True
lrs3/OSGHRMKrVM8/00001/fake_video_fake_audio_p2.mp4,fake_video_fake_audio_p2,00001,True
lrs3/OSz2v42F0E0/00015/fake_video_fake_audio_p3.mp4,fake_video_fake_audio_p3,00015,True
lrs3/ONXYcNS7k1Y/00004/00004_p3.mp4,00004_p3,00004,True
lrs3/NaoSp4NpkGg/00013/fake_video_fake_audio.mp4,fake_video_fake_audio,00013,True
lrs3/O2OQxHNVLNY/00009/real_video_fake_audio_p4.mp4,real_video_fake_audio_p4,00009,True
lrs3/OSGHRMKrVM8/00010/fake_video_fake_audio.mp4,fake_video_fake_audio,00010,True
lrs3/6MgDcFlTgVM/00003/00003_p1.mp4,00003_p1,00003,True
lrs3/OSz2v42F0E0/00010/real_video_fake_audio.mp4,real_video_fake_audio,00010,True
lrs3/Nvw0reB1gpI/00002/fake_video_real_audio_p4.mp4,fake_video_real_audio_p4,00002,True
lrs3/O6cmKeRV3Z0/00002/real.mp4,real,00002,True
lrs3/0OkOQhXhsIE/00005/real_video_fake_audio.mp4,real_video_fake_audio,00005,True
lrs3/NVrpKRdtWwc/00005/fake_video_fake_audio_p2.mp4,fake_video_fake_audio_p2,00005,True
lrs3/4xnVNvd8lBg/00001/00001_p4.mp4,00001_p4,00001,True
lrs3/53P0aypkpXY/00001/00001_p3.mp4,00001_p3,00001,True
lrs3/ORBf73HiJns/00010/fake_video_fake_audio_p3.mp4,fake_video_fake_audio_p3,00010,True
lrs3/ORBf73HiJns/00022/fake_video_real_audio_p2.mp4,fake_video_real_audio_p2,00022,True
lrs3/O2OQxHNVLNY/00005/real_video_fake_audio.mp4,real_video_fake_audio,00005,True
lrs3/O4bGOvkkHcM/00006/real_video_fake_audio_p1.mp4,real_video_fake_audio_p1,00006,True
lrs3/OSz2v42F0E0/00018/fake_video_real_audio.mp4,fake_video_real_audio,00018,True
lrs3/Nvw0reB1gpI/00005/fake_video_fake_audio_p1.mp4,fake_video_fake_audio_p1,00005,True
lrs3/NcPusGLnqAc/00011/real.mp4,real,00011,True
lrs3/ORBf73HiJns/00012/fake_video_real_audio_p3.mp4,fake_video_real_audio_p3,00012,True
lrs3/OSz2v42F0E0/00032/fake_video_real_audio_p3.mp4,fake_video_real_audio_p3,00032,True
lrs3/64fDIZiVSSM/00006/fake_video_real_audio_p2.mp4,fake_video_real_audio_p2,00006,True
lrs3/NCPzjiSS2Oo/00002/real_video_fake_audio_p3.mp4,real_video_fake_audio_p3,00002,True
lrs3/ORBf73HiJns/00031/fake_video_real_audio_p3.mp4,fake_video_real_audio_p3,00031,True
lrs3/Nvw0reB1gpI/00008/fake_video_fake_audio.mp4,fake_video_fake_audio,00008,True
lrs3/ONXYcNS7k1Y/00030/fake_video_fake_audio_p2.mp4,fake_video_fake_audio_p2,00030,True
lrs3/NhmybGS7FLA/00017/00017_p4.mp4,00017_p4,00017,True
lrs3/ORBf73HiJns/00012/fake_video_real_audio_p1.mp4,fake_video_real_audio_p1,00012,True
lrs3/9RMaD0Sk7hc/00001/00001_p4.mp4,00001_p4,00001,True
lrs3/Nvw0reB1gpI/00006/fake_video_fake_audio_p1.mp4,fake_video_fake_audio_p1,00006,True
lrs3/OSz2v42F0E0/00030/00030_p2.mp4,00030_p2,00030,True
lrs3/NTbBuvcGnxM/00001/real_video_fake_audio_p3.mp4,real_video_fake_audio_p3,00001,True
lrs3/OT9poHSD2Iw/00011/fake_video_real_audio_p3.mp4,fake_video_real_audio_p3,00011,True
lrs3/86Hyq4bBpA0/00007/fake_video_fake_audio.mp4,fake_video_fake_audio,00007,True
lrs3/0YNeyBANrTI/00001/real_video_fake_audio_p1.mp4,real_video_fake_audio_p1,00001,True
lrs3/NS4bBu9Jyho/00008/fake_video_fake_audio_p2.mp4,fake_video_fake_audio_p2,00008,True
lrs3/NCPzjiSS2Oo/00002/real_video_fake_audio_p4.mp4,real_video_fake_audio_p4,00002,True
lrs3/ORBf73HiJns/00002/fake_video_real_audio_p3.mp4,fake_video_real_audio_p3,00002,True
lrs3/O4bGOvkkHcM/00007/00007_p2.mp4,00007_p2,00007,True
lrs3/O4g60zB4Un4/00003/real_video_fake_audio.mp4,real_video_fake_audio,00003,True
lrs3/NVrpKRdtWwc/00002/fake_video_real_audio_p4.mp4,fake_video_real_audio_p4,00002,True
lrs3/LsSh5ZUfnz4/00002/fake_video_real_audio_p2.mp4,fake_video_real_audio_p2,00002,True
lrs3/MkRJG510CKo/00002/fake_video_real_audio_p1.mp4,fake_video_real_audio_p1,00002,True
lrs3/OSGHRMKrVM8/00041/fake_video_real_audio.mp4,fake_video_real_audio,00041,True
lrs3/4qKAse8388k/00003/00003_p1.mp4,00003_p1,00003,True
lrs3/ONXYcNS7k1Y/00011/00011_p2.mp4,00011_p2,00011,True
lrs3/O6GimGZz6a8/00003/fake_video_real_audio_p1.mp4,fake_video_real_audio_p1,00003,True
lrs3/ORBf73HiJns/00015/00015_p1.mp4,00015_p1,00015,True
lrs3/ONXYcNS7k1Y/00026/real_video_fake_audio_p3.mp4,real_video_fake_audio_p3,00026,True
lrs3/Fb2J5eDoFko/00001/real_video_fake_audio.mp4,real_video_fake_audio,00001,True
lrs3/NPX5RwjNzl0/00005/fake_video_fake_audio.mp4,fake_video_fake_audio,00005,True
lrs3/OSz2v42F0E0/00028/fake_video_fake_audio_p4.mp4,fake_video_fake_audio_p4,00028,True
lrs3/NgbqXsA62Qs/00008/real_video_fake_audio_p2.mp4,real_video_fake_audio_p2,00008,True
lrs3/ORBf73HiJns/00004/fake_video_real_audio_p2.mp4,fake_video_real_audio_p2,00004,True
lrs3/ORBf73HiJns/00030/fake_video_fake_audio.mp4,fake_video_fake_audio,00030,True
lrs3/OT9poHSD2Iw/00020/00020_p3.mp4,00020_p3,00020,True
lrs3/ONXYcNS7k1Y/00018/real.mp4,real,00018,True
lrs3/OSz2v42F0E0/00032/00032_p4.mp4,00032_p4,00032,True
lrs3/NHopJHSlVo4/00001/fake_video_fake_audio.mp4,fake_video_fake_audio,00001,True
lrs3/ORBf73HiJns/00023/fake_video_fake_audio_p2.mp4,fake_video_fake_audio_p2,00023,True
lrs3/OT9poHSD2Iw/00007/fake_video_real_audio_p1.mp4,fake_video_real_audio_p1,00007,True
lrs3/63tVsJI31Tk/00003/real_video_fake_audio_p1.mp4,real_video_fake_audio_p1,00003,True
lrs3/53P0aypkpXY/00006/00006_p1.mp4,00006_p1,00006,True
lrs3/ONXYcNS7k1Y/00031/real_video_fake_audio_p2.mp4,real_video_fake_audio_p2,00031,True
lrs3/NgbqXsA62Qs/00019/00019_p1.mp4,00019_p1,00019,True
lrs3/NhmybGS7FLA/00016/00016.mp4,00016,00016,True
lrs3/NcPusGLnqAc/00007/real.mp4,real,00007,True
lrs3/ORBf73HiJns/00023/fake_video_fake_audio.mp4,fake_video_fake_audio,00023,True
lrs3/ORBf73HiJns/00008/00008_p2.mp4,00008_p2,00008,True
lrs3/OT9poHSD2Iw/00023/real.mp4,real,00023,True
lrs3/OSGHRMKrVM8/00015/fake_video_real_audio_p4.mp4,fake_video_real_audio_p4,00015,True
lrs3/NgbqXsA62Qs/00020/fake_video_real_audio_p4.mp4,fake_video_real_audio_p4,00020,True
lrs3/NU82HhqhEHM/00002/00002_p4.mp4,00002_p4,00002,True
lrs3/OKNpguWW3Sk/00002/00002_p4.mp4,00002_p4,00002,True
lrs3/NhmybGS7FLA/00017/00017_p1.mp4,00017_p1,00017,True
lrs3/OT9poHSD2Iw/00011/real_video_fake_audio_p4.mp4,real_video_fake_audio_p4,00011,True
lrs3/NVrpKRdtWwc/00013/00013_p4.mp4,00013_p4,00013,True
lrs3/J5jwEyDaRS0/00008/00008_p4.mp4,00008_p4,00008,True
lrs3/OT9poHSD2Iw/00006/fake_video_fake_audio_p1.mp4,fake_video_fake_audio_p1,00006,True
lrs3/9RMaD0Sk7hc/00003/fake_video_fake_audio_p4.mp4,fake_video_fake_audio_p4,00003,True
lrs3/OSGHRMKrVM8/00011/fake_video_real_audio_p4.mp4,fake_video_real_audio_p4,00011,True
lrs3/E66oIgegbv0/00001/00001_p2.mp4,00001_p2,00001,True
lrs3/NaoSp4NpkGg/00011/fake_video_fake_audio_p3.mp4,fake_video_fake_audio_p3,00011,True
lrs3/OSz2v42F0E0/00014/fake_video_fake_audio_p2.mp4,fake_video_fake_audio_p2,00014,True
lrs3/0YNeyBANrTI/00003/fake_video_real_audio_p3.mp4,fake_video_real_audio_p3,00003,True
lrs3/NTbBuvcGnxM/00004/real.mp4,real,00004,True
lrs3/FgSJcKSHUtQ/00008/00008_p4.mp4,00008_p4,00008,True
lrs3/ORBf73HiJns/00041/00041_p4.mp4,00041_p4,00041,True
lrs3/NAcuH7nSdLc/00017/fake_video_fake_audio_p3.mp4,fake_video_fake_audio_p3,00017,True
lrs3/ONXYcNS7k1Y/00011/00011.mp4,00011,00011,True
lrs3/NRO0SJXuFMY/00001/fake_video_fake_audio_p3.mp4,fake_video_fake_audio_p3,00001,True
lrs3/O6GimGZz6a8/00022/real_video_fake_audio_p3.mp4,real_video_fake_audio_p3,00022,True
lrs3/NaoSp4NpkGg/00016/fake_video_real_audio_p3.mp4,fake_video_real_audio_p3,00016,True
lrs3/NRO0SJXuFMY/00003/00003_p1.mp4,00003_p1,00003,True
lrs3/NaoSp4NpkGg/00014/00014_p2.mp4,00014_p2,00014,True
lrs3/OT9poHSD2Iw/00025/fake_video_real_audio_p2.mp4,fake_video_real_audio_p2,00025,True
lrs3/NhmybGS7FLA/00003/00003_p4.mp4,00003_p4,00003,True
lrs3/ORBf73HiJns/00013/00013_p2.mp4,00013_p2,00013,True
lrs3/NHopJHSlVo4/00001/real_video_fake_audio_p2.mp4,real_video_fake_audio_p2,00001,True
lrs3/ORBf73HiJns/00016/00016_p3.mp4,00016_p3,00016,True
lrs3/NVrpKRdtWwc/00005/real_video_fake_audio_p1.mp4,real_video_fake_audio_p1,00005,True
lrs3/0OkOQhXhsIE/00003/00003_p4.mp4,00003_p4,00003,True
lrs3/ORBf73HiJns/00030/00030_p3.mp4,00030_p3,00030,True
lrs3/NhmybGS7FLA/00004/00004.mp4,00004,00004,True
lrs3/OSz2v42F0E0/00032/real_video_fake_audio.mp4,real_video_fake_audio,00032,True
lrs3/OT9poHSD2Iw/00013/fake_video_fake_audio_p4.mp4,fake_video_fake_audio_p4,00013,True
lrs3/ORvwzoSf1Sc/00008/real_video_fake_audio_p3.mp4,real_video_fake_audio_p3,00008,True
lrs3/Aoa20kFNYmY/00002/00002.mp4,00002,00002,True
lrs3/NI0yARyFoIM/00001/fake_video_real_audio_p3.mp4,fake_video_real_audio_p3,00001,True
lrs3/KjKBOo5tFX8/00002/00002.mp4,00002,00002,True
lrs3/O6GimGZz6a8/00017/real_video_fake_audio_p4.mp4,real_video_fake_audio_p4,00017,True
lrs3/Nvw0reB1gpI/00004/00004_p4.mp4,00004_p4,00004,True
lrs3/NgbqXsA62Qs/00010/real_video_fake_audio_p4.mp4,real_video_fake_audio_p4,00010,True
lrs3/NU82HhqhEHM/00002/real.mp4,real,00002,True
lrs3/ONXYcNS7k1Y/00009/00009_p2.mp4,00009_p2,00009,True
lrs3/NTbBuvcGnxM/00001/real.mp4,real,00001,True
lrs3/ARWBdfWpDyc/00003/00003_p3.mp4,00003_p3,00003,True
lrs3/MkRJG510CKo/00008/00008_p2.mp4,00008_p2,00008,True
lrs3/Fb2J5eDoFko/00003/real.mp4,real,00003,True
lrs3/NS4bBu9Jyho/00002/00002_p1.mp4,00002_p1,00002,True
lrs3/F5yvoSu2OV0/00003/00003_p4.mp4,00003_p4,00003,True
lrs3/0OkOQhXhsIE/00009/real_video_fake_audio_p2.mp4,real_video_fake_audio_p2,00009,True
lrs3/NS4bBu9Jyho/00005/00005_p4.mp4,00005_p4,00005,True
lrs3/OSz2v42F0E0/00027/real_video_fake_audio_p3.mp4,real_video_fake_audio_p3,00027,True
lrs3/ORBf73HiJns/00014/real_video_fake_audio_p1.mp4,real_video_fake_audio_p1,00014,True
lrs3/ONXYcNS7k1Y/00026/00026_p2.mp4,00026_p2,00026,True
lrs3/63tVsJI31Tk/00004/fake_video_fake_audio_p1.mp4,fake_video_fake_audio_p1,00004,True
lrs3/ONXYcNS7k1Y/00026/fake_video_real_audio_p4.mp4,fake_video_real_audio_p4,00026,True
lrs3/ORBf73HiJns/00010/fake_video_fake_audio_p4.mp4,fake_video_fake_audio_p4,00010,True
lrs3/NhmybGS7FLA/00009/00009_p1.mp4,00009_p1,00009,True
lrs3/NHopJHSlVo4/00002/fake_video_fake_audio_p2.mp4,fake_video_fake_audio_p2,00002,True
lrs3/8uOIa3AgSWY/00001/real_video_fake_audio_p2.mp4,real_video_fake_audio_p2,00001,True
lrs3/MkRJG510CKo/00007/fake_video_real_audio_p1.mp4,fake_video_real_audio_p1,00007,True
lrs3/OSGHRMKrVM8/00029/fake_video_fake_audio_p2.mp4,fake_video_fake_audio_p2,00029,True
lrs3/ONXYcNS7k1Y/00025/fake_video_fake_audio_p1.mp4,fake_video_fake_audio_p1,00025,True
lrs3/OSz2v42F0E0/00009/real_video_fake_audio.mp4,real_video_fake_audio,00009,True
lrs3/56XQd6fcWu8/00003/real_video_fake_audio.mp4,real_video_fake_audio,00003,True
lrs3/OSz2v42F0E0/00025/fake_video_real_audio.mp4,fake_video_real_audio,00025,True
lrs3/NU82HhqhEHM/00005/00005_p2.mp4,00005_p2,00005,True
lrs3/NgbqXsA62Qs/00010/fake_video_fake_audio_p3.mp4,fake_video_fake_audio_p3,00010,True
lrs3/NPX5RwjNzl0/00006/real_video_fake_audio_p4.mp4,real_video_fake_audio_p4,00006,True
lrs3/OSz2v42F0E0/00007/00007.mp4,00007,00007,True
lrs3/NgbqXsA62Qs/00023/00023_p1.mp4,00023_p1,00023,True
lrs3/NRO0SJXuFMY/00009/00009_p4.mp4,00009_p4,00009,True
lrs3/OKNpguWW3Sk/00008/real.mp4,real,00008,True
lrs3/OSz2v42F0E0/00004/fake_video_fake_audio.mp4,fake_video_fake_audio,00004,True
lrs3/O6GimGZz6a8/00023/fake_video_fake_audio_p3.mp4,fake_video_fake_audio_p3,00023,True
lrs3/53P0aypkpXY/00002/fake_video_fake_audio.mp4,fake_video_fake_audio,00002,True
lrs3/NPX5RwjNzl0/00006/00006_p4.mp4,00006_p4,00006,True
lrs3/KU0zEEDRKXo/00004/00004_p4.mp4,00004_p4,00004,True
lrs3/NS4bBu9Jyho/00004/fake_video_real_audio_p4.mp4,fake_video_real_audio_p4,00004,True
lrs3/ORBf73HiJns/00029/00029_p3.mp4,00029_p3,00029,True
lrs3/ORBf73HiJns/00038/00038_p3.mp4,00038_p3,00038,True
lrs3/Myp1sZBxTR8/00005/00005_p1.mp4,00005_p1,00005,True
lrs3/0OkOQhXhsIE/00009/00009_p3.mp4,00009_p3,00009,True
lrs3/5nrn5fC001Q/00012/00012_p4.mp4,00012_p4,00012,True
lrs3/OSGHRMKrVM8/00027/fake_video_real_audio_p4.mp4,fake_video_real_audio_p4,00027,True
lrs3/O6GimGZz6a8/00025/real_video_fake_audio_p2.mp4,real_video_fake_audio_p2,00025,True
lrs3/ORBf73HiJns/00035/fake_video_real_audio_p1.mp4,fake_video_real_audio_p1,00035,True
lrs3/NS4bBu9Jyho/00002/fake_video_fake_audio_p2.mp4,fake_video_fake_audio_p2,00002,True
lrs3/84QouBqCIWg/00006/00006.mp4,00006,00006,True
lrs3/ORBf73HiJns/00034/00034_p4.mp4,00034_p4,00034,True
lrs3/NbpSibMSEiE/00008/fake_video_fake_audio_p3.mp4,fake_video_fake_audio_p3,00008,True
lrs3/NgbqXsA62Qs/00018/00018_p2.mp4,00018_p2,00018,True
lrs3/O6GimGZz6a8/00024/00024_p1.mp4,00024_p1,00024,True
lrs3/ARWBdfWpDyc/00004/fake_video_real_audio_p1.mp4,fake_video_real_audio_p1,00004,True
lrs3/O2OQxHNVLNY/00011/fake_video_fake_audio_p4.mp4,fake_video_fake_audio_p4,00011,True
lrs3/OSGHRMKrVM8/00004/00004_p4.mp4,00004_p4,00004,True
lrs3/DkocjGrWwvc/00004/fake_video_real_audio_p4.mp4,fake_video_real_audio_p4,00004,True
lrs3/NVrpKRdtWwc/00001/real.mp4,real,00001,True
lrs3/O6GimGZz6a8/00025/fake_video_fake_audio_p1.mp4,fake_video_fake_audio_p1,00025,True
lrs3/4qKAse8388k/00003/00003_p2.mp4,00003_p2,00003,True
lrs3/4xnVNvd8lBg/00002/real_video_fake_audio_p2.mp4,real_video_fake_audio_p2,00002,True
lrs3/56XQd6fcWu8/00001/00001_p4.mp4,00001_p4,00001,True
lrs3/4qKAse8388k/00001/00001_p4.mp4,00001_p4,00001,True
lrs3/Fb2J5eDoFko/00002/real_video_fake_audio_p4.mp4,real_video_fake_audio_p4,00002,True
lrs3/ONXYcNS7k1Y/00025/fake_video_real_audio_p4.mp4,fake_video_real_audio_p4,00025,True
lrs3/NgbqXsA62Qs/00003/fake_video_fake_audio.mp4,fake_video_fake_audio,00003,True
lrs3/OT9poHSD2Iw/00001/00001.mp4,00001,00001,True
lrs3/86Hyq4bBpA0/00008/real_video_fake_audio.mp4,real_video_fake_audio,00008,True
lrs3/Cu3ILSqFJJQ/00001/00001_p4.mp4,00001_p4,00001,True
lrs3/Nvw0reB1gpI/00005/00005_p3.mp4,00005_p3,00005,True
lrs3/ARWBdfWpDyc/00005/00005_p4.mp4,00005_p4,00005,True
lrs3/LsSh5ZUfnz4/00001/00001.mp4,00001,00001,True
lrs3/0OkOQhXhsIE/00002/00002_p4.mp4,00002_p4,00002,True
lrs3/NgbqXsA62Qs/00010/fake_video_fake_audio_p2.mp4,fake_video_fake_audio_p2,00010,True
lrs3/OT9poHSD2Iw/00023/fake_video_fake_audio_p3.mp4,fake_video_fake_audio_p3,00023,True
lrs3/NPX5RwjNzl0/00006/real_video_fake_audio_p1.mp4,real_video_fake_audio_p1,00006,True
lrs3/ORBf73HiJns/00030/real_video_fake_audio_p4.mp4,real_video_fake_audio_p4,00030,True
lrs3/ONXYcNS7k1Y/00019/00019_p3.mp4,00019_p3,00019,True
lrs3/NCPzjiSS2Oo/00001/00001_p4.mp4,00001_p4,00001,True
lrs3/7TXEZ4tP06c/00015/fake_video_fake_audio_p1.mp4,fake_video_fake_audio_p1,00015,True
lrs3/C9CKRd2jScg/00002/00002_p1.mp4,00002_p1,00002,True
lrs3/ORzTct2yITk/00002/fake_video_real_audio_p4.mp4,fake_video_real_audio_p4,00002,True
lrs3/NU82HhqhEHM/00008/fake_video_fake_audio_p1.mp4,fake_video_fake_audio_p1,00008,True
lrs3/GYcP2BR8EtY/00003/fake_video_real_audio_p1.mp4,fake_video_real_audio_p1,00003,True
lrs3/Myp1sZBxTR8/00005/fake_video_fake_audio_p2.mp4,fake_video_fake_audio_p2,00005,True
lrs3/NaoSp4NpkGg/00013/real_video_fake_audio_p3.mp4,real_video_fake_audio_p3,00013,True
lrs3/0OkOQhXhsIE/00010/fake_video_fake_audio_p1.mp4,fake_video_fake_audio_p1,00010,True
lrs3/OSz2v42F0E0/00020/fake_video_fake_audio.mp4,fake_video_fake_audio,00020,True
lrs3/NU82HhqhEHM/00002/fake_video_real_audio_p1.mp4,fake_video_real_audio_p1,00002,True
lrs3/OSz2v42F0E0/00019/00019_p3.mp4,00019_p3,00019,True
lrs3/NcPusGLnqAc/00009/fake_video_fake_audio_p2.mp4,fake_video_fake_audio_p2,00009,True
lrs3/ORBf73HiJns/00001/real_video_fake_audio_p1.mp4,real_video_fake_audio_p1,00001,True
lrs3/CBphxhTY8mc/00001/fake_video_real_audio_p3.mp4,fake_video_real_audio_p3,00001,True
lrs3/NI0yARyFoIM/00001/real_video_fake_audio_p4.mp4,real_video_fake_audio_p4,00001,True
lrs3/NI0yARyFoIM/00009/real_video_fake_audio_p1.mp4,real_video_fake_audio_p1,00009,True
lrs3/NTbBuvcGnxM/00001/real_video_fake_audio_p1.mp4,real_video_fake_audio_p1,00001,True
lrs3/OSGHRMKrVM8/00040/real_video_fake_audio_p4.mp4,real_video_fake_audio_p4,00040,True
lrs3/NU82HhqhEHM/00002/fake_video_real_audio_p4.mp4,fake_video_real_audio_p4,00002,True
lrs3/O6GimGZz6a8/00014/real_video_fake_audio_p2.mp4,real_video_fake_audio_p2,00014,True
lrs3/O6cmKeRV3Z0/00003/00003_p3.mp4,00003_p3,00003,True
lrs3/63tVsJI31Tk/00005/real_video_fake_audio_p2.mp4,real_video_fake_audio_p2,00005,True
lrs3/4xnVNvd8lBg/00001/00001_p3.mp4,00001_p3,00001,True
lrs3/ONXYcNS7k1Y/00030/00030_p3.mp4,00030_p3,00030,True
lrs3/OVSNSeFTaso/00002/fake_video_fake_audio_p3.mp4,fake_video_fake_audio_p3,00002,True
lrs3/ONXYcNS7k1Y/00013/fake_video_fake_audio_p1.mp4,fake_video_fake_audio_p1,00013,True
lrs3/O6GimGZz6a8/00023/fake_video_real_audio_p3.mp4,fake_video_real_audio_p3,00023,True
lrs3/NPX5RwjNzl0/00004/real_video_fake_audio_p4.mp4,real_video_fake_audio_p4,00004,True
lrs3/OSz2v42F0E0/00004/fake_video_real_audio_p3.mp4,fake_video_real_audio_p3,00004,True
lrs3/63tVsJI31Tk/00003/fake_video_real_audio_p2.mp4,fake_video_real_audio_p2,00003,True
lrs3/56XQd6fcWu8/00003/fake_video_real_audio.mp4,fake_video_real_audio,00003,True
lrs3/NVrpKRdtWwc/00005/fake_video_real_audio_p3.mp4,fake_video_real_audio_p3,00005,True
lrs3/NgbqXsA62Qs/00015/00015_p4.mp4,00015_p4,00015,True
lrs3/ORBf73HiJns/00012/fake_video_fake_audio_p3.mp4,fake_video_fake_audio_p3,00012,True
lrs3/NU82HhqhEHM/00008/fake_video_real_audio_p3.mp4,fake_video_real_audio_p3,00008,True
lrs3/NgbqXsA62Qs/00020/real_video_fake_audio_p1.mp4,real_video_fake_audio_p1,00020,True
lrs3/86Hyq4bBpA0/00008/real_video_fake_audio_p3.mp4,real_video_fake_audio_p3,00008,True
lrs3/HrG8UZjL5E8/00007/fake_video_real_audio.mp4,fake_video_real_audio,00007,True
lrs3/F5yvoSu2OV0/00002/00002.mp4,00002,00002,True
lrs3/86Hyq4bBpA0/00002/real_video_fake_audio_p4.mp4,real_video_fake_audio_p4,00002,True
lrs3/OT9poHSD2Iw/00025/00025_p1.mp4,00025_p1,00025,True
lrs3/5nrn5fC001Q/00010/00010_p3.mp4,00010_p3,00010,True
lrs3/ARWBdfWpDyc/00006/fake_video_real_audio_p4.mp4,fake_video_real_audio_p4,00006,True
lrs3/NaoSp4NpkGg/00007/fake_video_real_audio_p4.mp4,fake_video_real_audio_p4,00007,True
lrs3/NgbqXsA62Qs/00007/fake_video_fake_audio_p3.mp4,fake_video_fake_audio_p3,00007,True
lrs3/6MgDcFlTgVM/00005/00005_p1.mp4,00005_p1,00005,True
lrs3/MkRJG510CKo/00002/fake_video_fake_audio_p2.mp4,fake_video_fake_audio_p2,00002,True
lrs3/LlJJRGPfqwA/00001/00001_p1.mp4,00001_p1,00001,True
lrs3/Nvw0reB1gpI/00006/real_video_fake_audio_p1.mp4,real_video_fake_audio_p1,00006,True
lrs3/OSGHRMKrVM8/00034/real_video_fake_audio_p1.mp4,real_video_fake_audio_p1,00034,True
lrs3/0OkOQhXhsIE/00011/00011.mp4,00011,00011,True
lrs3/OSz2v42F0E0/00013/00013.mp4,00013,00013,True
lrs3/ORBf73HiJns/00029/real_video_fake_audio_p4.mp4,real_video_fake_audio_p4,00029,True
lrs3/ORBf73HiJns/00027/real_video_fake_audio_p3.mp4,real_video_fake_audio_p3,00027,True
lrs3/ORBf73HiJns/00025/00025_p2.mp4,00025_p2,00025,True
lrs3/MbhNaj88uL4/00001/00001_p3.mp4,00001_p3,00001,True
lrs3/7TXEZ4tP06c/00015/real.mp4,real,00015,True
lrs3/NS4bBu9Jyho/00003/00003_p4.mp4,00003_p4,00003,True
lrs3/0YNeyBANrTI/00001/fake_video_real_audio.mp4,fake_video_real_audio,00001,True
lrs3/O2OQxHNVLNY/00008/00008_p4.mp4,00008_p4,00008,True
lrs3/OSz2v42F0E0/00020/fake_video_real_audio_p2.mp4,fake_video_real_audio_p2,00020,True
lrs3/0N1oA9LUEc4/00020/00020.mp4,00020,00020,True
lrs3/Nvw0reB1gpI/00006/real.mp4,real,00006,True
lrs3/Fb2J5eDoFko/00011/00011_p4.mp4,00011_p4,00011,True
lrs3/NgbqXsA62Qs/00003/fake_video_real_audio.mp4,fake_video_real_audio,00003,True
lrs3/8uOIa3AgSWY/00001/fake_video_real_audio.mp4,fake_video_real_audio,00001,True
lrs3/Fb2J5eDoFko/00011/00011.mp4,00011,00011,True
lrs3/NU82HhqhEHM/00005/00005_p3.mp4,00005_p3,00005,True
lrs3/NRO0SJXuFMY/00007/fake_video_real_audio_p4.mp4,fake_video_real_audio_p4,00007,True
lrs3/MkRJG510CKo/00001/real_video_fake_audio_p2.mp4,real_video_fake_audio_p2,00001,True
lrs3/NU82HhqhEHM/00008/fake_video_real_audio_p4.mp4,fake_video_real_audio_p4,00008,True
lrs3/J5jwEyDaRS0/00004/fake_video_fake_audio_p3.mp4,fake_video_fake_audio_p3,00004,True
lrs3/Aoa20kFNYmY/00003/00003_p1.mp4,00003_p1,00003,True
lrs3/OSGHRMKrVM8/00027/real_video_fake_audio_p2.mp4,real_video_fake_audio_p2,00027,True
lrs3/NHopJHSlVo4/00004/fake_video_real_audio.mp4,fake_video_real_audio,00004,True
lrs3/ORBf73HiJns/00012/fake_video_fake_audio_p4.mp4,fake_video_fake_audio_p4,00012,True
lrs3/ONXYcNS7k1Y/00017/fake_video_real_audio_p3.mp4,fake_video_real_audio_p3,00017,True
lrs3/LsSh5ZUfnz4/00002/fake_video_fake_audio_p4.mp4,fake_video_fake_audio_p4,00002,True
lrs3/ORBf73HiJns/00007/real_video_fake_audio_p3.mp4,real_video_fake_audio_p3,00007,True
lrs3/9RMaD0Sk7hc/00005/00005.mp4,00005,00005,True
lrs3/84QouBqCIWg/00002/real.mp4,real,00002,True
lrs3/0N1oA9LUEc4/00020/00020_p2.mp4,00020_p2,00020,True
lrs3/E66oIgegbv0/00006/00006.mp4,00006,00006,True
lrs3/O6GimGZz6a8/00017/fake_video_real_audio_p2.mp4,fake_video_real_audio_p2,00017,True
lrs3/ORBf73HiJns/00014/00014_p3.mp4,00014_p3,00014,True
lrs3/NU82HhqhEHM/00008/00008_p3.mp4,00008_p3,00008,True
lrs3/5nrn5fC001Q/00010/00010_p1.mp4,00010_p1,00010,True
lrs3/BdHKSr9RXTc/00001/fake_video_real_audio_p2.mp4,fake_video_real_audio_p2,00001,True
lrs3/NhmybGS7FLA/00006/fake_video_real_audio_p2.mp4,fake_video_real_audio_p2,00006,True
lrs3/NVrpKRdtWwc/00007/real_video_fake_audio.mp4,real_video_fake_audio,00007,True
lrs3/NHopJHSlVo4/00004/fake_video_fake_audio_p3.mp4,fake_video_fake_audio_p3,00004,True
lrs3/0YNeyBANrTI/00003/00003_p3.mp4,00003_p3,00003,True
lrs3/NS4bBu9Jyho/00007/fake_video_fake_audio.mp4,fake_video_fake_audio,00007,True
lrs3/NS4bBu9Jyho/00010/fake_video_real_audio_p1.mp4,fake_video_real_audio_p1,00010,True
lrs3/OT9poHSD2Iw/00002/00002_p3.mp4,00002_p3,00002,True
lrs3/MbhNaj88uL4/00002/fake_video_fake_audio_p4.mp4,fake_video_fake_audio_p4,00002,True
lrs3/OSz2v42F0E0/00028/fake_video_real_audio_p2.mp4,fake_video_real_audio_p2,00028,True
lrs3/OSGHRMKrVM8/00002/fake_video_fake_audio_p4.mp4,fake_video_fake_audio_p4,00002,True
lrs3/O4g60zB4Un4/00004/00004_p4.mp4,00004_p4,00004,True
lrs3/OSz2v42F0E0/00020/real.mp4,real,00020,True
lrs3/BEsJI6Nxo4Q/00001/00001_p2.mp4,00001_p2,00001,True
lrs3/ORBf73HiJns/00003/fake_video_real_audio_p1.mp4,fake_video_real_audio_p1,00003,True
lrs3/31ojbLK0vU4/00001/00001_p1.mp4,00001_p1,00001,True
lrs3/E66oIgegbv0/00004/00004_p2.mp4,00004_p2,00004,True
lrs3/O6GimGZz6a8/00025/00025_p2.mp4,00025_p2,00025,True
lrs3/CQ6by9cmt54/00009/real_video_fake_audio_p3.mp4,real_video_fake_audio_p3,00009,True
lrs3/OSz2v42F0E0/00014/real_video_fake_audio.mp4,real_video_fake_audio,00014,True
lrs3/OSGHRMKrVM8/00019/fake_video_real_audio.mp4,fake_video_real_audio,00019,True
lrs3/C9kPFCw2u3M/00001/real_video_fake_audio_p3.mp4,real_video_fake_audio_p3,00001,True
lrs3/OSGHRMKrVM8/00018/real_video_fake_audio_p4.mp4,real_video_fake_audio_p4,00018,True
lrs3/NgbqXsA62Qs/00014/real_video_fake_audio.mp4,real_video_fake_audio,00014,True
lrs3/ONXYcNS7k1Y/00031/00031_p4.mp4,00031_p4,00031,True
lrs3/FgSJcKSHUtQ/00006/fake_video_fake_audio_p2.mp4,fake_video_fake_audio_p2,00006,True
lrs3/NgbqXsA62Qs/00003/fake_video_real_audio_p3.mp4,fake_video_real_audio_p3,00003,True
lrs3/Myp1sZBxTR8/00001/00001_p3.mp4,00001_p3,00001,True
lrs3/ONXYcNS7k1Y/00012/00012.mp4,00012,00012,True
lrs3/ORBf73HiJns/00023/real_video_fake_audio.mp4,real_video_fake_audio,00023,True
lrs3/ORBf73HiJns/00002/00002_p4.mp4,00002_p4,00002,True
lrs3/NVrpKRdtWwc/00002/fake_video_fake_audio_p3.mp4,fake_video_fake_audio_p3,00002,True
lrs3/86Hyq4bBpA0/00007/fake_video_fake_audio_p4.mp4,fake_video_fake_audio_p4,00007,True
lrs3/5nrn5fC001Q/00010/00010.mp4,00010,00010,True
lrs3/3p3Svl9VFYU/00005/fake_video_fake_audio_p4.mp4,fake_video_fake_audio_p4,00005,True
lrs3/ORBf73HiJns/00024/fake_video_fake_audio_p3.mp4,fake_video_fake_audio_p3,00024,True
lrs3/NhmybGS7FLA/00010/00010_p4.mp4,00010_p4,00010,True
lrs3/NhmybGS7FLA/00009/00009_p3.mp4,00009_p3,00009,True
lrs3/O6GimGZz6a8/00023/00023_p3.mp4,00023_p3,00023,True
lrs3/0OkOQhXhsIE/00005/fake_video_fake_audio_p1.mp4,fake_video_fake_audio_p1,00005,True
lrs3/NcPusGLnqAc/00012/00012_p4.mp4,00012_p4,00012,True
lrs3/OSGHRMKrVM8/00014/fake_video_fake_audio_p2.mp4,fake_video_fake_audio_p2,00014,True
lrs3/ORvwzoSf1Sc/00002/fake_video_fake_audio.mp4,fake_video_fake_audio,00002,True
lrs3/ONXYcNS7k1Y/00032/real_video_fake_audio_p2.mp4,real_video_fake_audio_p2,00032,True
lrs3/NaoSp4NpkGg/00015/fake_video_fake_audio_p2.mp4,fake_video_fake_audio_p2,00015,True
lrs3/OSGHRMKrVM8/00019/fake_video_fake_audio_p2.mp4,fake_video_fake_audio_p2,00019,True
lrs3/53P0aypkpXY/00002/fake_video_real_audio_p4.mp4,fake_video_real_audio_p4,00002,True
lrs3/O6GimGZz6a8/00023/real_video_fake_audio_p4.mp4,real_video_fake_audio_p4,00023,True
lrs3/NaoSp4NpkGg/00002/fake_video_real_audio_p1.mp4,fake_video_real_audio_p1,00002,True
lrs3/95MmftgCHMo/00001/00001_p3.mp4,00001_p3,00001,True
lrs3/ONXYcNS7k1Y/00001/00001.mp4,00001,00001,True
lrs3/OSz2v42F0E0/00019/00019_p4.mp4,00019_p4,00019,True
lrs3/NaoSp4NpkGg/00007/00007_p2.mp4,00007_p2,00007,True
lrs3/ORvwzoSf1Sc/00008/real_video_fake_audio_p4.mp4,real_video_fake_audio_p4,00008,True
lrs3/GYcP2BR8EtY/00001/00001.mp4,00001,00001,True
lrs3/FgSJcKSHUtQ/00006/fake_video_fake_audio_p3.mp4,fake_video_fake_audio_p3,00006,True
lrs3/OSGHRMKrVM8/00030/fake_video_real_audio_p3.mp4,fake_video_real_audio_p3,00030,True
lrs3/ORBf73HiJns/00023/00023_p2.mp4,00023_p2,00023,True
lrs3/C9CKRd2jScg/00002/fake_video_real_audio_p4.mp4,fake_video_real_audio_p4,00002,True
lrs3/NgbqXsA62Qs/00009/real.mp4,real,00009,True
lrs3/ExcDNly1DbI/00003/fake_video_real_audio_p1.mp4,fake_video_real_audio_p1,00003,True
lrs3/OSz2v42F0E0/00018/fake_video_fake_audio_p2.mp4,fake_video_fake_audio_p2,00018,True
lrs3/ONXYcNS7k1Y/00032/fake_video_fake_audio_p2.mp4,fake_video_fake_audio_p2,00032,True
lrs3/ONXYcNS7k1Y/00031/fake_video_fake_audio_p4.mp4,fake_video_fake_audio_p4,00031,True
lrs3/OT9poHSD2Iw/00010/00010_p1.mp4,00010_p1,00010,True
lrs3/5nrn5fC001Q/00012/00012_p3.mp4,00012_p3,00012,True
lrs3/OSz2v42F0E0/00032/fake_video_real_audio.mp4,fake_video_real_audio,00032,True
lrs3/NcPusGLnqAc/00010/fake_video_real_audio_p3.mp4,fake_video_real_audio_p3,00010,True
lrs3/ExcDNly1DbI/00007/00007_p4.mp4,00007_p4,00007,True
lrs3/NPX5RwjNzl0/00006/fake_video_fake_audio_p2.mp4,fake_video_fake_audio_p2,00006,True
lrs3/NRO0SJXuFMY/00011/real_video_fake_audio_p3.mp4,real_video_fake_audio_p3,00011,True
lrs3/NhmybGS7FLA/00006/00006_p4.mp4,00006_p4,00006,True
lrs3/O6GimGZz6a8/00012/real_video_fake_audio_p1.mp4,real_video_fake_audio_p1,00012,True
lrs3/ORBf73HiJns/00032/real_video_fake_audio_p4.mp4,real_video_fake_audio_p4,00032,True
lrs3/OSGHRMKrVM8/00014/fake_video_fake_audio_p1.mp4,fake_video_fake_audio_p1,00014,True
lrs3/ORvwzoSf1Sc/00002/real.mp4,real,00002,True
lrs3/8SmeicgKjwA/00001/00001.mp4,00001,00001,True
lrs3/O6cmKeRV3Z0/00001/00001_p2.mp4,00001_p2,00001,True
lrs3/OSz2v42F0E0/00004/real_video_fake_audio_p1.mp4,real_video_fake_audio_p1,00004,True
lrs3/6MgDcFlTgVM/00005/fake_video_fake_audio_p2.mp4,fake_video_fake_audio_p2,00005,True
lrs3/NgbqXsA62Qs/00022/fake_video_fake_audio_p2.mp4,fake_video_fake_audio_p2,00022,True
lrs3/0OkOQhXhsIE/00002/00002_p3.mp4,00002_p3,00002,True
lrs3/56XQd6fcWu8/00003/real.mp4,real,00003,True
lrs3/O4bGOvkkHcM/00003/real_video_fake_audio_p1.mp4,real_video_fake_audio_p1,00003,True
lrs3/OSz2v42F0E0/00028/real_video_fake_audio_p4.mp4,real_video_fake_audio_p4,00028,True
lrs3/NAcuH7nSdLc/00034/00034.mp4,00034,00034,True
lrs3/O6cmKeRV3Z0/00002/real_video_fake_audio_p2.mp4,real_video_fake_audio_p2,00002,True
lrs3/ONXYcNS7k1Y/00004/00004.mp4,00004,00004,True
lrs3/Aoa20kFNYmY/00003/00003_p2.mp4,00003_p2,00003,True
lrs3/0YNeyBANrTI/00001/00001_p4.mp4,00001_p4,00001,True
lrs3/D9Ihs241zeg/00001/00001_p2.mp4,00001_p2,00001,True
lrs3/DkocjGrWwvc/00004/fake_video_fake_audio_p2.mp4,fake_video_fake_audio_p2,00004,True
lrs3/ONXYcNS7k1Y/00028/fake_video_real_audio_p4.mp4,fake_video_real_audio_p4,00028,True
lrs3/HrG8UZjL5E8/00007/real_video_fake_audio_p2.mp4,real_video_fake_audio_p2,00007,True
lrs3/NAcuH7nSdLc/00017/fake_video_real_audio_p3.mp4,fake_video_real_audio_p3,00017,True
lrs3/NoXtBxluCvg/00001/00001.mp4,00001,00001,True
lrs3/ONXYcNS7k1Y/00032/fake_video_real_audio.mp4,fake_video_real_audio,00032,True
lrs3/ONXYcNS7k1Y/00026/fake_video_fake_audio_p4.mp4,fake_video_fake_audio_p4,00026,True
lrs3/GYcP2BR8EtY/00004/fake_video_fake_audio_p4.mp4,fake_video_fake_audio_p4,00004,True
lrs3/NI0yARyFoIM/00009/fake_video_fake_audio_p4.mp4,fake_video_fake_audio_p4,00009,True
lrs3/NVrpKRdtWwc/00011/00011_p2.mp4,00011_p2,00011,True
lrs3/64fDIZiVSSM/00007/00007_p3.mp4,00007_p3,00007,True
lrs3/OSz2v42F0E0/00015/real_video_fake_audio.mp4,real_video_fake_audio,00015,True
lrs3/ORBf73HiJns/00027/fake_video_real_audio_p2.mp4,fake_video_real_audio_p2,00027,True
lrs3/ORBf73HiJns/00035/00035_p2.mp4,00035_p2,00035,True
lrs3/MkRJG510CKo/00001/00001_p3.mp4,00001_p3,00001,True
lrs3/ONXYcNS7k1Y/00029/fake_video_fake_audio_p1.mp4,fake_video_fake_audio_p1,00029,True
lrs3/CQ6by9cmt54/00009/real_video_fake_audio_p1.mp4,real_video_fake_audio_p1,00009,True
lrs3/63tVsJI31Tk/00002/00002_p4.mp4,00002_p4,00002,True
lrs3/C9kPFCw2u3M/00002/fake_video_real_audio_p2.mp4,fake_video_real_audio_p2,00002,True
lrs3/ONXYcNS7k1Y/00019/00019.mp4,00019,00019,True
lrs3/OSGHRMKrVM8/00001/fake_video_fake_audio.mp4,fake_video_fake_audio,00001,True
lrs3/7SvPhw9hAHs/00001/00001_p2.mp4,00001_p2,00001,True
lrs3/ORBf73HiJns/00035/fake_video_fake_audio.mp4,fake_video_fake_audio,00035,True
lrs3/ORBf73HiJns/00039/real_video_fake_audio_p3.mp4,real_video_fake_audio_p3,00039,True
lrs3/C9CKRd2jScg/00002/real_video_fake_audio.mp4,real_video_fake_audio,00002,True
lrs3/63tVsJI31Tk/00003/fake_video_fake_audio.mp4,fake_video_fake_audio,00003,True
lrs3/O6GimGZz6a8/00026/00026_p4.mp4,00026_p4,00026,True
lrs3/O2OQxHNVLNY/00011/real_video_fake_audio_p4.mp4,real_video_fake_audio_p4,00011,True
lrs3/ORBf73HiJns/00031/fake_video_fake_audio_p2.mp4,fake_video_fake_audio_p2,00031,True
lrs3/ORBf73HiJns/00004/real_video_fake_audio_p4.mp4,real_video_fake_audio_p4,00004,True
lrs3/ORvwzoSf1Sc/00004/real_video_fake_audio.mp4,real_video_fake_audio,00004,True
lrs3/OSGHRMKrVM8/00011/fake_video_real_audio_p2.mp4,fake_video_real_audio_p2,00011,True
lrs3/OSGHRMKrVM8/00024/00024.mp4,00024,00024,True
lrs3/C9CKRd2jScg/00002/00002_p2.mp4,00002_p2,00002,True
lrs3/OSGHRMKrVM8/00011/real_video_fake_audio_p4.mp4,real_video_fake_audio_p4,00011,True
lrs3/OSGHRMKrVM8/00019/fake_video_fake_audio.mp4,fake_video_fake_audio,00019,True
lrs3/ONXYcNS7k1Y/00014/fake_video_fake_audio_p1.mp4,fake_video_fake_audio_p1,00014,True
lrs3/OSGHRMKrVM8/00028/fake_video_real_audio_p4.mp4,fake_video_real_audio_p4,00028,True
lrs3/MkRJG510CKo/00002/fake_video_real_audio_p4.mp4,fake_video_real_audio_p4,00002,True
lrs3/ORBf73HiJns/00004/fake_video_fake_audio_p4.mp4,fake_video_fake_audio_p4,00004,True
lrs3/OT9poHSD2Iw/00003/real_video_fake_audio_p3.mp4,real_video_fake_audio_p3,00003,True
lrs3/ORBf73HiJns/00030/fake_video_fake_audio_p4.mp4,fake_video_fake_audio_p4,00030,True
lrs3/4xnVNvd8lBg/00005/fake_video_real_audio_p1.mp4,fake_video_real_audio_p1,00005,True
lrs3/OSGHRMKrVM8/00034/fake_video_real_audio.mp4,fake_video_real_audio,00034,True
lrs3/NU82HhqhEHM/00006/real_video_fake_audio_p2.mp4,real_video_fake_audio_p2,00006,True
lrs3/OSz2v42F0E0/00022/00022_p2.mp4,00022_p2,00022,True
lrs3/NcPusGLnqAc/00009/00009_p4.mp4,00009_p4,00009,True
lrs3/Nvw0reB1gpI/00012/00012_p4.mp4,00012_p4,00012,True
lrs3/NVrpKRdtWwc/00004/00004_p4.mp4,00004_p4,00004,True
lrs3/Nvw0reB1gpI/00011/00011_p1.mp4,00011_p1,00011,True
lrs3/NgbqXsA62Qs/00014/fake_video_fake_audio_p2.mp4,fake_video_fake_audio_p2,00014,True
lrs3/NS4bBu9Jyho/00002/fake_video_real_audio_p2.mp4,fake_video_real_audio_p2,00002,True
lrs3/NAcuH7nSdLc/00010/fake_video_fake_audio_p1.mp4,fake_video_fake_audio_p1,00010,True
lrs3/53P0aypkpXY/00004/00004.mp4,00004,00004,True
lrs3/NI0yARyFoIM/00001/real.mp4,real,00001,True
lrs3/ORBf73HiJns/00024/00024_p1.mp4,00024_p1,00024,True
lrs3/OSz2v42F0E0/00024/fake_video_real_audio_p2.mp4,fake_video_real_audio_p2,00024,True
lrs3/ONXYcNS7k1Y/00023/00023.mp4,00023,00023,True
lrs3/O6GimGZz6a8/00017/fake_video_real_audio.mp4,fake_video_real_audio,00017,True
lrs3/NaoSp4NpkGg/00012/00012_p3.mp4,00012_p3,00012,True
lrs3/Fb2J5eDoFko/00002/00002_p4.mp4,00002_p4,00002,True
lrs3/OSz2v42F0E0/00027/real.mp4,real,00027,True
lrs3/NcPusGLnqAc/00003/fake_video_fake_audio_p3.mp4,fake_video_fake_audio_p3,00003,True
lrs3/OSGHRMKrVM8/00029/real.mp4,real,00029,True
lrs3/ExcDNly1DbI/00010/00010.mp4,00010,00010,True
lrs3/OSGHRMKrVM8/00004/real_video_fake_audio_p3.mp4,real_video_fake_audio_p3,00004,True
lrs3/NhmybGS7FLA/00003/fake_video_fake_audio_p1.mp4,fake_video_fake_audio_p1,00003,True
lrs3/KU0zEEDRKXo/00005/fake_video_fake_audio_p3.mp4,fake_video_fake_audio_p3,00005,True
lrs3/Dceyy0cX6J4/00004/00004.mp4,00004,00004,True
lrs3/ORBf73HiJns/00025/fake_video_fake_audio_p1.mp4,fake_video_fake_audio_p1,00025,True
lrs3/NaoSp4NpkGg/00007/fake_video_fake_audio.mp4,fake_video_fake_audio,00007,True
lrs3/ExcDNly1DbI/00009/fake_video_real_audio_p1.mp4,fake_video_real_audio_p1,00009,True
lrs3/ORBf73HiJns/00041/real.mp4,real,00041,True
lrs3/OT9poHSD2Iw/00020/real_video_fake_audio_p2.mp4,real_video_fake_audio_p2,00020,True
lrs3/Nvw0reB1gpI/00005/fake_video_real_audio_p1.mp4,fake_video_real_audio_p1,00005,True
lrs3/OSGHRMKrVM8/00010/real_video_fake_audio_p3.mp4,real_video_fake_audio_p3,00010,True
lrs3/OT9poHSD2Iw/00017/00017_p2.mp4,00017_p2,00017,True
lrs3/1fTJSjszTac/00001/00001_p4.mp4,00001_p4,00001,True
lrs3/NaoSp4NpkGg/00013/fake_video_fake_audio_p2.mp4,fake_video_fake_audio_p2,00013,True
lrs3/EDLWWP8N6MU/00031/00031_p4.mp4,00031_p4,00031,True
lrs3/OT9poHSD2Iw/00024/00024_p3.mp4,00024_p3,00024,True
lrs3/J5jwEyDaRS0/00004/00004_p4.mp4,00004_p4,00004,True
lrs3/NTbBuvcGnxM/00001/fake_video_fake_audio_p1.mp4,fake_video_fake_audio_p1,00001,True
lrs3/NHopJHSlVo4/00004/fake_video_fake_audio_p2.mp4,fake_video_fake_audio_p2,00004,True
lrs3/7TXEZ4tP06c/00015/fake_video_fake_audio.mp4,fake_video_fake_audio,00015,True
lrs3/53P0aypkpXY/00002/real_video_fake_audio_p1.mp4,real_video_fake_audio_p1,00002,True
lrs3/ARWBdfWpDyc/00013/00013_p3.mp4,00013_p3,00013,True
lrs3/NcPusGLnqAc/00011/real_video_fake_audio_p1.mp4,real_video_fake_audio_p1,00011,True
lrs3/63tVsJI31Tk/00003/00003_p1.mp4,00003_p1,00003,True
lrs3/OSGHRMKrVM8/00011/fake_video_fake_audio_p2.mp4,fake_video_fake_audio_p2,00011,True
lrs3/3p3Svl9VFYU/00005/real_video_fake_audio_p4.mp4,real_video_fake_audio_p4,00005,True
lrs3/O6GimGZz6a8/00026/00026.mp4,00026,00026,True
lrs3/ORBf73HiJns/00018/fake_video_real_audio_p1.mp4,fake_video_real_audio_p1,00018,True
lrs3/O6GimGZz6a8/00001/00001_p3.mp4,00001_p3,00001,True
lrs3/O6jrLgvCUNs/00006/fake_video_real_audio.mp4,fake_video_real_audio,00006,True
lrs3/NhmybGS7FLA/00007/00007_p3.mp4,00007_p3,00007,True
lrs3/ExcDNly1DbI/00009/fake_video_real_audio_p3.mp4,fake_video_real_audio_p3,00009,True
lrs3/NgbqXsA62Qs/00013/00013.mp4,00013,00013,True
lrs3/NaoSp4NpkGg/00001/00001_p4.mp4,00001_p4,00001,True
lrs3/NVrpKRdtWwc/00001/fake_video_real_audio_p1.mp4,fake_video_real_audio_p1,00001,True
lrs3/O2OQxHNVLNY/00010/fake_video_real_audio.mp4,fake_video_real_audio,00010,True
lrs3/O6jrLgvCUNs/00006/00006_p4.mp4,00006_p4,00006,True
lrs3/3p3Svl9VFYU/00005/fake_video_real_audio_p2.mp4,fake_video_real_audio_p2,00005,True
lrs3/ONXYcNS7k1Y/00025/fake_video_real_audio.mp4,fake_video_real_audio,00025,True
lrs3/Fb2J5eDoFko/00001/fake_video_real_audio_p1.mp4,fake_video_real_audio_p1,00001,True
lrs3/O4g60zB4Un4/00003/fake_video_fake_audio_p2.mp4,fake_video_fake_audio_p2,00003,True
lrs3/8PQc3M2HQSs/00002/fake_video_real_audio_p3.mp4,fake_video_real_audio_p3,00002,True
lrs3/3LfVxGdczEA/00003/fake_video_real_audio_p4.mp4,fake_video_real_audio_p4,00003,True
lrs3/ORvwzoSf1Sc/00001/00001.mp4,00001,00001,True
lrs3/NVrpKRdtWwc/00010/fake_video_real_audio_p3.mp4,fake_video_real_audio_p3,00010,True
lrs3/NPX5RwjNzl0/00004/00004_p2.mp4,00004_p2,00004,True
lrs3/OSGHRMKrVM8/00018/00018_p4.mp4,00018_p4,00018,True
lrs3/NPX5RwjNzl0/00006/00006_p2.mp4,00006_p2,00006,True
lrs3/OSGHRMKrVM8/00010/fake_video_fake_audio_p4.mp4,fake_video_fake_audio_p4,00010,True
lrs3/OSz2v42F0E0/00018/fake_video_real_audio_p2.mp4,fake_video_real_audio_p2,00018,True
lrs3/NaoSp4NpkGg/00013/00013_p3.mp4,00013_p3,00013,True
lrs3/NbpSibMSEiE/00001/00001.mp4,00001,00001,True
lrs3/C9CKRd2jScg/00002/fake_video_fake_audio.mp4,fake_video_fake_audio,00002,True
lrs3/OSGHRMKrVM8/00004/real_video_fake_audio_p1.mp4,real_video_fake_audio_p1,00004,True
lrs3/NhmybGS7FLA/00010/00010_p1.mp4,00010_p1,00010,True
lrs3/ORBf73HiJns/00018/fake_video_real_audio_p2.mp4,fake_video_real_audio_p2,00018,True
lrs3/Nvw0reB1gpI/00011/real_video_fake_audio_p1.mp4,real_video_fake_audio_p1,00011,True
lrs3/GHcCs4TPvYA/00003/real_video_fake_audio_p4.mp4,real_video_fake_audio_p4,00003,True
lrs3/ORBf73HiJns/00008/fake_video_fake_audio_p4.mp4,fake_video_fake_audio_p4,00008,True
lrs3/NTbBuvcGnxM/00018/fake_video_fake_audio_p2.mp4,fake_video_fake_audio_p2,00018,True
lrs3/OSGHRMKrVM8/00015/real_video_fake_audio_p2.mp4,real_video_fake_audio_p2,00015,True
lrs3/OT9poHSD2Iw/00020/fake_video_fake_audio.mp4,fake_video_fake_audio,00020,True
lrs3/OSGHRMKrVM8/00020/real_video_fake_audio_p2.mp4,real_video_fake_audio_p2,00020,True
lrs3/NVrpKRdtWwc/00010/00010_p1.mp4,00010_p1,00010,True
lrs3/OSGHRMKrVM8/00034/real.mp4,real,00034,True
lrs3/31ojbLK0vU4/00002/00002_p1.mp4,00002_p1,00002,True
lrs3/OT9poHSD2Iw/00015/fake_video_real_audio_p4.mp4,fake_video_real_audio_p4,00015,True
lrs3/NPX5RwjNzl0/00002/00002_p4.mp4,00002_p4,00002,True
lrs3/ORBf73HiJns/00027/real_video_fake_audio.mp4,real_video_fake_audio,00027,True
lrs3/NRO0SJXuFMY/00008/00008.mp4,00008,00008,True
lrs3/MkRJG510CKo/00007/fake_video_real_audio_p4.mp4,fake_video_real_audio_p4,00007,True
lrs3/OSz2v42F0E0/00011/00011.mp4,00011,00011,True
lrs3/8ZKTWji7k5Y/00001/fake_video_real_audio_p2.mp4,fake_video_real_audio_p2,00001,True
lrs3/NS4bBu9Jyho/00002/fake_video_fake_audio_p1.mp4,fake_video_fake_audio_p1,00002,True
lrs3/LsSh5ZUfnz4/00002/00002_p4.mp4,00002_p4,00002,True
lrs3/NTbBuvcGnxM/00018/real_video_fake_audio_p4.mp4,real_video_fake_audio_p4,00018,True
lrs3/C9kPFCw2u3M/00003/real_video_fake_audio_p1.mp4,real_video_fake_audio_p1,00003,True
lrs3/NVrpKRdtWwc/00002/fake_video_fake_audio_p1.mp4,fake_video_fake_audio_p1,00002,True
lrs3/ORBf73HiJns/00010/real_video_fake_audio_p1.mp4,real_video_fake_audio_p1,00010,True
lrs3/ORBf73HiJns/00033/00033_p1.mp4,00033_p1,00033,True
lrs3/CyKmpyYy14k/00004/00004_p1.mp4,00004_p1,00004,True
lrs3/5nrn5fC001Q/00002/00002_p2.mp4,00002_p2,00002,True
lrs3/ORBf73HiJns/00012/fake_video_real_audio_p4.mp4,fake_video_real_audio_p4,00012,True
lrs3/ONXYcNS7k1Y/00013/fake_video_fake_audio.mp4,fake_video_fake_audio,00013,True
lrs3/OSz2v42F0E0/00007/00007_p4.mp4,00007_p4,00007,True
lrs3/NgbqXsA62Qs/00007/fake_video_fake_audio_p2.mp4,fake_video_fake_audio_p2,00007,True
lrs3/NaoSp4NpkGg/00005/00005_p4.mp4,00005_p4,00005,True
lrs3/ORBf73HiJns/00007/fake_video_real_audio.mp4,fake_video_real_audio,00007,True
lrs3/NgbqXsA62Qs/00002/00002_p2.mp4,00002_p2,00002,True
lrs3/ONXYcNS7k1Y/00018/00018_p3.mp4,00018_p3,00018,True
lrs3/53P0aypkpXY/00002/real_video_fake_audio_p2.mp4,real_video_fake_audio_p2,00002,True
lrs3/O4g60zB4Un4/00002/00002_p4.mp4,00002_p4,00002,True
lrs3/O6GimGZz6a8/00022/fake_video_real_audio.mp4,fake_video_real_audio,00022,True
lrs3/ORBf73HiJns/00033/00033.mp4,00033,00033,True
lrs3/Nvw0reB1gpI/00007/00007_p4.mp4,00007_p4,00007,True
lrs3/ORBf73HiJns/00014/real_video_fake_audio.mp4,real_video_fake_audio,00014,True
lrs3/ONXYcNS7k1Y/00014/fake_video_real_audio_p3.mp4,fake_video_real_audio_p3,00014,True
lrs3/ARWBdfWpDyc/00004/fake_video_fake_audio_p4.mp4,fake_video_fake_audio_p4,00004,True
lrs3/C9kPFCw2u3M/00001/real_video_fake_audio_p2.mp4,real_video_fake_audio_p2,00001,True
lrs3/D492MbAfBJc/00001/00001_p4.mp4,00001_p4,00001,True
lrs3/O6jrLgvCUNs/00015/00015_p2.mp4,00015_p2,00015,True
lrs3/ORBf73HiJns/00038/fake_video_fake_audio_p3.mp4,fake_video_fake_audio_p3,00038,True
lrs3/NcPusGLnqAc/00010/real_video_fake_audio_p3.mp4,real_video_fake_audio_p3,00010,True
lrs3/ORBf73HiJns/00031/real.mp4,real,00031,True
lrs3/NaoSp4NpkGg/00016/real.mp4,real,00016,True
lrs3/HqawqHB7nDM/00016/fake_video_fake_audio_p4.mp4,fake_video_fake_audio_p4,00016,True
lrs3/1Hok1iGFNSk/00004/00004.mp4,00004,00004,True
lrs3/63tVsJI31Tk/00004/real_video_fake_audio_p2.mp4,real_video_fake_audio_p2,00004,True
lrs3/NTbBuvcGnxM/00004/00004_p1.mp4,00004_p1,00004,True
lrs3/0YNeyBANrTI/00003/real_video_fake_audio.mp4,real_video_fake_audio,00003,True
lrs3/ONXYcNS7k1Y/00028/00028_p4.mp4,00028_p4,00028,True
lrs3/86Hyq4bBpA0/00002/fake_video_fake_audio_p1.mp4,fake_video_fake_audio_p1,00002,True
lrs3/ONXYcNS7k1Y/00021/00021_p2.mp4,00021_p2,00021,True
lrs3/OT9poHSD2Iw/00014/00014_p3.mp4,00014_p3,00014,True
lrs3/OSGHRMKrVM8/00036/real_video_fake_audio_p3.mp4,real_video_fake_audio_p3,00036,True
lrs3/GHcCs4TPvYA/00010/fake_video_fake_audio_p1.mp4,fake_video_fake_audio_p1,00010,True
lrs3/OT9poHSD2Iw/00013/fake_video_fake_audio.mp4,fake_video_fake_audio,00013,True
lrs3/NhmybGS7FLA/00006/00006.mp4,00006,00006,True
lrs3/3LfVxGdczEA/00002/real_video_fake_audio_p4.mp4,real_video_fake_audio_p4,00002,True
lrs3/ORBf73HiJns/00008/00008_p1.mp4,00008_p1,00008,True
lrs3/NhmybGS7FLA/00014/00014_p2.mp4,00014_p2,00014,True
lrs3/2YPHJdq5QWM/00003/fake_video_fake_audio_p3.mp4,fake_video_fake_audio_p3,00003,True
lrs3/0YNeyBANrTI/00001/fake_video_real_audio_p4.mp4,fake_video_real_audio_p4,00001,True
lrs3/OSz2v42F0E0/00027/00027_p2.mp4,00027_p2,00027,True
lrs3/O6jrLgvCUNs/00011/00011_p1.mp4,00011_p1,00011,True
lrs3/NbpSibMSEiE/00001/00001_p4.mp4,00001_p4,00001,True
lrs3/OSGHRMKrVM8/00029/fake_video_fake_audio.mp4,fake_video_fake_audio,00029,True
lrs3/NaoSp4NpkGg/00009/00009_p4.mp4,00009_p4,00009,True
lrs3/OT9poHSD2Iw/00015/fake_video_fake_audio_p3.mp4,fake_video_fake_audio_p3,00015,True
lrs3/ONXYcNS7k1Y/00030/real.mp4,real,00030,True
lrs3/NU82HhqhEHM/00002/00002_p2.mp4,00002_p2,00002,True
lrs3/OSz2v42F0E0/00024/fake_video_fake_audio.mp4,fake_video_fake_audio,00024,True
lrs3/NTbBuvcGnxM/00001/fake_video_real_audio.mp4,fake_video_real_audio,00001,True
lrs3/56XQd6fcWu8/00003/fake_video_fake_audio.mp4,fake_video_fake_audio,00003,True
lrs3/DkocjGrWwvc/00003/fake_video_real_audio_p4.mp4,fake_video_real_audio_p4,00003,True
lrs3/8ZKTWji7k5Y/00001/real_video_fake_audio_p3.mp4,real_video_fake_audio_p3,00001,True
lrs3/NcPusGLnqAc/00002/00002_p3.mp4,00002_p3,00002,True
lrs3/ORvwzoSf1Sc/00008/fake_video_real_audio_p2.mp4,fake_video_real_audio_p2,00008,True
lrs3/7TXEZ4tP06c/00015/fake_video_real_audio.mp4,fake_video_real_audio,00015,True
lrs3/NgbqXsA62Qs/00012/real_video_fake_audio_p1.mp4,real_video_fake_audio_p1,00012,True
lrs3/NhmybGS7FLA/00015/00015.mp4,00015,00015,True
lrs3/OSz2v42F0E0/00010/fake_video_fake_audio_p4.mp4,fake_video_fake_audio_p4,00010,True
lrs3/ORBf73HiJns/00001/real_video_fake_audio_p3.mp4,real_video_fake_audio_p3,00001,True
lrs3/O6GimGZz6a8/00020/real.mp4,real,00020,True
lrs3/ORBf73HiJns/00036/00036_p3.mp4,00036_p3,00036,True
lrs3/53P0aypkpXY/00003/00003_p1.mp4,00003_p1,00003,True
lrs3/NcPusGLnqAc/00003/00003_p2.mp4,00003_p2,00003,True
lrs3/ONXYcNS7k1Y/00026/fake_video_real_audio_p3.mp4,fake_video_real_audio_p3,00026,True
lrs3/ONXYcNS7k1Y/00026/fake_video_fake_audio_p1.mp4,fake_video_fake_audio_p1,00026,True
lrs3/ORBf73HiJns/00027/fake_video_real_audio.mp4,fake_video_real_audio,00027,True
lrs3/NPX5RwjNzl0/00005/real_video_fake_audio_p2.mp4,real_video_fake_audio_p2,00005,True
lrs3/4xnVNvd8lBg/00005/real_video_fake_audio.mp4,real_video_fake_audio,00005,True
lrs3/5nrn5fC001Q/00002/fake_video_real_audio.mp4,fake_video_real_audio,00002,True
lrs3/NAcuH7nSdLc/00017/00017_p4.mp4,00017_p4,00017,True
lrs3/ONXYcNS7k1Y/00024/fake_video_real_audio.mp4,fake_video_real_audio,00024,True
lrs3/OSGHRMKrVM8/00010/fake_video_fake_audio_p1.mp4,fake_video_fake_audio_p1,00010,True
lrs3/ORBf73HiJns/00006/fake_video_real_audio_p4.mp4,fake_video_real_audio_p4,00006,True
lrs3/OSGHRMKrVM8/00015/fake_video_real_audio.mp4,fake_video_real_audio,00015,True
lrs3/64SbHvDcgQQ/00001/00001_p3.mp4,00001_p3,00001,True
lrs3/ORBf73HiJns/00002/fake_video_fake_audio_p4.mp4,fake_video_fake_audio_p4,00002,True
lrs3/NgbqXsA62Qs/00020/fake_video_fake_audio_p3.mp4,fake_video_fake_audio_p3,00020,True
lrs3/OSz2v42F0E0/00005/fake_video_fake_audio_p2.mp4,fake_video_fake_audio_p2,00005,True
lrs3/DkocjGrWwvc/00001/00001_p4.mp4,00001_p4,00001,True
lrs3/MkRJG510CKo/00004/real_video_fake_audio.mp4,real_video_fake_audio,00004,True
lrs3/ONXYcNS7k1Y/00030/00030_p1.mp4,00030_p1,00030,True
lrs3/OSGHRMKrVM8/00006/real_video_fake_audio_p3.mp4,real_video_fake_audio_p3,00006,True
lrs3/NaoSp4NpkGg/00004/fake_video_real_audio_p4.mp4,fake_video_real_audio_p4,00004,True
lrs3/OSz2v42F0E0/00006/00006.mp4,00006,00006,True
lrs3/0OkOQhXhsIE/00005/real_video_fake_audio_p2.mp4,real_video_fake_audio_p2,00005,True
lrs3/NcPusGLnqAc/00011/real_video_fake_audio_p3.mp4,real_video_fake_audio_p3,00011,True
lrs3/ORBf73HiJns/00014/fake_video_real_audio_p3.mp4,fake_video_real_audio_p3,00014,True
lrs3/OT9poHSD2Iw/00013/00013_p2.mp4,00013_p2,00013,True
lrs3/OSGHRMKrVM8/00018/fake_video_real_audio_p1.mp4,fake_video_real_audio_p1,00018,True
lrs3/MbhNaj88uL4/00002/00002_p1.mp4,00002_p1,00002,True
lrs3/NcPusGLnqAc/00007/real_video_fake_audio_p4.mp4,real_video_fake_audio_p4,00007,True
lrs3/1Hok1iGFNSk/00004/real_video_fake_audio_p1.mp4,real_video_fake_audio_p1,00004,True
lrs3/NgbqXsA62Qs/00016/00016_p1.mp4,00016_p1,00016,True
lrs3/NaoSp4NpkGg/00003/fake_video_real_audio.mp4,fake_video_real_audio,00003,True
lrs3/9RMaD0Sk7hc/00003/fake_video_fake_audio_p2.mp4,fake_video_fake_audio_p2,00003,True
lrs3/86Hyq4bBpA0/00007/fake_video_real_audio_p2.mp4,fake_video_real_audio_p2,00007,True
lrs3/9RMaD0Sk7hc/00006/00006_p2.mp4,00006_p2,00006,True
lrs3/NTbBuvcGnxM/00004/fake_video_fake_audio_p2.mp4,fake_video_fake_audio_p2,00004,True
lrs3/NaoSp4NpkGg/00015/real_video_fake_audio.mp4,real_video_fake_audio,00015,True
lrs3/NHopJHSlVo4/00001/fake_video_real_audio_p1.mp4,fake_video_real_audio_p1,00001,True
lrs3/MkRJG510CKo/00003/00003.mp4,00003,00003,True
lrs3/NgbqXsA62Qs/00021/00021_p1.mp4,00021_p1,00021,True
lrs3/ORBf73HiJns/00038/fake_video_fake_audio.mp4,fake_video_fake_audio,00038,True
lrs3/O6GimGZz6a8/00022/real_video_fake_audio_p4.mp4,real_video_fake_audio_p4,00022,True
lrs3/C9kPFCw2u3M/00001/real_video_fake_audio.mp4,real_video_fake_audio,00001,True
lrs3/CQ6by9cmt54/00003/00003_p2.mp4,00003_p2,00003,True
lrs3/O2OQxHNVLNY/00009/real_video_fake_audio_p3.mp4,real_video_fake_audio_p3,00009,True
lrs3/7SvPhw9hAHs/00001/00001_p3.mp4,00001_p3,00001,True
lrs3/O6GimGZz6a8/00020/00020_p3.mp4,00020_p3,00020,True
lrs3/NS4bBu9Jyho/00010/00010_p1.mp4,00010_p1,00010,True
lrs3/OSGHRMKrVM8/00022/00022_p4.mp4,00022_p4,00022,True
lrs3/HqawqHB7nDM/00016/fake_video_real_audio_p4.mp4,fake_video_real_audio_p4,00016,True
lrs3/NVrpKRdtWwc/00007/real_video_fake_audio_p4.mp4,real_video_fake_audio_p4,00007,True
lrs3/O4bGOvkkHcM/00006/fake_video_real_audio_p1.mp4,fake_video_real_audio_p1,00006,True
lrs3/OT9poHSD2Iw/00008/00008_p3.mp4,00008_p3,00008,True
lrs3/ORBf73HiJns/00034/fake_video_real_audio.mp4,fake_video_real_audio,00034,True
lrs3/NVrpKRdtWwc/00011/real_video_fake_audio.mp4,real_video_fake_audio,00011,True
lrs3/NbpSibMSEiE/00004/00004.mp4,00004,00004,True
lrs3/OSGHRMKrVM8/00004/fake_video_fake_audio_p2.mp4,fake_video_fake_audio_p2,00004,True
lrs3/OSGHRMKrVM8/00036/real_video_fake_audio_p4.mp4,real_video_fake_audio_p4,00036,True
lrs3/OT9poHSD2Iw/00011/fake_video_fake_audio_p3.mp4,fake_video_fake_audio_p3,00011,True
lrs3/O6GimGZz6a8/00018/00018_p3.mp4,00018_p3,00018,True
lrs3/HqawqHB7nDM/00022/fake_video_real_audio_p2.mp4,fake_video_real_audio_p2,00022,True
lrs3/OSGHRMKrVM8/00028/real.mp4,real,00028,True
lrs3/ORBf73HiJns/00023/fake_video_real_audio_p3.mp4,fake_video_real_audio_p3,00023,True
lrs3/ORBf73HiJns/00012/fake_video_real_audio_p2.mp4,fake_video_real_audio_p2,00012,True
lrs3/NgbqXsA62Qs/00018/real_video_fake_audio.mp4,real_video_fake_audio,00018,True
lrs3/8PQc3M2HQSs/00003/00003_p4.mp4,00003_p4,00003,True
lrs3/MbhNaj88uL4/00002/real_video_fake_audio_p4.mp4,real_video_fake_audio_p4,00002,True
lrs3/0OkOQhXhsIE/00001/00001_p4.mp4,00001_p4,00001,True
lrs3/O6GimGZz6a8/00014/fake_video_fake_audio_p3.mp4,fake_video_fake_audio_p3,00014,True
lrs3/86Hyq4bBpA0/00003/real_video_fake_audio_p2.mp4,real_video_fake_audio_p2,00003,True
lrs3/ONXYcNS7k1Y/00010/00010.mp4,00010,00010,True
lrs3/NS4bBu9Jyho/00008/fake_video_fake_audio.mp4,fake_video_fake_audio,00008,True
lrs3/O4bGOvkkHcM/00007/real_video_fake_audio_p2.mp4,real_video_fake_audio_p2,00007,True
lrs3/ORBf73HiJns/00039/fake_video_real_audio_p2.mp4,fake_video_real_audio_p2,00039,True
lrs3/NaoSp4NpkGg/00002/real_video_fake_audio_p1.mp4,real_video_fake_audio_p1,00002,True
lrs3/OSGHRMKrVM8/00019/real.mp4,real,00019,True
lrs3/ORBf73HiJns/00029/fake_video_fake_audio_p3.mp4,fake_video_fake_audio_p3,00029,True
lrs3/O4g60zB4Un4/00003/fake_video_real_audio_p3.mp4,fake_video_real_audio_p3,00003,True
lrs3/NgbqXsA62Qs/00009/fake_video_fake_audio_p1.mp4,fake_video_fake_audio_p1,00009,True
lrs3/FgSJcKSHUtQ/00006/fake_video_fake_audio.mp4,fake_video_fake_audio,00006,True
lrs3/E66oIgegbv0/00004/00004.mp4,00004,00004,True
lrs3/OT9poHSD2Iw/00023/fake_video_fake_audio.mp4,fake_video_fake_audio,00023,True
lrs3/ExcDNly1DbI/00007/00007.mp4,00007,00007,True
lrs3/OSGHRMKrVM8/00022/00022.mp4,00022,00022,True
lrs3/1Hok1iGFNSk/00001/00001_p3.mp4,00001_p3,00001,True
lrs3/O6jrLgvCUNs/00001/00001_p3.mp4,00001_p3,00001,True
lrs3/1Hok1iGFNSk/00004/fake_video_real_audio_p3.mp4,fake_video_real_audio_p3,00004,True
lrs3/ONXYcNS7k1Y/00006/00006_p4.mp4,00006_p4,00006,True
lrs3/4xnVNvd8lBg/00006/real.mp4,real,00006,True
lrs3/ORvwzoSf1Sc/00008/real.mp4,real,00008,True
lrs3/OSGHRMKrVM8/00012/fake_video_real_audio.mp4,fake_video_real_audio,00012,True
lrs3/7TXEZ4tP06c/00002/real_video_fake_audio_p4.mp4,real_video_fake_audio_p4,00002,True
lrs3/OSz2v42F0E0/00020/real_video_fake_audio_p4.mp4,real_video_fake_audio_p4,00020,True
lrs3/OSGHRMKrVM8/00034/real_video_fake_audio.mp4,real_video_fake_audio,00034,True
lrs3/OSGHRMKrVM8/00041/fake_video_real_audio_p4.mp4,fake_video_real_audio_p4,00041,True
lrs3/NPX5RwjNzl0/00004/fake_video_fake_audio_p3.mp4,fake_video_fake_audio_p3,00004,True
lrs3/5nrn5fC001Q/00005/00005_p3.mp4,00005_p3,00005,True
lrs3/ORvwzoSf1Sc/00003/fake_video_real_audio.mp4,fake_video_real_audio,00003,True
lrs3/10MvdLL2EpY/00001/00001_p4.mp4,00001_p4,00001,True
lrs3/ORBf73HiJns/00025/fake_video_fake_audio_p4.mp4,fake_video_fake_audio_p4,00025,True
lrs3/9RMaD0Sk7hc/00004/fake_video_real_audio_p4.mp4,fake_video_real_audio_p4,00004,True
lrs3/9RMaD0Sk7hc/00004/fake_video_fake_audio_p3.mp4,fake_video_fake_audio_p3,00004,True
lrs3/OSGHRMKrVM8/00041/real_video_fake_audio_p4.mp4,real_video_fake_audio_p4,00041,True
lrs3/NRO0SJXuFMY/00006/00006.mp4,00006,00006,True
lrs3/FgSJcKSHUtQ/00006/real_video_fake_audio_p4.mp4,real_video_fake_audio_p4,00006,True
lrs3/NS4bBu9Jyho/00005/00005_p2.mp4,00005_p2,00005,True
lrs3/C9kPFCw2u3M/00001/real_video_fake_audio_p1.mp4,real_video_fake_audio_p1,00001,True
lrs3/D9Ihs241zeg/00002/fake_video_real_audio_p4.mp4,fake_video_real_audio_p4,00002,True
lrs3/ORBf73HiJns/00030/fake_video_fake_audio_p2.mp4,fake_video_fake_audio_p2,00030,True
lrs3/OSz2v42F0E0/00012/fake_video_fake_audio_p3.mp4,fake_video_fake_audio_p3,00012,True
lrs3/OSGHRMKrVM8/00039/00039.mp4,00039,00039,True
lrs3/53P0aypkpXY/00003/real_video_fake_audio_p1.mp4,real_video_fake_audio_p1,00003,True
lrs3/DkocjGrWwvc/00003/real_video_fake_audio_p2.mp4,real_video_fake_audio_p2,00003,True
lrs3/NaoSp4NpkGg/00002/real_video_fake_audio_p2.mp4,real_video_fake_audio_p2,00002,True
lrs3/N37x4GgDVBM/00023/00023_p1.mp4,00023_p1,00023,True
lrs3/N37x4GgDVBM/00023/real_video_fake_audio_p1.mp4,real_video_fake_audio_p1,00023,True
lrs3/O2OQxHNVLNY/00009/00009_p4.mp4,00009_p4,00009,True
lrs3/NRO0SJXuFMY/00011/real_video_fake_audio_p2.mp4,real_video_fake_audio_p2,00011,True
lrs3/2iIIDwSJhAg/00001/fake_video_real_audio_p4.mp4,fake_video_real_audio_p4,00001,True
lrs3/OSGHRMKrVM8/00028/real_video_fake_audio_p4.mp4,real_video_fake_audio_p4,00028,True
lrs3/ExcDNly1DbI/00009/real_video_fake_audio_p3.mp4,real_video_fake_audio_p3,00009,True
lrs3/E66oIgegbv0/00004/00004_p3.mp4,00004_p3,00004,True
lrs3/OSz2v42F0E0/00028/real.mp4,real,00028,True
lrs3/Myp1sZBxTR8/00005/fake_video_fake_audio_p3.mp4,fake_video_fake_audio_p3,00005,True
lrs3/NRO0SJXuFMY/00013/real_video_fake_audio.mp4,real_video_fake_audio,00013,True
lrs3/GYcP2BR8EtY/00003/fake_video_fake_audio.mp4,fake_video_fake_audio,00003,True
lrs3/31ojbLK0vU4/00003/00003.mp4,00003,00003,True
lrs3/OT9poHSD2Iw/00015/real_video_fake_audio_p3.mp4,real_video_fake_audio_p3,00015,True
lrs3/OT9poHSD2Iw/00025/fake_video_real_audio_p1.mp4,fake_video_real_audio_p1,00025,True
lrs3/OSGHRMKrVM8/00036/fake_video_fake_audio_p2.mp4,fake_video_fake_audio_p2,00036,True
lrs3/NcPusGLnqAc/00009/00009_p3.mp4,00009_p3,00009,True
lrs3/OSz2v42F0E0/00005/real.mp4,real,00005,True
lrs3/ORBf73HiJns/00001/fake_video_fake_audio_p1.mp4,fake_video_fake_audio_p1,00001,True
lrs3/O4bGOvkkHcM/00003/fake_video_real_audio_p1.mp4,fake_video_real_audio_p1,00003,True
lrs3/ORBf73HiJns/00018/fake_video_real_audio_p4.mp4,fake_video_real_audio_p4,00018,True
lrs3/APgMXDjLcT4/00010/00010_p4.mp4,00010_p4,00010,True
lrs3/2YPHJdq5QWM/00003/00003_p4.mp4,00003_p4,00003,True
lrs3/O6GimGZz6a8/00010/fake_video_fake_audio_p4.mp4,fake_video_fake_audio_p4,00010,True
lrs3/O6jrLgvCUNs/00005/00005_p4.mp4,00005_p4,00005,True
lrs3/31ojbLK0vU4/00003/00003_p1.mp4,00003_p1,00003,True
lrs3/OSz2v42F0E0/00032/fake_video_real_audio_p1.mp4,fake_video_real_audio_p1,00032,True
lrs3/NTbBuvcGnxM/00004/00004_p4.mp4,00004_p4,00004,True
lrs3/C9CKRd2jScg/00005/00005_p1.mp4,00005_p1,00005,True
lrs3/NaoSp4NpkGg/00010/00010_p4.mp4,00010_p4,00010,True
lrs3/3LfVxGdczEA/00003/fake_video_fake_audio_p4.mp4,fake_video_fake_audio_p4,00003,True
lrs3/ORBf73HiJns/00033/00033_p3.mp4,00033_p3,00033,True
lrs3/NS4bBu9Jyho/00004/fake_video_real_audio_p1.mp4,fake_video_real_audio_p1,00004,True
lrs3/FvAl7Sjddok/00001/fake_video_real_audio_p4.mp4,fake_video_real_audio_p4,00001,True
lrs3/OSz2v42F0E0/00029/00029_p4.mp4,00029_p4,00029,True
lrs3/NPX5RwjNzl0/00004/fake_video_fake_audio_p2.mp4,fake_video_fake_audio_p2,00004,True
lrs3/ORBf73HiJns/00041/fake_video_fake_audio_p3.mp4,fake_video_fake_audio_p3,00041,True
lrs3/5nrn5fC001Q/00002/real_video_fake_audio_p4.mp4,real_video_fake_audio_p4,00002,True
lrs3/O6GimGZz6a8/00027/00027_p3.mp4,00027_p3,00027,True
lrs3/OT9poHSD2Iw/00005/fake_video_fake_audio_p4.mp4,fake_video_fake_audio_p4,00005,True
lrs3/Nvw0reB1gpI/00002/fake_video_real_audio_p3.mp4,fake_video_real_audio_p3,00002,True
lrs3/OSGHRMKrVM8/00040/real.mp4,real,00040,True
lrs3/O6jrLgvCUNs/00002/00002_p2.mp4,00002_p2,00002,True
lrs3/NRO0SJXuFMY/00001/00001_p4.mp4,00001_p4,00001,True
lrs3/OT9poHSD2Iw/00021/00021_p3.mp4,00021_p3,00021,True
lrs3/5nrn5fC001Q/00008/fake_video_real_audio_p1.mp4,fake_video_real_audio_p1,00008,True
lrs3/ORBf73HiJns/00023/00023_p3.mp4,00023_p3,00023,True
lrs3/NAcuH7nSdLc/00017/fake_video_fake_audio_p4.mp4,fake_video_fake_audio_p4,00017,True
lrs3/NVrpKRdtWwc/00010/00010_p4.mp4,00010_p4,00010,True
lrs3/ONXYcNS7k1Y/00010/00010_p1.mp4,00010_p1,00010,True
lrs3/5nrn5fC001Q/00001/real_video_fake_audio_p2.mp4,real_video_fake_audio_p2,00001,True
lrs3/NgbqXsA62Qs/00009/fake_video_fake_audio_p2.mp4,fake_video_fake_audio_p2,00009,True
lrs3/NI0yARyFoIM/00009/fake_video_real_audio_p4.mp4,fake_video_real_audio_p4,00009,True
lrs3/4qKAse8388k/00003/fake_video_real_audio_p1.mp4,fake_video_real_audio_p1,00003,True
lrs3/NCPzjiSS2Oo/00001/fake_video_fake_audio_p1.mp4,fake_video_fake_audio_p1,00001,True
lrs3/Myp1sZBxTR8/00001/00001_p2.mp4,00001_p2,00001,True
lrs3/Nvw0reB1gpI/00003/00003_p4.mp4,00003_p4,00003,True
lrs3/O6jrLgvCUNs/00015/real_video_fake_audio_p4.mp4,real_video_fake_audio_p4,00015,True
lrs3/O6GimGZz6a8/00004/00004_p4.mp4,00004_p4,00004,True
lrs3/F8pUtbSgrxc/00007/00007.mp4,00007,00007,True
lrs3/Nvw0reB1gpI/00009/fake_video_real_audio_p2.mp4,fake_video_real_audio_p2,00009,True
lrs3/AR6RiSHN7S0/00042/00042_p3.mp4,00042_p3,00042,True
lrs3/NTbBuvcGnxM/00004/real_video_fake_audio_p3.mp4,real_video_fake_audio_p3,00004,True
lrs3/HqawqHB7nDM/00022/fake_video_fake_audio_p2.mp4,fake_video_fake_audio_p2,00022,True
lrs3/9yEl0SbCA9M/00005/00005_p4.mp4,00005_p4,00005,True
lrs3/O6GimGZz6a8/00022/fake_video_fake_audio_p3.mp4,fake_video_fake_audio_p3,00022,True
lrs3/0OkOQhXhsIE/00004/00004_p3.mp4,00004_p3,00004,True
lrs3/NaoSp4NpkGg/00003/00003_p2.mp4,00003_p2,00003,True
lrs3/NbpSibMSEiE/00008/fake_video_real_audio_p1.mp4,fake_video_real_audio_p1,00008,True
lrs3/ONXYcNS7k1Y/00026/fake_video_real_audio_p2.mp4,fake_video_real_audio_p2,00026,True
lrs3/NhmybGS7FLA/00013/00013_p2.mp4,00013_p2,00013,True
lrs3/63tVsJI31Tk/00004/fake_video_fake_audio_p2.mp4,fake_video_fake_audio_p2,00004,True
lrs3/ONXYcNS7k1Y/00021/fake_video_real_audio_p4.mp4,fake_video_real_audio_p4,00021,True
lrs3/64fDIZiVSSM/00005/00005.mp4,00005,00005,True
lrs3/56XQd6fcWu8/00003/real_video_fake_audio_p1.mp4,real_video_fake_audio_p1,00003,True
lrs3/MbhNaj88uL4/00002/fake_video_real_audio_p1.mp4,fake_video_real_audio_p1,00002,True
lrs3/O2OQxHNVLNY/00010/fake_video_fake_audio.mp4,fake_video_fake_audio,00010,True
lrs3/ONXYcNS7k1Y/00021/fake_video_real_audio.mp4,fake_video_real_audio,00021,True
lrs3/ORBf73HiJns/00025/fake_video_real_audio_p1.mp4,fake_video_real_audio_p1,00025,True
lrs3/OSGHRMKrVM8/00023/00023_p4.mp4,00023_p4,00023,True
lrs3/MbhNaj88uL4/00001/00001_p1.mp4,00001_p1,00001,True
lrs3/GHcCs4TPvYA/00010/real_video_fake_audio_p1.mp4,real_video_fake_audio_p1,00010,True
lrs3/OSz2v42F0E0/00002/00002.mp4,00002,00002,True
lrs3/O6cmKeRV3Z0/00007/00007.mp4,00007,00007,True
lrs3/0YNeyBANrTI/00003/real.mp4,real,00003,True
lrs3/ONXYcNS7k1Y/00015/00015_p1.mp4,00015_p1,00015,True
lrs3/56XQd6fcWu8/00003/fake_video_fake_audio_p4.mp4,fake_video_fake_audio_p4,00003,True
lrs3/NhmybGS7FLA/00005/00005.mp4,00005,00005,True
lrs3/ORBf73HiJns/00003/00003_p1.mp4,00003_p1,00003,True
lrs3/NcPusGLnqAc/00004/fake_video_real_audio_p3.mp4,fake_video_real_audio_p3,00004,True
lrs3/0OkOQhXhsIE/00009/fake_video_real_audio_p1.mp4,fake_video_real_audio_p1,00009,True
lrs3/O4bGOvkkHcM/00001/fake_video_real_audio_p3.mp4,fake_video_real_audio_p3,00001,True
lrs3/C9kPFCw2u3M/00002/fake_video_real_audio_p1.mp4,fake_video_real_audio_p1,00002,True
lrs3/0YNeyBANrTI/00001/real.mp4,real,00001,True
lrs3/NcPusGLnqAc/00004/real_video_fake_audio.mp4,real_video_fake_audio,00004,True
lrs3/NTbBuvcGnxM/00009/real_video_fake_audio_p4.mp4,real_video_fake_audio_p4,00009,True
lrs3/9RMaD0Sk7hc/00004/fake_video_real_audio_p1.mp4,fake_video_real_audio_p1,00004,True
lrs3/ORvwzoSf1Sc/00005/00005.mp4,00005,00005,True
lrs3/OSGHRMKrVM8/00007/real_video_fake_audio_p2.mp4,real_video_fake_audio_p2,00007,True
lrs3/C9kPFCw2u3M/00002/00002_p3.mp4,00002_p3,00002,True
lrs3/MbhNaj88uL4/00002/fake_video_fake_audio.mp4,fake_video_fake_audio,00002,True
lrs3/NcPusGLnqAc/00007/00007_p4.mp4,00007_p4,00007,True
lrs3/NTbBuvcGnxM/00009/00009_p2.mp4,00009_p2,00009,True
lrs3/MkRJG510CKo/00002/fake_video_real_audio_p2.mp4,fake_video_real_audio_p2,00002,True
lrs3/86Hyq4bBpA0/00008/fake_video_fake_audio_p1.mp4,fake_video_fake_audio_p1,00008,True
lrs3/NVrpKRdtWwc/00006/00006_p1.mp4,00006_p1,00006,True
lrs3/OT9poHSD2Iw/00023/real_video_fake_audio_p1.mp4,real_video_fake_audio_p1,00023,True
lrs3/LsSh5ZUfnz4/00002/fake_video_real_audio.mp4,fake_video_real_audio,00002,True
lrs3/Fb2J5eDoFko/00002/real_video_fake_audio_p2.mp4,real_video_fake_audio_p2,00002,True
lrs3/NS4bBu9Jyho/00007/fake_video_real_audio_p2.mp4,fake_video_real_audio_p2,00007,True
lrs3/NU82HhqhEHM/00002/fake_video_fake_audio.mp4,fake_video_fake_audio,00002,True
lrs3/OSGHRMKrVM8/00020/real_video_fake_audio.mp4,real_video_fake_audio,00020,True
lrs3/O6jrLgvCUNs/00019/00019_p4.mp4,00019_p4,00019,True
lrs3/ORBf73HiJns/00022/real_video_fake_audio.mp4,real_video_fake_audio,00022,True
lrs3/D9Ihs241zeg/00002/real_video_fake_audio_p3.mp4,real_video_fake_audio_p3,00002,True
lrs3/ORBf73HiJns/00039/real_video_fake_audio_p1.mp4,real_video_fake_audio_p1,00039,True
lrs3/8ZKTWji7k5Y/00001/real_video_fake_audio_p4.mp4,real_video_fake_audio_p4,00001,True
lrs3/OT9poHSD2Iw/00009/00009_p4.mp4,00009_p4,00009,True
lrs3/NS4bBu9Jyho/00010/real_video_fake_audio_p4.mp4,real_video_fake_audio_p4,00010,True
lrs3/KjKBOo5tFX8/00005/00005_p4.mp4,00005_p4,00005,True
lrs3/56XQd6fcWu8/00001/00001_p2.mp4,00001_p2,00001,True
lrs3/Fb2J5eDoFko/00012/00012.mp4,00012,00012,True
lrs3/O2OQxHNVLNY/00005/fake_video_fake_audio_p1.mp4,fake_video_fake_audio_p1,00005,True
lrs3/OSz2v42F0E0/00012/real_video_fake_audio_p2.mp4,real_video_fake_audio_p2,00012,True
lrs3/NaoSp4NpkGg/00002/real.mp4,real,00002,True
lrs3/NgbqXsA62Qs/00017/00017_p3.mp4,00017_p3,00017,True
lrs3/O4g60zB4Un4/00001/00001_p1.mp4,00001_p1,00001,True
lrs3/3LfVxGdczEA/00002/fake_video_real_audio.mp4,fake_video_real_audio,00002,True
lrs3/86Hyq4bBpA0/00002/fake_video_real_audio.mp4,fake_video_real_audio,00002,True
lrs3/NgbqXsA62Qs/00014/fake_video_fake_audio_p1.mp4,fake_video_fake_audio_p1,00014,True
lrs3/HqawqHB7nDM/00016/fake_video_fake_audio_p2.mp4,fake_video_fake_audio_p2,00016,True
lrs3/8ZKTWji7k5Y/00001/00001_p4.mp4,00001_p4,00001,True
lrs3/7TXEZ4tP06c/00015/00015_p3.mp4,00015_p3,00015,True
lrs3/NgbqXsA62Qs/00019/00019_p4.mp4,00019_p4,00019,True
lrs3/5nrn5fC001Q/00006/00006_p4.mp4,00006_p4,00006,True
lrs3/63tVsJI31Tk/00005/fake_video_real_audio_p1.mp4,fake_video_real_audio_p1,00005,True
lrs3/CBphxhTY8mc/00001/00001_p2.mp4,00001_p2,00001,True
lrs3/GHcCs4TPvYA/00003/fake_video_real_audio_p4.mp4,fake_video_real_audio_p4,00003,True
lrs3/O6cmKeRV3Z0/00008/00008_p3.mp4,00008_p3,00008,True
lrs3/MbhNaj88uL4/00002/real_video_fake_audio_p2.mp4,real_video_fake_audio_p2,00002,True
lrs3/NgbqXsA62Qs/00002/real_video_fake_audio_p2.mp4,real_video_fake_audio_p2,00002,True
lrs3/HBUoaf8vwJ4/00008/00008.mp4,00008,00008,True
lrs3/ONXYcNS7k1Y/00017/real_video_fake_audio_p3.mp4,real_video_fake_audio_p3,00017,True
lrs3/NAcuH7nSdLc/00010/00010_p1.mp4,00010_p1,00010,True
lrs3/0YNeyBANrTI/00003/real_video_fake_audio_p1.mp4,real_video_fake_audio_p1,00003,True
lrs3/ORBf73HiJns/00006/00006_p2.mp4,00006_p2,00006,True
lrs3/Fb2J5eDoFko/00003/fake_video_fake_audio_p3.mp4,fake_video_fake_audio_p3,00003,True
lrs3/OSGHRMKrVM8/00012/real_video_fake_audio.mp4,real_video_fake_audio,00012,True
lrs3/Myp1sZBxTR8/00002/00002.mp4,00002,00002,True
lrs3/OSGHRMKrVM8/00035/fake_video_fake_audio_p2.mp4,fake_video_fake_audio_p2,00035,True
lrs3/NRO0SJXuFMY/00013/real_video_fake_audio_p4.mp4,real_video_fake_audio_p4,00013,True
lrs3/MkRJG510CKo/00007/fake_video_fake_audio_p2.mp4,fake_video_fake_audio_p2,00007,True
lrs3/NRO0SJXuFMY/00002/00002_p4.mp4,00002_p4,00002,True
lrs3/NaoSp4NpkGg/00002/fake_video_fake_audio_p3.mp4,fake_video_fake_audio_p3,00002,True
lrs3/ORBf73HiJns/00012/real_video_fake_audio_p3.mp4,real_video_fake_audio_p3,00012,True
lrs3/ONXYcNS7k1Y/00031/fake_video_fake_audio_p1.mp4,fake_video_fake_audio_p1,00031,True
lrs3/MkRJG510CKo/00002/fake_video_fake_audio_p1.mp4,fake_video_fake_audio_p1,00002,True
lrs3/53P0aypkpXY/00003/real_video_fake_audio_p3.mp4,real_video_fake_audio_p3,00003,True
lrs3/NRO0SJXuFMY/00013/fake_video_fake_audio_p2.mp4,fake_video_fake_audio_p2,00013,True
lrs3/NaoSp4NpkGg/00015/fake_video_real_audio_p3.mp4,fake_video_real_audio_p3,00015,True
lrs3/NTbBuvcGnxM/00009/real_video_fake_audio_p3.mp4,real_video_fake_audio_p3,00009,True
lrs3/NgbqXsA62Qs/00005/00005_p1.mp4,00005_p1,00005,True
lrs3/3p3Svl9VFYU/00005/real_video_fake_audio.mp4,real_video_fake_audio,00005,True
lrs3/OSGHRMKrVM8/00027/fake_video_real_audio_p2.mp4,fake_video_real_audio_p2,00027,True
lrs3/OSGHRMKrVM8/00042/real_video_fake_audio_p2.mp4,real_video_fake_audio_p2,00042,True
lrs3/BdHKSr9RXTc/00001/real_video_fake_audio_p2.mp4,real_video_fake_audio_p2,00001,True
lrs3/4xnVNvd8lBg/00002/00002_p1.mp4,00002_p1,00002,True
lrs3/NVrpKRdtWwc/00010/fake_video_fake_audio_p4.mp4,fake_video_fake_audio_p4,00010,True
lrs3/NVrpKRdtWwc/00012/00012_p4.mp4,00012_p4,00012,True
lrs3/9RMaD0Sk7hc/00008/00008_p4.mp4,00008_p4,00008,True
lrs3/GHcCs4TPvYA/00010/fake_video_fake_audio.mp4,fake_video_fake_audio,00010,True
lrs3/OSz2v42F0E0/00018/real.mp4,real,00018,True
lrs3/NU82HhqhEHM/00008/real_video_fake_audio_p3.mp4,real_video_fake_audio_p3,00008,True
lrs3/2iIIDwSJhAg/00001/real_video_fake_audio_p4.mp4,real_video_fake_audio_p4,00001,True
lrs3/O4bGOvkkHcM/00006/real_video_fake_audio_p2.mp4,real_video_fake_audio_p2,00006,True
lrs3/NS4bBu9Jyho/00007/00007_p1.mp4,00007_p1,00007,True
lrs3/10MvdLL2EpY/00001/00001_p2.mp4,00001_p2,00001,True
lrs3/O4bGOvkkHcM/00007/fake_video_fake_audio_p2.mp4,fake_video_fake_audio_p2,00007,True
lrs3/GHcCs4TPvYA/00010/real_video_fake_audio_p4.mp4,real_video_fake_audio_p4,00010,True
lrs3/NbpSibMSEiE/00008/fake_video_fake_audio_p1.mp4,fake_video_fake_audio_p1,00008,True
lrs3/ARWBdfWpDyc/00012/00012_p2.mp4,00012_p2,00012,True
lrs3/ORBf73HiJns/00025/fake_video_real_audio.mp4,fake_video_real_audio,00025,True
lrs3/ORBf73HiJns/00002/fake_video_real_audio_p1.mp4,fake_video_real_audio_p1,00002,True
lrs3/CQ6by9cmt54/00008/00008_p3.mp4,00008_p3,00008,True
lrs3/OSz2v42F0E0/00032/fake_video_fake_audio_p1.mp4,fake_video_fake_audio_p1,00032,True
lrs3/O6GimGZz6a8/00003/real_video_fake_audio_p2.mp4,real_video_fake_audio_p2,00003,True
lrs3/NTbBuvcGnxM/00001/fake_video_fake_audio_p4.mp4,fake_video_fake_audio_p4,00001,True
lrs3/ORBf73HiJns/00043/00043_p4.mp4,00043_p4,00043,True
lrs3/ORvwzoSf1Sc/00003/real_video_fake_audio_p4.mp4,real_video_fake_audio_p4,00003,True
lrs3/OSGHRMKrVM8/00020/fake_video_fake_audio.mp4,fake_video_fake_audio,00020,True
lrs3/O6GimGZz6a8/00022/fake_video_real_audio_p1.mp4,fake_video_real_audio_p1,00022,True
lrs3/86Hyq4bBpA0/00002/real_video_fake_audio_p3.mp4,real_video_fake_audio_p3,00002,True
lrs3/Dceyy0cX6J4/00004/00004_p1.mp4,00004_p1,00004,True
lrs3/O4bGOvkkHcM/00009/00009.mp4,00009,00009,True
lrs3/MkRJG510CKo/00002/real_video_fake_audio_p3.mp4,real_video_fake_audio_p3,00002,True
lrs3/ORBf73HiJns/00008/fake_video_real_audio_p2.mp4,fake_video_real_audio_p2,00008,True
lrs3/OVSNSeFTaso/00004/00004.mp4,00004,00004,True
lrs3/NS4bBu9Jyho/00002/fake_video_fake_audio_p3.mp4,fake_video_fake_audio_p3,00002,True
lrs3/NRO0SJXuFMY/00012/00012_p2.mp4,00012_p2,00012,True
lrs3/NaoSp4NpkGg/00013/fake_video_real_audio_p2.mp4,fake_video_real_audio_p2,00013,True
lrs3/84QouBqCIWg/00005/fake_video_fake_audio_p2.mp4,fake_video_fake_audio_p2,00005,True
lrs3/ONXYcNS7k1Y/00013/fake_video_fake_audio_p4.mp4,fake_video_fake_audio_p4,00013,True
lrs3/O2OQxHNVLNY/00010/fake_video_real_audio_p2.mp4,fake_video_real_audio_p2,00010,True
lrs3/NTbBuvcGnxM/00004/fake_video_fake_audio_p4.mp4,fake_video_fake_audio_p4,00004,True
lrs3/D492MbAfBJc/00001/real_video_fake_audio_p1.mp4,real_video_fake_audio_p1,00001,True
lrs3/ORBf73HiJns/00006/real.mp4,real,00006,True
lrs3/NgbqXsA62Qs/00009/00009_p4.mp4,00009_p4,00009,True
lrs3/Nvw0reB1gpI/00002/real_video_fake_audio_p3.mp4,real_video_fake_audio_p3,00002,True
lrs3/OVSNSeFTaso/00002/real_video_fake_audio_p1.mp4,real_video_fake_audio_p1,00002,True
lrs3/ORBf73HiJns/00019/fake_video_fake_audio_p4.mp4,fake_video_fake_audio_p4,00019,True
lrs3/2YPHJdq5QWM/00001/00001_p4.mp4,00001_p4,00001,True
lrs3/Nvw0reB1gpI/00008/real_video_fake_audio.mp4,real_video_fake_audio,00008,True
lrs3/ONXYcNS7k1Y/00017/real.mp4,real,00017,True
lrs3/E66oIgegbv0/00006/00006_p3.mp4,00006_p3,00006,True
lrs3/4xnVNvd8lBg/00005/00005_p4.mp4,00005_p4,00005,True
lrs3/0YNeyBANrTI/00003/fake_video_fake_audio_p1.mp4,fake_video_fake_audio_p1,00003,True
lrs3/ONXYcNS7k1Y/00017/fake_video_real_audio_p1.mp4,fake_video_real_audio_p1,00017,True
lrs3/ONXYcNS7k1Y/00020/00020.mp4,00020,00020,True
lrs3/NVrpKRdtWwc/00001/fake_video_fake_audio_p3.mp4,fake_video_fake_audio_p3,00001,True
lrs3/NaoSp4NpkGg/00003/real_video_fake_audio_p4.mp4,real_video_fake_audio_p4,00003,True
lrs3/NgbqXsA62Qs/00007/fake_video_fake_audio.mp4,fake_video_fake_audio,00007,True
lrs3/NaoSp4NpkGg/00006/fake_video_real_audio_p4.mp4,fake_video_real_audio_p4,00006,True
lrs3/ORBf73HiJns/00032/fake_video_fake_audio.mp4,fake_video_fake_audio,00032,True
lrs3/NVrpKRdtWwc/00010/real_video_fake_audio.mp4,real_video_fake_audio,00010,True
lrs3/NAcuH7nSdLc/00010/00010_p4.mp4,00010_p4,00010,True
lrs3/NS4bBu9Jyho/00008/00008_p1.mp4,00008_p1,00008,True
lrs3/NhmybGS7FLA/00017/00017_p3.mp4,00017_p3,00017,True
lrs3/0OkOQhXhsIE/00009/real_video_fake_audio_p4.mp4,real_video_fake_audio_p4,00009,True
lrs3/ORBf73HiJns/00041/00041_p3.mp4,00041_p3,00041,True
lrs3/O6cmKeRV3Z0/00002/fake_video_real_audio_p1.mp4,fake_video_real_audio_p1,00002,True
lrs3/O2OQxHNVLNY/00009/fake_video_real_audio.mp4,fake_video_real_audio,00009,True
lrs3/0OkOQhXhsIE/00010/fake_video_fake_audio_p3.mp4,fake_video_fake_audio_p3,00010,True
lrs3/OT9poHSD2Iw/00005/fake_video_real_audio_p4.mp4,fake_video_real_audio_p4,00005,True
lrs3/OSGHRMKrVM8/00015/fake_video_fake_audio_p3.mp4,fake_video_fake_audio_p3,00015,True
lrs3/O6GimGZz6a8/00022/00022_p3.mp4,00022_p3,00022,True
lrs3/J5jwEyDaRS0/00008/00008.mp4,00008,00008,True
lrs3/ONXYcNS7k1Y/00021/fake_video_real_audio_p3.mp4,fake_video_real_audio_p3,00021,True
lrs3/5nrn5fC001Q/00008/fake_video_fake_audio_p2.mp4,fake_video_fake_audio_p2,00008,True
lrs3/2YPHJdq5QWM/00001/00001.mp4,00001,00001,True
lrs3/OSz2v42F0E0/00010/00010_p3.mp4,00010_p3,00010,True
lrs3/NbpSibMSEiE/00008/00008_p4.mp4,00008_p4,00008,True
lrs3/O4bGOvkkHcM/00006/fake_video_real_audio_p2.mp4,fake_video_real_audio_p2,00006,True
lrs3/1Hok1iGFNSk/00004/00004_p1.mp4,00004_p1,00004,True
lrs3/5zuBDgBdyug/00001/real.mp4,real,00001,True
lrs3/ORBf73HiJns/00025/real_video_fake_audio.mp4,real_video_fake_audio,00025,True
lrs3/OSGHRMKrVM8/00029/fake_video_real_audio_p1.mp4,fake_video_real_audio_p1,00029,True
lrs3/O2OQxHNVLNY/00009/real_video_fake_audio.mp4,real_video_fake_audio,00009,True
lrs3/NbpSibMSEiE/00009/00009_p1.mp4,00009_p1,00009,True
lrs3/NbpSibMSEiE/00005/00005.mp4,00005,00005,True
lrs3/63tVsJI31Tk/00004/real_video_fake_audio_p4.mp4,real_video_fake_audio_p4,00004,True
lrs3/D9Ihs241zeg/00018/00018_p4.mp4,00018_p4,00018,True
lrs3/ONXYcNS7k1Y/00029/real_video_fake_audio_p4.mp4,real_video_fake_audio_p4,00029,True
lrs3/GHcCs4TPvYA/00005/fake_video_fake_audio_p4.mp4,fake_video_fake_audio_p4,00005,True
lrs3/NaoSp4NpkGg/00004/real_video_fake_audio_p3.mp4,real_video_fake_audio_p3,00004,True
lrs3/NcPusGLnqAc/00004/fake_video_fake_audio_p3.mp4,fake_video_fake_audio_p3,00004,True
lrs3/O6GimGZz6a8/00020/fake_video_fake_audio.mp4,fake_video_fake_audio,00020,True
lrs3/0YNeyBANrTI/00003/fake_video_fake_audio_p4.mp4,fake_video_fake_audio_p4,00003,True
lrs3/MkRJG510CKo/00007/real_video_fake_audio.mp4,real_video_fake_audio,00007,True
lrs3/NcPusGLnqAc/00003/00003_p1.mp4,00003_p1,00003,True
lrs3/BdHKSr9RXTc/00001/real_video_fake_audio_p3.mp4,real_video_fake_audio_p3,00001,True
lrs3/O6GimGZz6a8/00026/00026_p3.mp4,00026_p3,00026,True
lrs3/OSGHRMKrVM8/00036/fake_video_real_audio_p2.mp4,fake_video_real_audio_p2,00036,True
lrs3/OSz2v42F0E0/00016/00016_p2.mp4,00016_p2,00016,True
lrs3/NU82HhqhEHM/00006/fake_video_real_audio_p4.mp4,fake_video_real_audio_p4,00006,True
lrs3/5nrn5fC001Q/00007/00007_p2.mp4,00007_p2,00007,True
lrs3/OT9poHSD2Iw/00014/real_video_fake_audio.mp4,real_video_fake_audio,00014,True
lrs3/64fDIZiVSSM/00006/00006_p2.mp4,00006_p2,00006,True
lrs3/ORBf73HiJns/00034/fake_video_real_audio_p4.mp4,fake_video_real_audio_p4,00034,True
lrs3/ORBf73HiJns/00020/00020_p3.mp4,00020_p3,00020,True
lrs3/31ojbLK0vU4/00001/00001_p3.mp4,00001_p3,00001,True
lrs3/OSGHRMKrVM8/00002/fake_video_real_audio_p4.mp4,fake_video_real_audio_p4,00002,True
lrs3/O2OQxHNVLNY/00011/real_video_fake_audio_p3.mp4,real_video_fake_audio_p3,00011,True
lrs3/9yEl0SbCA9M/00008/00008_p1.mp4,00008_p1,00008,True
lrs3/Nvw0reB1gpI/00005/real_video_fake_audio_p4.mp4,real_video_fake_audio_p4,00005,True
lrs3/0YNeyBANrTI/00003/fake_video_real_audio.mp4,fake_video_real_audio,00003,True
lrs3/ORBf73HiJns/00018/fake_video_fake_audio_p3.mp4,fake_video_fake_audio_p3,00018,True
lrs3/7TXEZ4tP06c/00002/fake_video_real_audio_p1.mp4,fake_video_real_audio_p1,00002,True
lrs3/MkRJG510CKo/00001/00001_p1.mp4,00001_p1,00001,True
lrs3/MkRJG510CKo/00001/real_video_fake_audio.mp4,real_video_fake_audio,00001,True
lrs3/OT9poHSD2Iw/00002/00002.mp4,00002,00002,True
lrs3/63tVsJI31Tk/00003/real_video_fake_audio_p3.mp4,real_video_fake_audio_p3,00003,True
lrs3/ORBf73HiJns/00003/real_video_fake_audio.mp4,real_video_fake_audio,00003,True
lrs3/OSz2v42F0E0/00004/fake_video_real_audio_p2.mp4,fake_video_real_audio_p2,00004,True
lrs3/C9kPFCw2u3M/00002/real_video_fake_audio_p2.mp4,real_video_fake_audio_p2,00002,True
lrs3/O4bGOvkkHcM/00001/fake_video_real_audio_p1.mp4,fake_video_real_audio_p1,00001,True
lrs3/63tVsJI31Tk/00004/fake_video_real_audio.mp4,fake_video_real_audio,00004,True
lrs3/ORBf73HiJns/00007/00007_p2.mp4,00007_p2,00007,True
lrs3/NbpSibMSEiE/00008/fake_video_real_audio_p3.mp4,fake_video_real_audio_p3,00008,True
lrs3/9RMaD0Sk7hc/00003/real_video_fake_audio_p2.mp4,real_video_fake_audio_p2,00003,True
lrs3/NgbqXsA62Qs/00022/real_video_fake_audio_p3.mp4,real_video_fake_audio_p3,00022,True
lrs3/NVrpKRdtWwc/00002/real_video_fake_audio.mp4,real_video_fake_audio,00002,True
lrs3/9RMaD0Sk7hc/00006/00006_p4.mp4,00006_p4,00006,True
lrs3/NTbBuvcGnxM/00001/00001_p1.mp4,00001_p1,00001,True
lrs3/Aoa20kFNYmY/00008/00008.mp4,00008,00008,True
lrs3/3p3Svl9VFYU/00005/00005_p4.mp4,00005_p4,00005,True
lrs3/NPX5RwjNzl0/00003/00003_p4.mp4,00003_p4,00003,True
lrs3/C9CKRd2jScg/00004/00004_p3.mp4,00004_p3,00004,True
lrs3/C9CKRd2jScg/00002/fake_video_real_audio.mp4,fake_video_real_audio,00002,True
lrs3/ORBf73HiJns/00018/real.mp4,real,00018,True
lrs3/NVrpKRdtWwc/00010/fake_video_fake_audio_p3.mp4,fake_video_fake_audio_p3,00010,True
lrs3/ORBf73HiJns/00043/fake_video_fake_audio_p3.mp4,fake_video_fake_audio_p3,00043,True
lrs3/HxMGItCnINE/00001/real_video_fake_audio_p4.mp4,real_video_fake_audio_p4,00001,True
lrs3/ORBf73HiJns/00022/fake_video_fake_audio_p4.mp4,fake_video_fake_audio_p4,00022,True
lrs3/4xnVNvd8lBg/00008/00008_p4.mp4,00008_p4,00008,True
lrs3/ONXYcNS7k1Y/00014/fake_video_real_audio_p2.mp4,fake_video_real_audio_p2,00014,True
lrs3/O2OQxHNVLNY/00009/fake_video_fake_audio_p3.mp4,fake_video_fake_audio_p3,00009,True
lrs3/NTbBuvcGnxM/00018/fake_video_fake_audio_p4.mp4,fake_video_fake_audio_p4,00018,True
lrs3/ORBf73HiJns/00035/00035_p4.mp4,00035_p4,00035,True
lrs3/NcPusGLnqAc/00011/00011_p3.mp4,00011_p3,00011,True
lrs3/NhmybGS7FLA/00007/00007_p2.mp4,00007_p2,00007,True
lrs3/CyKmpyYy14k/00002/00002.mp4,00002,00002,True
lrs3/9RMaD0Sk7hc/00008/00008_p3.mp4,00008_p3,00008,True
lrs3/J5jwEyDaRS0/00004/fake_video_fake_audio_p4.mp4,fake_video_fake_audio_p4,00004,True
lrs3/Myp1sZBxTR8/00005/fake_video_real_audio_p1.mp4,fake_video_real_audio_p1,00005,True
lrs3/NPX5RwjNzl0/00006/fake_video_real_audio.mp4,fake_video_real_audio,00006,True
lrs3/Nvw0reB1gpI/00009/real_video_fake_audio_p2.mp4,real_video_fake_audio_p2,00009,True
lrs3/Nvw0reB1gpI/00010/fake_video_real_audio_p2.mp4,fake_video_real_audio_p2,00010,True
lrs3/NgbqXsA62Qs/00009/fake_video_fake_audio_p4.mp4,fake_video_fake_audio_p4,00009,True
lrs3/O6cmKeRV3Z0/00013/00013_p2.mp4,00013_p2,00013,True
lrs3/OT9poHSD2Iw/00007/real_video_fake_audio_p2.mp4,real_video_fake_audio_p2,00007,True
lrs3/OSGHRMKrVM8/00015/fake_video_fake_audio_p1.mp4,fake_video_fake_audio_p1,00015,True
lrs3/C9CKRd2jScg/00005/00005_p2.mp4,00005_p2,00005,True
lrs3/HqawqHB7nDM/00022/real_video_fake_audio_p4.mp4,real_video_fake_audio_p4,00022,True
lrs3/OSz2v42F0E0/00015/fake_video_fake_audio.mp4,fake_video_fake_audio,00015,True
lrs3/NTbBuvcGnxM/00001/00001_p3.mp4,00001_p3,00001,True
lrs3/Aoa20kFNYmY/00008/00008_p4.mp4,00008_p4,00008,True
lrs3/64fDIZiVSSM/00001/00001.mp4,00001,00001,True
lrs3/53P0aypkpXY/00003/00003_p3.mp4,00003_p3,00003,True
lrs3/AR6RiSHN7S0/00042/00042_p1.mp4,00042_p1,00042,True
lrs3/GHcCs4TPvYA/00005/real_video_fake_audio_p1.mp4,real_video_fake_audio_p1,00005,True
lrs3/OKNpguWW3Sk/00002/fake_video_fake_audio.mp4,fake_video_fake_audio,00002,True
lrs3/MkRJG510CKo/00008/fake_video_fake_audio_p2.mp4,fake_video_fake_audio_p2,00008,True
lrs3/OSz2v42F0E0/00004/real_video_fake_audio.mp4,real_video_fake_audio,00004,True
lrs3/ONXYcNS7k1Y/00029/fake_video_real_audio.mp4,fake_video_real_audio,00029,True
lrs3/7CDwBdvTKUo/00001/00001.mp4,00001,00001,True
lrs3/BdHKSr9RXTc/00001/real.mp4,real,00001,True
lrs3/O6GimGZz6a8/00010/00010_p4.mp4,00010_p4,00010,True
lrs3/3LfVxGdczEA/00002/00002_p4.mp4,00002_p4,00002,True
lrs3/OSGHRMKrVM8/00030/fake_video_real_audio_p4.mp4,fake_video_real_audio_p4,00030,True
lrs3/ORBf73HiJns/00036/real_video_fake_audio_p2.mp4,real_video_fake_audio_p2,00036,True
lrs3/O6cmKeRV3Z0/00005/00005_p2.mp4,00005_p2,00005,True
lrs3/ORBf73HiJns/00003/real_video_fake_audio_p4.mp4,real_video_fake_audio_p4,00003,True
lrs3/OT9poHSD2Iw/00007/fake_video_real_audio_p3.mp4,fake_video_real_audio_p3,00007,True
lrs3/ONXYcNS7k1Y/00024/real_video_fake_audio_p3.mp4,real_video_fake_audio_p3,00024,True
lrs3/OSz2v42F0E0/00004/fake_video_fake_audio_p2.mp4,fake_video_fake_audio_p2,00004,True
lrs3/NTbBuvcGnxM/00004/fake_video_real_audio_p4.mp4,fake_video_real_audio_p4,00004,True
lrs3/E66oIgegbv0/00005/00005_p1.mp4,00005_p1,00005,True
lrs3/ONXYcNS7k1Y/00013/fake_video_fake_audio_p3.mp4,fake_video_fake_audio_p3,00013,True
lrs3/Aoa20kFNYmY/00005/00005_p2.mp4,00005_p2,00005,True
lrs3/ORBf73HiJns/00032/real_video_fake_audio.mp4,real_video_fake_audio,00032,True
lrs3/OSz2v42F0E0/00032/real.mp4,real,00032,True
lrs3/ARWBdfWpDyc/00006/00006_p1.mp4,00006_p1,00006,True
lrs3/ONXYcNS7k1Y/00032/fake_video_fake_audio_p4.mp4,fake_video_fake_audio_p4,00032,True
lrs3/O2OQxHNVLNY/00011/fake_video_fake_audio_p3.mp4,fake_video_fake_audio_p3,00011,True
lrs3/O6GimGZz6a8/00003/fake_video_fake_audio_p2.mp4,fake_video_fake_audio_p2,00003,True
lrs3/OT9poHSD2Iw/00025/fake_video_fake_audio_p3.mp4,fake_video_fake_audio_p3,00025,True
lrs3/8SmeicgKjwA/00001/fake_video_fake_audio_p2.mp4,fake_video_fake_audio_p2,00001,True
lrs3/OSGHRMKrVM8/00029/fake_video_real_audio.mp4,fake_video_real_audio,00029,True
lrs3/OSGHRMKrVM8/00011/real_video_fake_audio_p1.mp4,real_video_fake_audio_p1,00011,True
lrs3/O6GimGZz6a8/00006/fake_video_real_audio_p1.mp4,fake_video_real_audio_p1,00006,True
lrs3/O2OQxHNVLNY/00011/real_video_fake_audio_p2.mp4,real_video_fake_audio_p2,00011,True
lrs3/D492MbAfBJc/00001/fake_video_real_audio.mp4,fake_video_real_audio,00001,True
lrs3/NgbqXsA62Qs/00010/real_video_fake_audio_p3.mp4,real_video_fake_audio_p3,00010,True
lrs3/NI0yARyFoIM/00009/fake_video_real_audio.mp4,fake_video_real_audio,00009,True
lrs3/ORBf73HiJns/00034/00034_p3.mp4,00034_p3,00034,True
lrs3/OVSNSeFTaso/00003/00003_p4.mp4,00003_p4,00003,True
lrs3/NaoSp4NpkGg/00004/00004_p4.mp4,00004_p4,00004,True
lrs3/NTbBuvcGnxM/00009/fake_video_fake_audio_p4.mp4,fake_video_fake_audio_p4,00009,True
lrs3/O6GimGZz6a8/00006/fake_video_fake_audio_p2.mp4,fake_video_fake_audio_p2,00006,True
lrs3/NPSelwWdPa0/00052/00052_p4.mp4,00052_p4,00052,True
lrs3/OSz2v42F0E0/00030/fake_video_fake_audio_p1.mp4,fake_video_fake_audio_p1,00030,True
lrs3/OSGHRMKrVM8/00015/fake_video_fake_audio.mp4,fake_video_fake_audio,00015,True
lrs3/MkRJG510CKo/00004/real.mp4,real,00004,True
lrs3/O6cmKeRV3Z0/00008/00008_p4.mp4,00008_p4,00008,True
lrs3/OSGHRMKrVM8/00019/fake_video_real_audio_p2.mp4,fake_video_real_audio_p2,00019,True
lrs3/4xnVNvd8lBg/00005/real_video_fake_audio_p3.mp4,real_video_fake_audio_p3,00005,True
lrs3/NcPusGLnqAc/00011/fake_video_fake_audio.mp4,fake_video_fake_audio,00011,True
lrs3/0OkOQhXhsIE/00009/fake_video_fake_audio_p4.mp4,fake_video_fake_audio_p4,00009,True
lrs3/6MgDcFlTgVM/00005/00005_p2.mp4,00005_p2,00005,True
lrs3/9RMaD0Sk7hc/00007/00007_p3.mp4,00007_p3,00007,True
lrs3/OKNpguWW3Sk/00005/00005_p3.mp4,00005_p3,00005,True
lrs3/OSGHRMKrVM8/00018/fake_video_real_audio_p3.mp4,fake_video_real_audio_p3,00018,True
lrs3/NgbqXsA62Qs/00006/00006_p2.mp4,00006_p2,00006,True
lrs3/64fDIZiVSSM/00002/00002_p4.mp4,00002_p4,00002,True
lrs3/DkocjGrWwvc/00004/fake_video_real_audio.mp4,fake_video_real_audio,00004,True
lrs3/40Aziot4aao/00001/00001_p2.mp4,00001_p2,00001,True
lrs3/0OkOQhXhsIE/00009/00009_p2.mp4,00009_p2,00009,True
lrs3/ORBf73HiJns/00010/real_video_fake_audio.mp4,real_video_fake_audio,00010,True
lrs3/ORBf73HiJns/00034/real.mp4,real,00034,True
lrs3/Nvw0reB1gpI/00011/fake_video_real_audio_p3.mp4,fake_video_real_audio_p3,00011,True
lrs3/NVrpKRdtWwc/00011/fake_video_real_audio_p2.mp4,fake_video_real_audio_p2,00011,True
lrs3/O6GimGZz6a8/00017/fake_video_fake_audio_p2.mp4,fake_video_fake_audio_p2,00017,True
lrs3/84QouBqCIWg/00005/real_video_fake_audio.mp4,real_video_fake_audio,00005,True
lrs3/ONXYcNS7k1Y/00009/real_video_fake_audio_p1.mp4,real_video_fake_audio_p1,00009,True
lrs3/OT9poHSD2Iw/00003/00003_p2.mp4,00003_p2,00003,True
lrs3/O6jrLgvCUNs/00006/real_video_fake_audio.mp4,real_video_fake_audio,00006,True
lrs3/NaoSp4NpkGg/00011/fake_video_real_audio_p2.mp4,fake_video_real_audio_p2,00011,True
lrs3/HqawqHB7nDM/00022/fake_video_real_audio.mp4,fake_video_real_audio,00022,True
lrs3/GHcCs4TPvYA/00002/00002.mp4,00002,00002,True
lrs3/OSGHRMKrVM8/00010/real_video_fake_audio_p4.mp4,real_video_fake_audio_p4,00010,True
lrs3/MkRJG510CKo/00005/fake_video_real_audio_p3.mp4,fake_video_real_audio_p3,00005,True
lrs3/O6jrLgvCUNs/00005/00005_p2.mp4,00005_p2,00005,True
lrs3/OSGHRMKrVM8/00035/fake_video_real_audio_p2.mp4,fake_video_real_audio_p2,00035,True
lrs3/FgSJcKSHUtQ/00006/real_video_fake_audio.mp4,real_video_fake_audio,00006,True
lrs3/O6GimGZz6a8/00019/00019_p4.mp4,00019_p4,00019,True
lrs3/ORBf73HiJns/00013/00013_p4.mp4,00013_p4,00013,True
lrs3/4xnVNvd8lBg/00005/fake_video_real_audio.mp4,fake_video_real_audio,00005,True
lrs3/ORBf73HiJns/00011/00011_p3.mp4,00011_p3,00011,True
lrs3/OSGHRMKrVM8/00018/fake_video_fake_audio_p1.mp4,fake_video_fake_audio_p1,00018,True
lrs3/JnfBXjWm7hc/00002/00002_p4.mp4,00002_p4,00002,True
lrs3/HqawqHB7nDM/00022/real_video_fake_audio_p3.mp4,real_video_fake_audio_p3,00022,True
lrs3/NgbqXsA62Qs/00014/00014_p1.mp4,00014_p1,00014,True
lrs3/NhmybGS7FLA/00014/00014.mp4,00014,00014,True
lrs3/9yEl0SbCA9M/00008/00008_p4.mp4,00008_p4,00008,True
lrs3/NaoSp4NpkGg/00007/00007_p4.mp4,00007_p4,00007,True
lrs3/ONXYcNS7k1Y/00021/00021_p4.mp4,00021_p4,00021,True
lrs3/ORBf73HiJns/00019/fake_video_fake_audio.mp4,fake_video_fake_audio,00019,True
lrs3/NRO0SJXuFMY/00011/fake_video_real_audio_p1.mp4,fake_video_real_audio_p1,00011,True
lrs3/NaoSp4NpkGg/00007/fake_video_real_audio_p1.mp4,fake_video_real_audio_p1,00007,True
lrs3/NI0yARyFoIM/00006/00006_p4.mp4,00006_p4,00006,True
lrs3/NS4bBu9Jyho/00008/fake_video_real_audio_p3.mp4,fake_video_real_audio_p3,00008,True
lrs3/7CDwBdvTKUo/00001/00001_p4.mp4,00001_p4,00001,True
lrs3/ONXYcNS7k1Y/00025/00025_p1.mp4,00025_p1,00025,True
lrs3/ONXYcNS7k1Y/00018/real_video_fake_audio_p2.mp4,real_video_fake_audio_p2,00018,True
lrs3/OSGHRMKrVM8/00036/fake_video_real_audio.mp4,fake_video_real_audio,00036,True
lrs3/ORBf73HiJns/00024/real_video_fake_audio.mp4,real_video_fake_audio,00024,True
lrs3/9RMaD0Sk7hc/00001/00001.mp4,00001,00001,True
lrs3/OT9poHSD2Iw/00025/fake_video_real_audio_p3.mp4,fake_video_real_audio_p3,00025,True
lrs3/J5jwEyDaRS0/00004/real.mp4,real,00004,True
lrs3/ORBf73HiJns/00012/real_video_fake_audio_p4.mp4,real_video_fake_audio_p4,00012,True
lrs3/OT9poHSD2Iw/00020/fake_video_fake_audio_p4.mp4,fake_video_fake_audio_p4,00020,True
lrs3/MkRJG510CKo/00007/real_video_fake_audio_p3.mp4,real_video_fake_audio_p3,00007,True
lrs3/OSz2v42F0E0/00025/fake_video_real_audio_p3.mp4,fake_video_real_audio_p3,00025,True
lrs3/5nrn5fC001Q/00002/fake_video_real_audio_p1.mp4,fake_video_real_audio_p1,00002,True
lrs3/53P0aypkpXY/00003/fake_video_fake_audio.mp4,fake_video_fake_audio,00003,True
lrs3/ORBf73HiJns/00002/fake_video_real_audio_p2.mp4,fake_video_real_audio_p2,00002,True
lrs3/ARWBdfWpDyc/00015/00015.mp4,00015,00015,True
lrs3/4qKAse8388k/00003/fake_video_fake_audio.mp4,fake_video_fake_audio,00003,True
lrs3/4xnVNvd8lBg/00005/real_video_fake_audio_p4.mp4,real_video_fake_audio_p4,00005,True
lrs3/NhmybGS7FLA/00009/00009.mp4,00009,00009,True
lrs3/OSz2v42F0E0/00027/fake_video_fake_audio.mp4,fake_video_fake_audio,00027,True
lrs3/NhmybGS7FLA/00017/fake_video_real_audio_p2.mp4,fake_video_real_audio_p2,00017,True
lrs3/O6cmKeRV3Z0/00010/00010_p1.mp4,00010_p1,00010,True
lrs3/NcPusGLnqAc/00003/fake_video_real_audio_p4.mp4,fake_video_real_audio_p4,00003,True
lrs3/NcPusGLnqAc/00004/00004_p4.mp4,00004_p4,00004,True
lrs3/NgbqXsA62Qs/00011/00011_p4.mp4,00011_p4,00011,True
lrs3/DkocjGrWwvc/00002/00002.mp4,00002,00002,True
lrs3/OVSNSeFTaso/00003/00003_p3.mp4,00003_p3,00003,True
lrs3/OSGHRMKrVM8/00027/fake_video_real_audio_p3.mp4,fake_video_real_audio_p3,00027,True
lrs3/Dceyy0cX6J4/00004/00004_p3.mp4,00004_p3,00004,True
lrs3/4xnVNvd8lBg/00003/00003.mp4,00003,00003,True
lrs3/OSz2v42F0E0/00004/real_video_fake_audio_p2.mp4,real_video_fake_audio_p2,00004,True
lrs3/OT9poHSD2Iw/00013/real_video_fake_audio.mp4,real_video_fake_audio,00013,True
lrs3/D492MbAfBJc/00001/fake_video_fake_audio_p2.mp4,fake_video_fake_audio_p2,00001,True
lrs3/ONXYcNS7k1Y/00024/fake_video_fake_audio_p4.mp4,fake_video_fake_audio_p4,00024,True
lrs3/NgbqXsA62Qs/00003/fake_video_real_audio_p4.mp4,fake_video_real_audio_p4,00003,True
lrs3/NS4bBu9Jyho/00002/00002_p2.mp4,00002_p2,00002,True
lrs3/NS4bBu9Jyho/00006/00006_p1.mp4,00006_p1,00006,True
lrs3/NRO0SJXuFMY/00013/fake_video_real_audio_p2.mp4,fake_video_real_audio_p2,00013,True
lrs3/OSz2v42F0E0/00019/00019.mp4,00019,00019,True
lrs3/ONXYcNS7k1Y/00002/00002_p2.mp4,00002_p2,00002,True
lrs3/NRO0SJXuFMY/00001/fake_video_real_audio.mp4,fake_video_real_audio,00001,True
lrs3/NPX5RwjNzl0/00004/00004_p4.mp4,00004_p4,00004,True
lrs3/C9kPFCw2u3M/00003/fake_video_real_audio_p4.mp4,fake_video_real_audio_p4,00003,True
lrs3/GHcCs4TPvYA/00001/00001_p4.mp4,00001_p4,00001,True
lrs3/O6GimGZz6a8/00025/fake_video_real_audio_p4.mp4,fake_video_real_audio_p4,00025,True
lrs3/OSz2v42F0E0/00023/00023_p3.mp4,00023_p3,00023,True
lrs3/ARWBdfWpDyc/00004/real_video_fake_audio_p2.mp4,real_video_fake_audio_p2,00004,True
lrs3/HqawqHB7nDM/00022/fake_video_fake_audio_p3.mp4,fake_video_fake_audio_p3,00022,True
lrs3/ORBf73HiJns/00014/fake_video_fake_audio.mp4,fake_video_fake_audio,00014,True
lrs3/OT9poHSD2Iw/00020/real_video_fake_audio.mp4,real_video_fake_audio,00020,True
lrs3/O6GimGZz6a8/00002/00002_p2.mp4,00002_p2,00002,True
lrs3/28sa2zGgmwE/00018/00018.mp4,00018,00018,True
lrs3/0OkOQhXhsIE/00011/00011_p3.mp4,00011_p3,00011,True
lrs3/ORBf73HiJns/00022/fake_video_real_audio_p4.mp4,fake_video_real_audio_p4,00022,True
lrs3/Nvw0reB1gpI/00002/fake_video_fake_audio_p1.mp4,fake_video_fake_audio_p1,00002,True
lrs3/4qKAse8388k/00003/real_video_fake_audio.mp4,real_video_fake_audio,00003,True
lrs3/5nrn5fC001Q/00001/real_video_fake_audio_p3.mp4,real_video_fake_audio_p3,00001,True
lrs3/ORBf73HiJns/00001/real.mp4,real,00001,True
lrs3/Nvw0reB1gpI/00010/fake_video_fake_audio_p2.mp4,fake_video_fake_audio_p2,00010,True
lrs3/Nvw0reB1gpI/00008/fake_video_real_audio_p2.mp4,fake_video_real_audio_p2,00008,True
lrs3/NTbBuvcGnxM/00004/fake_video_real_audio_p3.mp4,fake_video_real_audio_p3,00004,True
lrs3/OSGHRMKrVM8/00030/fake_video_real_audio_p2.mp4,fake_video_real_audio_p2,00030,True
lrs3/NhmybGS7FLA/00012/00012.mp4,00012,00012,True
lrs3/NgbqXsA62Qs/00020/fake_video_fake_audio.mp4,fake_video_fake_audio,00020,True
lrs3/NVrpKRdtWwc/00011/00011_p3.mp4,00011_p3,00011,True
lrs3/Fb2J5eDoFko/00002/fake_video_real_audio_p3.mp4,fake_video_real_audio_p3,00002,True
lrs3/ARWBdfWpDyc/00005/00005.mp4,00005,00005,True
lrs3/HrG8UZjL5E8/00007/fake_video_real_audio_p4.mp4,fake_video_real_audio_p4,00007,True
lrs3/64fDIZiVSSM/00006/real_video_fake_audio_p1.mp4,real_video_fake_audio_p1,00006,True
lrs3/NaoSp4NpkGg/00003/fake_video_fake_audio_p1.mp4,fake_video_fake_audio_p1,00003,True
lrs3/ORBf73HiJns/00022/fake_video_real_audio.mp4,fake_video_real_audio,00022,True
lrs3/NS4bBu9Jyho/00004/00004_p3.mp4,00004_p3,00004,True
lrs3/NgbqXsA62Qs/00022/fake_video_fake_audio_p1.mp4,fake_video_fake_audio_p1,00022,True
lrs3/NgbqXsA62Qs/00018/fake_video_fake_audio_p1.mp4,fake_video_fake_audio_p1,00018,True
lrs3/NCPzjiSS2Oo/00001/real_video_fake_audio_p4.mp4,real_video_fake_audio_p4,00001,True
lrs3/NcPusGLnqAc/00009/fake_video_fake_audio_p1.mp4,fake_video_fake_audio_p1,00009,True
lrs3/NU82HhqhEHM/00002/fake_video_real_audio_p2.mp4,fake_video_real_audio_p2,00002,True
lrs3/C9CKRd2jScg/00002/fake_video_real_audio_p1.mp4,fake_video_real_audio_p1,00002,True
lrs3/7TXEZ4tP06c/00002/fake_video_fake_audio_p2.mp4,fake_video_fake_audio_p2,00002,True
lrs3/ORBf73HiJns/00019/real_video_fake_audio_p2.mp4,real_video_fake_audio_p2,00019,True
lrs3/NcPusGLnqAc/00004/fake_video_fake_audio_p4.mp4,fake_video_fake_audio_p4,00004,True
lrs3/NPSelwWdPa0/00052/00052_p1.mp4,00052_p1,00052,True
lrs3/NRO0SJXuFMY/00006/00006_p2.mp4,00006_p2,00006,True
lrs3/NaoSp4NpkGg/00003/real_video_fake_audio_p1.mp4,real_video_fake_audio_p1,00003,True
lrs3/OSz2v42F0E0/00032/real_video_fake_audio_p3.mp4,real_video_fake_audio_p3,00032,True
lrs3/ORBf73HiJns/00004/real_video_fake_audio_p1.mp4,real_video_fake_audio_p1,00004,True
lrs3/NHopJHSlVo4/00002/fake_video_real_audio_p4.mp4,fake_video_real_audio_p4,00002,True
lrs3/NPX5RwjNzl0/00002/00002_p1.mp4,00002_p1,00002,True
lrs3/ONXYcNS7k1Y/00015/00015_p3.mp4,00015_p3,00015,True
lrs3/OT9poHSD2Iw/00006/real_video_fake_audio_p2.mp4,real_video_fake_audio_p2,00006,True
lrs3/O6GimGZz6a8/00023/real.mp4,real,00023,True
lrs3/Nvw0reB1gpI/00005/real_video_fake_audio_p1.mp4,real_video_fake_audio_p1,00005,True
lrs3/ORvwzoSf1Sc/00011/00011_p4.mp4,00011_p4,00011,True
lrs3/O6jrLgvCUNs/00006/00006_p2.mp4,00006_p2,00006,True
lrs3/Nvw0reB1gpI/00008/00008_p1.mp4,00008_p1,00008,True
lrs3/63tVsJI31Tk/00004/fake_video_fake_audio.mp4,fake_video_fake_audio,00004,True
lrs3/ONXYcNS7k1Y/00001/00001_p4.mp4,00001_p4,00001,True
lrs3/C9CKRd2jScg/00003/00003_p2.mp4,00003_p2,00003,True
lrs3/OSz2v42F0E0/00029/real_video_fake_audio_p1.mp4,real_video_fake_audio_p1,00029,True
lrs3/64fDIZiVSSM/00007/00007_p1.mp4,00007_p1,00007,True
lrs3/FgSJcKSHUtQ/00006/fake_video_real_audio_p1.mp4,fake_video_real_audio_p1,00006,True
lrs3/D9Ihs241zeg/00002/real_video_fake_audio_p1.mp4,real_video_fake_audio_p1,00002,True
lrs3/NbpSibMSEiE/00004/00004_p3.mp4,00004_p3,00004,True
lrs3/MkRJG510CKo/00002/fake_video_real_audio.mp4,fake_video_real_audio,00002,True
lrs3/9yEl0SbCA9M/00005/00005_p2.mp4,00005_p2,00005,True
lrs3/ORBf73HiJns/00029/real_video_fake_audio.mp4,real_video_fake_audio,00029,True
lrs3/NHopJHSlVo4/00002/fake_video_real_audio_p1.mp4,fake_video_real_audio_p1,00002,True
lrs3/OSz2v42F0E0/00032/00032_p3.mp4,00032_p3,00032,True
lrs3/Fb2J5eDoFko/00002/real.mp4,real,00002,True
lrs3/53P0aypkpXY/00002/00002_p2.mp4,00002_p2,00002,True
lrs3/NVrpKRdtWwc/00002/fake_video_real_audio_p3.mp4,fake_video_real_audio_p3,00002,True
lrs3/O6GimGZz6a8/00013/00013_p4.mp4,00013_p4,00013,True
lrs3/3p3Svl9VFYU/00005/00005_p3.mp4,00005_p3,00005,True
lrs3/O6GimGZz6a8/00010/real_video_fake_audio_p2.mp4,real_video_fake_audio_p2,00010,True
lrs3/5nrn5fC001Q/00003/00003_p3.mp4,00003_p3,00003,True
lrs3/OSz2v42F0E0/00010/fake_video_fake_audio.mp4,fake_video_fake_audio,00010,True
lrs3/OSz2v42F0E0/00012/00012_p4.mp4,00012_p4,00012,True
lrs3/DkocjGrWwvc/00003/00003_p2.mp4,00003_p2,00003,True
lrs3/4qKAse8388k/00001/00001_p3.mp4,00001_p3,00001,True
lrs3/O6GimGZz6a8/00006/fake_video_real_audio_p4.mp4,fake_video_real_audio_p4,00006,True
lrs3/ORBf73HiJns/00001/00001_p1.mp4,00001_p1,00001,True
lrs3/OSGHRMKrVM8/00036/real_video_fake_audio.mp4,real_video_fake_audio,00036,True
lrs3/NRO0SJXuFMY/00013/fake_video_fake_audio_p3.mp4,fake_video_fake_audio_p3,00013,True
lrs3/4xnVNvd8lBg/00005/fake_video_real_audio_p3.mp4,fake_video_real_audio_p3,00005,True
lrs3/OT9poHSD2Iw/00003/real_video_fake_audio.mp4,real_video_fake_audio,00003,True
lrs3/C9kPFCw2u3M/00001/00001_p4.mp4,00001_p4,00001,True
lrs3/BdHKSr9RXTc/00001/real_video_fake_audio_p1.mp4,real_video_fake_audio_p1,00001,True
lrs3/9RMaD0Sk7hc/00008/00008_p2.mp4,00008_p2,00008,True
lrs3/NVrpKRdtWwc/00001/00001_p4.mp4,00001_p4,00001,True
lrs3/OSz2v42F0E0/00020/real_video_fake_audio.mp4,real_video_fake_audio,00020,True
lrs3/ONXYcNS7k1Y/00018/fake_video_real_audio_p1.mp4,fake_video_real_audio_p1,00018,True
lrs3/ORBf73HiJns/00003/fake_video_fake_audio.mp4,fake_video_fake_audio,00003,True
lrs3/9RMaD0Sk7hc/00004/fake_video_fake_audio_p2.mp4,fake_video_fake_audio_p2,00004,True
lrs3/ORBf73HiJns/00024/real.mp4,real,00024,True
lrs3/NPX5RwjNzl0/00004/fake_video_real_audio_p2.mp4,fake_video_real_audio_p2,00004,True
lrs3/ORBf73HiJns/00030/fake_video_fake_audio_p3.mp4,fake_video_fake_audio_p3,00030,True
lrs3/O4g60zB4Un4/00003/fake_video_fake_audio.mp4,fake_video_fake_audio,00003,True
lrs3/ONXYcNS7k1Y/00021/00021_p1.mp4,00021_p1,00021,True
lrs3/64fDIZiVSSM/00004/00004_p2.mp4,00004_p2,00004,True
lrs3/OT9poHSD2Iw/00013/real_video_fake_audio_p1.mp4,real_video_fake_audio_p1,00013,True
lrs3/5nrn5fC001Q/00002/real_video_fake_audio_p3.mp4,real_video_fake_audio_p3,00002,True
lrs3/O6jrLgvCUNs/00015/fake_video_fake_audio_p2.mp4,fake_video_fake_audio_p2,00015,True
lrs3/NTbBuvcGnxM/00009/fake_video_real_audio_p4.mp4,fake_video_real_audio_p4,00009,True
lrs3/Nvw0reB1gpI/00009/00009_p4.mp4,00009_p4,00009,True
lrs3/Nvw0reB1gpI/00009/real_video_fake_audio_p4.mp4,real_video_fake_audio_p4,00009,True
lrs3/DkocjGrWwvc/00003/real_video_fake_audio_p1.mp4,real_video_fake_audio_p1,00003,True
lrs3/Fb2J5eDoFko/00010/00010_p4.mp4,00010_p4,00010,True
lrs3/NVrpKRdtWwc/00001/fake_video_fake_audio_p1.mp4,fake_video_fake_audio_p1,00001,True
lrs3/DkocjGrWwvc/00003/fake_video_real_audio_p2.mp4,fake_video_real_audio_p2,00003,True
lrs3/ONXYcNS7k1Y/00018/fake_video_real_audio.mp4,fake_video_real_audio,00018,True
lrs3/5nrn5fC001Q/00011/00011_p1.mp4,00011_p1,00011,True
lrs3/9RMaD0Sk7hc/00003/fake_video_fake_audio_p3.mp4,fake_video_fake_audio_p3,00003,True
lrs3/NRO0SJXuFMY/00013/real.mp4,real,00013,True
lrs3/NcPusGLnqAc/00010/real_video_fake_audio_p4.mp4,real_video_fake_audio_p4,00010,True
lrs3/ORBf73HiJns/00029/real_video_fake_audio_p2.mp4,real_video_fake_audio_p2,00029,True
lrs3/64fDIZiVSSM/00006/fake_video_fake_audio_p1.mp4,fake_video_fake_audio_p1,00006,True
lrs3/ORBf73HiJns/00018/00018_p2.mp4,00018_p2,00018,True
lrs3/GYcP2BR8EtY/00004/fake_video_real_audio_p3.mp4,fake_video_real_audio_p3,00004,True
lrs3/0OkOQhXhsIE/00003/00003_p3.mp4,00003_p3,00003,True
lrs3/OSGHRMKrVM8/00030/fake_video_fake_audio_p4.mp4,fake_video_fake_audio_p4,00030,True
lrs3/ONXYcNS7k1Y/00031/fake_video_real_audio.mp4,fake_video_real_audio,00031,True
lrs3/D9Ihs241zeg/00001/fake_video_real_audio_p1.mp4,fake_video_real_audio_p1,00001,True
lrs3/ORBf73HiJns/00038/fake_video_fake_audio_p4.mp4,fake_video_fake_audio_p4,00038,True
lrs3/Nvw0reB1gpI/00009/fake_video_real_audio_p4.mp4,fake_video_real_audio_p4,00009,True
lrs3/D492MbAfBJc/00001/fake_video_real_audio_p4.mp4,fake_video_real_audio_p4,00001,True
lrs3/ORBf73HiJns/00043/fake_video_fake_audio_p1.mp4,fake_video_fake_audio_p1,00043,True
lrs3/Nvw0reB1gpI/00009/real.mp4,real,00009,True
lrs3/ARWBdfWpDyc/00004/fake_video_fake_audio.mp4,fake_video_fake_audio,00004,True
lrs3/OSz2v42F0E0/00030/real_video_fake_audio_p3.mp4,real_video_fake_audio_p3,00030,True
lrs3/OSz2v42F0E0/00020/real_video_fake_audio_p3.mp4,real_video_fake_audio_p3,00020,True
lrs3/Dceyy0cX6J4/00005/00005_p4.mp4,00005_p4,00005,True
lrs3/53P0aypkpXY/00002/real.mp4,real,00002,True
lrs3/CQ6by9cmt54/00009/real_video_fake_audio_p4.mp4,real_video_fake_audio_p4,00009,True
lrs3/ONXYcNS7k1Y/00021/real_video_fake_audio.mp4,real_video_fake_audio,00021,True
lrs3/ORBf73HiJns/00023/real_video_fake_audio_p2.mp4,real_video_fake_audio_p2,00023,True
lrs3/BdHKSr9RXTc/00001/fake_video_real_audio_p1.mp4,fake_video_real_audio_p1,00001,True
lrs3/NaoSp4NpkGg/00002/fake_video_fake_audio.mp4,fake_video_fake_audio,00002,True
lrs3/ORvwzoSf1Sc/00003/00003_p1.mp4,00003_p1,00003,True
lrs3/C9kPFCw2u3M/00001/fake_video_fake_audio.mp4,fake_video_fake_audio,00001,True
lrs3/OSGHRMKrVM8/00041/fake_video_real_audio_p1.mp4,fake_video_real_audio_p1,00041,True
lrs3/MkRJG510CKo/00007/real_video_fake_audio_p4.mp4,real_video_fake_audio_p4,00007,True
lrs3/O6GimGZz6a8/00005/00005_p4.mp4,00005_p4,00005,True
lrs3/Fb2J5eDoFko/00001/fake_video_fake_audio_p3.mp4,fake_video_fake_audio_p3,00001,True
lrs3/MkRJG510CKo/00004/real_video_fake_audio_p2.mp4,real_video_fake_audio_p2,00004,True
lrs3/N37x4GgDVBM/00023/real_video_fake_audio.mp4,real_video_fake_audio,00023,True
lrs3/ONXYcNS7k1Y/00009/fake_video_fake_audio_p2.mp4,fake_video_fake_audio_p2,00009,True
lrs3/ONXYcNS7k1Y/00014/fake_video_real_audio_p4.mp4,fake_video_real_audio_p4,00014,True
lrs3/7CDwBdvTKUo/00001/00001_p1.mp4,00001_p1,00001,True
lrs3/C9CKRd2jScg/00003/00003.mp4,00003,00003,True
lrs3/OSz2v42F0E0/00005/fake_video_fake_audio.mp4,fake_video_fake_audio,00005,True
lrs3/NTbBuvcGnxM/00009/real.mp4,real,00009,True
lrs3/NaoSp4NpkGg/00009/00009_p1.mp4,00009_p1,00009,True
lrs3/KU0zEEDRKXo/00006/fake_video_fake_audio_p2.mp4,fake_video_fake_audio_p2,00006,True
lrs3/NcPusGLnqAc/00003/fake_video_real_audio_p1.mp4,fake_video_real_audio_p1,00003,True
lrs3/APgMXDjLcT4/00010/00010.mp4,00010,00010,True
lrs3/O4bGOvkkHcM/00007/real_video_fake_audio_p1.mp4,real_video_fake_audio_p1,00007,True
lrs3/OT9poHSD2Iw/00001/00001_p1.mp4,00001_p1,00001,True
lrs3/GHcCs4TPvYA/00008/00008_p4.mp4,00008_p4,00008,True
lrs3/ONXYcNS7k1Y/00028/real.mp4,real,00028,True
lrs3/OSGHRMKrVM8/00001/fake_video_real_audio_p4.mp4,fake_video_real_audio_p4,00001,True
lrs3/ORBf73HiJns/00032/real_video_fake_audio_p3.mp4,real_video_fake_audio_p3,00032,True
lrs3/OSz2v42F0E0/00009/real_video_fake_audio_p1.mp4,real_video_fake_audio_p1,00009,True
lrs3/NHopJHSlVo4/00004/real_video_fake_audio_p1.mp4,real_video_fake_audio_p1,00004,True
lrs3/8uOIa3AgSWY/00001/real_video_fake_audio_p3.mp4,real_video_fake_audio_p3,00001,True
lrs3/ORBf73HiJns/00041/fake_video_fake_audio.mp4,fake_video_fake_audio,00041,True
lrs3/86Hyq4bBpA0/00003/fake_video_fake_audio_p2.mp4,fake_video_fake_audio_p2,00003,True
lrs3/ORvwzoSf1Sc/00008/00008_p3.mp4,00008_p3,00008,True
lrs3/7TXEZ4tP06c/00015/fake_video_fake_audio_p3.mp4,fake_video_fake_audio_p3,00015,True
lrs3/HrG8UZjL5E8/00004/real_video_fake_audio_p3.mp4,real_video_fake_audio_p3,00004,True
lrs3/9RMaD0Sk7hc/00003/fake_video_real_audio_p2.mp4,fake_video_real_audio_p2,00003,True
lrs3/ORBf73HiJns/00027/fake_video_real_audio_p3.mp4,fake_video_real_audio_p3,00027,True
lrs3/NVrpKRdtWwc/00005/fake_video_fake_audio_p4.mp4,fake_video_fake_audio_p4,00005,True
lrs3/NaoSp4NpkGg/00002/00002_p2.mp4,00002_p2,00002,True
lrs3/OSGHRMKrVM8/00027/00027_p4.mp4,00027_p4,00027,True
lrs3/4qKAse8388k/00002/00002_p4.mp4,00002_p4,00002,True
lrs3/ORBf73HiJns/00022/real_video_fake_audio_p4.mp4,real_video_fake_audio_p4,00022,True
lrs3/ORvwzoSf1Sc/00008/fake_video_real_audio.mp4,fake_video_real_audio,00008,True
lrs3/OT9poHSD2Iw/00020/00020_p1.mp4,00020_p1,00020,True
lrs3/NgbqXsA62Qs/00008/fake_video_fake_audio_p2.mp4,fake_video_fake_audio_p2,00008,True
lrs3/ExcDNly1DbI/00009/real_video_fake_audio_p1.mp4,real_video_fake_audio_p1,00009,True
lrs3/OKNpguWW3Sk/00002/fake_video_real_audio.mp4,fake_video_real_audio,00002,True
lrs3/OSz2v42F0E0/00014/00014_p1.mp4,00014_p1,00014,True
lrs3/NS4bBu9Jyho/00002/fake_video_real_audio.mp4,fake_video_real_audio,00002,True
lrs3/7SvPhw9hAHs/00001/fake_video_fake_audio_p3.mp4,fake_video_fake_audio_p3,00001,True
lrs3/OT9poHSD2Iw/00006/00006_p3.mp4,00006_p3,00006,True
lrs3/CBphxhTY8mc/00001/00001_p1.mp4,00001_p1,00001,True
lrs3/0OkOQhXhsIE/00005/fake_video_real_audio_p2.mp4,fake_video_real_audio_p2,00005,True
lrs3/53P0aypkpXY/00004/00004_p2.mp4,00004_p2,00004,True
lrs3/OT9poHSD2Iw/00020/00020_p4.mp4,00020_p4,00020,True
lrs3/ORBf73HiJns/00025/fake_video_real_audio_p2.mp4,fake_video_real_audio_p2,00025,True
lrs3/O4g60zB4Un4/00003/real.mp4,real,00003,True
lrs3/KU0zEEDRKXo/00006/real_video_fake_audio_p2.mp4,real_video_fake_audio_p2,00006,True
lrs3/OSGHRMKrVM8/00020/fake_video_fake_audio_p3.mp4,fake_video_fake_audio_p3,00020,True
lrs3/O6GimGZz6a8/00024/00024_p4.mp4,00024_p4,00024,True
lrs3/OSz2v42F0E0/00018/00018_p1.mp4,00018_p1,00018,True
lrs3/NcPusGLnqAc/00004/real_video_fake_audio_p1.mp4,real_video_fake_audio_p1,00004,True
lrs3/8ZKTWji7k5Y/00001/fake_video_real_audio_p1.mp4,fake_video_real_audio_p1,00001,True
lrs3/O6GimGZz6a8/00022/fake_video_real_audio_p3.mp4,fake_video_real_audio_p3,00022,True
lrs3/ONXYcNS7k1Y/00009/real_video_fake_audio_p2.mp4,real_video_fake_audio_p2,00009,True
lrs3/NhmybGS7FLA/00003/fake_video_real_audio_p2.mp4,fake_video_real_audio_p2,00003,True
lrs3/NgbqXsA62Qs/00012/fake_video_fake_audio_p1.mp4,fake_video_fake_audio_p1,00012,True
lrs3/OSGHRMKrVM8/00020/fake_video_real_audio.mp4,fake_video_real_audio,00020,True
lrs3/3p3Svl9VFYU/00005/fake_video_fake_audio_p3.mp4,fake_video_fake_audio_p3,00005,True
lrs3/O6GimGZz6a8/00012/real_video_fake_audio_p4.mp4,real_video_fake_audio_p4,00012,True
lrs3/NS4bBu9Jyho/00005/real_video_fake_audio_p1.mp4,real_video_fake_audio_p1,00005,True
lrs3/OSz2v42F0E0/00002/00002_p1.mp4,00002_p1,00002,True
lrs3/86Hyq4bBpA0/00002/fake_video_fake_audio_p3.mp4,fake_video_fake_audio_p3,00002,True
lrs3/OT9poHSD2Iw/00013/00013_p1.mp4,00013_p1,00013,True
lrs3/64fDIZiVSSM/00001/00001_p4.mp4,00001_p4,00001,True
lrs3/ONXYcNS7k1Y/00013/fake_video_real_audio_p4.mp4,fake_video_real_audio_p4,00013,True
lrs3/OSz2v42F0E0/00024/00024_p4.mp4,00024_p4,00024,True
lrs3/NgbqXsA62Qs/00007/00007_p1.mp4,00007_p1,00007,True
lrs3/NgbqXsA62Qs/00003/real.mp4,real,00003,True
lrs3/LsSh5ZUfnz4/00003/00003.mp4,00003,00003,True
lrs3/FvAl7Sjddok/00001/fake_video_fake_audio_p3.mp4,fake_video_fake_audio_p3,00001,True
lrs3/ONXYcNS7k1Y/00015/00015.mp4,00015,00015,True
lrs3/D492MbAfBJc/00001/real_video_fake_audio_p2.mp4,real_video_fake_audio_p2,00001,True
lrs3/CQ6by9cmt54/00008/00008.mp4,00008,00008,True
lrs3/MkRJG510CKo/00001/fake_video_real_audio_p1.mp4,fake_video_real_audio_p1,00001,True
lrs3/D9Ihs241zeg/00002/fake_video_fake_audio_p2.mp4,fake_video_fake_audio_p2,00002,True
lrs3/CBphxhTY8mc/00001/fake_video_fake_audio.mp4,fake_video_fake_audio,00001,True
lrs3/NgbqXsA62Qs/00014/real_video_fake_audio_p4.mp4,real_video_fake_audio_p4,00014,True
lrs3/ORBf73HiJns/00010/00010_p4.mp4,00010_p4,00010,True
lrs3/NVrpKRdtWwc/00007/real_video_fake_audio_p2.mp4,real_video_fake_audio_p2,00007,True
lrs3/ONXYcNS7k1Y/00028/fake_video_fake_audio_p3.mp4,fake_video_fake_audio_p3,00028,True
lrs3/GYcP2BR8EtY/00003/real_video_fake_audio.mp4,real_video_fake_audio,00003,True
lrs3/O6GimGZz6a8/00007/00007_p3.mp4,00007_p3,00007,True
lrs3/0OkOQhXhsIE/00008/00008.mp4,00008,00008,True
lrs3/84QouBqCIWg/00002/fake_video_real_audio.mp4,fake_video_real_audio,00002,True
lrs3/O4bGOvkkHcM/00001/fake_video_fake_audio_p2.mp4,fake_video_fake_audio_p2,00001,True
lrs3/NRO0SJXuFMY/00006/00006_p1.mp4,00006_p1,00006,True
lrs3/95MmftgCHMo/00002/real.mp4,real,00002,True
lrs3/NAcuH7nSdLc/00010/00010_p3.mp4,00010_p3,00010,True
lrs3/5nrn5fC001Q/00001/real_video_fake_audio_p4.mp4,real_video_fake_audio_p4,00001,True
lrs3/NcPusGLnqAc/00006/00006_p1.mp4,00006_p1,00006,True
lrs3/Nvw0reB1gpI/00011/real_video_fake_audio_p2.mp4,real_video_fake_audio_p2,00011,True
lrs3/OT9poHSD2Iw/00015/real_video_fake_audio.mp4,real_video_fake_audio,00015,True
lrs3/O6GimGZz6a8/00010/real_video_fake_audio_p3.mp4,real_video_fake_audio_p3,00010,True
lrs3/NS4bBu9Jyho/00007/fake_video_fake_audio_p2.mp4,fake_video_fake_audio_p2,00007,True
lrs3/O6GimGZz6a8/00014/fake_video_fake_audio_p4.mp4,fake_video_fake_audio_p4,00014,True
lrs3/NcPusGLnqAc/00009/fake_video_fake_audio_p4.mp4,fake_video_fake_audio_p4,00009,True
lrs3/NgbqXsA62Qs/00014/00014_p2.mp4,00014_p2,00014,True
lrs3/ONXYcNS7k1Y/00024/fake_video_real_audio_p2.mp4,fake_video_real_audio_p2,00024,True
lrs3/OT9poHSD2Iw/00004/00004_p2.mp4,00004_p2,00004,True
lrs3/Nvw0reB1gpI/00006/fake_video_fake_audio_p4.mp4,fake_video_fake_audio_p4,00006,True
lrs3/O6GimGZz6a8/00006/00006_p4.mp4,00006_p4,00006,True
lrs3/OSz2v42F0E0/00026/00026_p3.mp4,00026_p3,00026,True
lrs3/OT9poHSD2Iw/00023/00023_p1.mp4,00023_p1,00023,True
lrs3/5nrn5fC001Q/00002/fake_video_real_audio_p3.mp4,fake_video_real_audio_p3,00002,True
lrs3/NgbqXsA62Qs/00008/real_video_fake_audio_p4.mp4,real_video_fake_audio_p4,00008,True
lrs3/ORBf73HiJns/00027/real_video_fake_audio_p1.mp4,real_video_fake_audio_p1,00027,True
lrs3/ONXYcNS7k1Y/00009/real_video_fake_audio_p4.mp4,real_video_fake_audio_p4,00009,True
lrs3/63tVsJI31Tk/00004/real_video_fake_audio_p3.mp4,real_video_fake_audio_p3,00004,True
lrs3/9RMaD0Sk7hc/00003/real_video_fake_audio_p3.mp4,real_video_fake_audio_p3,00003,True
lrs3/ORvwzoSf1Sc/00012/fake_video_fake_audio_p1.mp4,fake_video_fake_audio_p1,00012,True
lrs3/OSGHRMKrVM8/00018/fake_video_real_audio.mp4,fake_video_real_audio,00018,True
lrs3/NaoSp4NpkGg/00004/fake_video_real_audio_p1.mp4,fake_video_real_audio_p1,00004,True
lrs3/NTbBuvcGnxM/00009/fake_video_real_audio_p2.mp4,fake_video_real_audio_p2,00009,True
lrs3/ORBf73HiJns/00015/00015_p2.mp4,00015_p2,00015,True
lrs3/OSz2v42F0E0/00015/real_video_fake_audio_p3.mp4,real_video_fake_audio_p3,00015,True
lrs3/OSGHRMKrVM8/00004/fake_video_real_audio.mp4,fake_video_real_audio,00004,True
lrs3/NTbBuvcGnxM/00001/fake_video_fake_audio_p3.mp4,fake_video_fake_audio_p3,00001,True
lrs3/Fb2J5eDoFko/00003/real_video_fake_audio_p3.mp4,real_video_fake_audio_p3,00003,True
lrs3/OSz2v42F0E0/00027/fake_video_fake_audio_p3.mp4,fake_video_fake_audio_p3,00027,True
lrs3/NS4bBu9Jyho/00010/real_video_fake_audio.mp4,real_video_fake_audio,00010,True
lrs3/ONXYcNS7k1Y/00032/fake_video_real_audio_p1.mp4,fake_video_real_audio_p1,00032,True
lrs3/C9kPFCw2u3M/00003/00003_p3.mp4,00003_p3,00003,True
lrs3/NTbBuvcGnxM/00009/fake_video_fake_audio.mp4,fake_video_fake_audio,00009,True
lrs3/ARWBdfWpDyc/00010/00010_p2.mp4,00010_p2,00010,True
lrs3/NVrpKRdtWwc/00011/fake_video_real_audio_p3.mp4,fake_video_real_audio_p3,00011,True
lrs3/OT9poHSD2Iw/00006/fake_video_real_audio_p1.mp4,fake_video_real_audio_p1,00006,True
lrs3/OT9poHSD2Iw/00006/real_video_fake_audio_p4.mp4,real_video_fake_audio_p4,00006,True
lrs3/3lxyiS3CGrk/00021/00021_p2.mp4,00021_p2,00021,True
lrs3/NPX5RwjNzl0/00004/fake_video_fake_audio_p4.mp4,fake_video_fake_audio_p4,00004,True
lrs3/OSz2v42F0E0/00005/fake_video_real_audio_p3.mp4,fake_video_real_audio_p3,00005,True
lrs3/NVrpKRdtWwc/00003/00003_p1.mp4,00003_p1,00003,True
lrs3/NaoSp4NpkGg/00007/real_video_fake_audio_p3.mp4,real_video_fake_audio_p3,00007,True
lrs3/ONXYcNS7k1Y/00012/00012_p1.mp4,00012_p1,00012,True
lrs3/31ojbLK0vU4/00002/00002_p2.mp4,00002_p2,00002,True
lrs3/O6GimGZz6a8/00003/fake_video_real_audio_p3.mp4,fake_video_real_audio_p3,00003,True
lrs3/BdHKSr9RXTc/00001/00001_p2.mp4,00001_p2,00001,True
lrs3/OSGHRMKrVM8/00027/fake_video_fake_audio_p4.mp4,fake_video_fake_audio_p4,00027,True
lrs3/ORBf73HiJns/00034/real_video_fake_audio_p2.mp4,real_video_fake_audio_p2,00034,True
lrs3/ORBf73HiJns/00008/fake_video_real_audio_p4.mp4,fake_video_real_audio_p4,00008,True
lrs3/1fZk6aWnqGg/00002/00002_p2.mp4,00002_p2,00002,True
lrs3/OSz2v42F0E0/00012/fake_video_fake_audio_p2.mp4,fake_video_fake_audio_p2,00012,True
lrs3/N37x4GgDVBM/00023/fake_video_real_audio_p4.mp4,fake_video_real_audio_p4,00023,True
lrs3/0OkOQhXhsIE/00002/00002_p1.mp4,00002_p1,00002,True
lrs3/0OkOQhXhsIE/00009/fake_video_fake_audio_p3.mp4,fake_video_fake_audio_p3,00009,True
lrs3/NhmybGS7FLA/00006/real_video_fake_audio_p3.mp4,real_video_fake_audio_p3,00006,True
lrs3/OSz2v42F0E0/00020/fake_video_fake_audio_p1.mp4,fake_video_fake_audio_p1,00020,True
lrs3/NRO0SJXuFMY/00001/00001_p2.mp4,00001_p2,00001,True
lrs3/NU82HhqhEHM/00008/fake_video_fake_audio_p2.mp4,fake_video_fake_audio_p2,00008,True
lrs3/ONXYcNS7k1Y/00013/00013_p4.mp4,00013_p4,00013,True
lrs3/NTbBuvcGnxM/00018/real_video_fake_audio_p1.mp4,real_video_fake_audio_p1,00018,True
lrs3/NgbqXsA62Qs/00011/00011.mp4,00011,00011,True
lrs3/ORBf73HiJns/00042/00042.mp4,00042,00042,True
lrs3/NaoSp4NpkGg/00013/real_video_fake_audio_p1.mp4,real_video_fake_audio_p1,00013,True
lrs3/HqawqHB7nDM/00022/real_video_fake_audio_p2.mp4,real_video_fake_audio_p2,00022,True
lrs3/OSz2v42F0E0/00003/00003.mp4,00003,00003,True
lrs3/FgSJcKSHUtQ/00002/00002.mp4,00002,00002,True
lrs3/NTbBuvcGnxM/00014/00014.mp4,00014,00014,True
lrs3/OSz2v42F0E0/00028/fake_video_fake_audio_p3.mp4,fake_video_fake_audio_p3,00028,True
lrs3/ORBf73HiJns/00037/00037_p3.mp4,00037_p3,00037,True
lrs3/Nvw0reB1gpI/00008/fake_video_real_audio_p3.mp4,fake_video_real_audio_p3,00008,True
lrs3/OT9poHSD2Iw/00015/00015_p1.mp4,00015_p1,00015,True
lrs3/C9kPFCw2u3M/00003/fake_video_fake_audio_p4.mp4,fake_video_fake_audio_p4,00003,True
lrs3/0YNeyBANrTI/00001/00001_p1.mp4,00001_p1,00001,True
lrs3/OSGHRMKrVM8/00036/fake_video_real_audio_p1.mp4,fake_video_real_audio_p1,00036,True
lrs3/O6jrLgvCUNs/00001/00001_p4.mp4,00001_p4,00001,True
lrs3/56XQd6fcWu8/00003/fake_video_real_audio_p2.mp4,fake_video_real_audio_p2,00003,True
lrs3/ORzTct2yITk/00001/00001_p1.mp4,00001_p1,00001,True
lrs3/OSz2v42F0E0/00015/fake_video_real_audio.mp4,fake_video_real_audio,00015,True
lrs3/OSGHRMKrVM8/00007/fake_video_fake_audio_p4.mp4,fake_video_fake_audio_p4,00007,True
lrs3/OT9poHSD2Iw/00023/00023_p2.mp4,00023_p2,00023,True
lrs3/ORBf73HiJns/00032/fake_video_fake_audio_p4.mp4,fake_video_fake_audio_p4,00032,True
lrs3/OSGHRMKrVM8/00028/00028_p4.mp4,00028_p4,00028,True
lrs3/ONXYcNS7k1Y/00029/fake_video_fake_audio_p2.mp4,fake_video_fake_audio_p2,00029,True
lrs3/O6GimGZz6a8/00023/fake_video_fake_audio.mp4,fake_video_fake_audio,00023,True
lrs3/ONXYcNS7k1Y/00024/real_video_fake_audio.mp4,real_video_fake_audio,00024,True
lrs3/ONXYcNS7k1Y/00021/fake_video_real_audio_p1.mp4,fake_video_real_audio_p1,00021,True
lrs3/ONXYcNS7k1Y/00030/fake_video_real_audio_p1.mp4,fake_video_real_audio_p1,00030,True
lrs3/NgbqXsA62Qs/00002/00002_p3.mp4,00002_p3,00002,True
lrs3/ORBf73HiJns/00004/fake_video_fake_audio_p3.mp4,fake_video_fake_audio_p3,00004,True
lrs3/GHcCs4TPvYA/00002/00002_p4.mp4,00002_p4,00002,True
lrs3/ONXYcNS7k1Y/00009/00009_p1.mp4,00009_p1,00009,True
lrs3/O2OQxHNVLNY/00001/00001_p4.mp4,00001_p4,00001,True
lrs3/86Hyq4bBpA0/00008/fake_video_real_audio_p1.mp4,fake_video_real_audio_p1,00008,True
lrs3/2iIIDwSJhAg/00001/fake_video_fake_audio_p3.mp4,fake_video_fake_audio_p3,00001,True
lrs3/ExcDNly1DbI/00003/fake_video_fake_audio_p4.mp4,fake_video_fake_audio_p4,00003,True
lrs3/N37x4GgDVBM/00023/00023_p3.mp4,00023_p3,00023,True
lrs3/ExcDNly1DbI/00004/00004_p4.mp4,00004_p4,00004,True
lrs3/ONXYcNS7k1Y/00031/fake_video_fake_audio_p3.mp4,fake_video_fake_audio_p3,00031,True
lrs3/Myp1sZBxTR8/00005/00005_p2.mp4,00005_p2,00005,True
lrs3/5nrn5fC001Q/00013/00013_p3.mp4,00013_p3,00013,True
lrs3/BdHKSr9RXTc/00001/real_video_fake_audio_p4.mp4,real_video_fake_audio_p4,00001,True
lrs3/NS4bBu9Jyho/00004/real.mp4,real,00004,True
lrs3/E66oIgegbv0/00003/00003.mp4,00003,00003,True
lrs3/7SvPhw9hAHs/00001/fake_video_real_audio_p4.mp4,fake_video_real_audio_p4,00001,True
lrs3/O4bGOvkkHcM/00002/00002_p3.mp4,00002_p3,00002,True
lrs3/O4g60zB4Un4/00003/real_video_fake_audio_p2.mp4,real_video_fake_audio_p2,00003,True
lrs3/NAcuH7nSdLc/00010/fake_video_fake_audio.mp4,fake_video_fake_audio,00010,True
lrs3/NHopJHSlVo4/00004/real.mp4,real,00004,True
lrs3/MkRJG510CKo/00004/fake_video_real_audio.mp4,fake_video_real_audio,00004,True
lrs3/ONXYcNS7k1Y/00022/00022_p3.mp4,00022_p3,00022,True
lrs3/O6GimGZz6a8/00025/real_video_fake_audio_p3.mp4,real_video_fake_audio_p3,00025,True
lrs3/NHopJHSlVo4/00001/real_video_fake_audio_p1.mp4,real_video_fake_audio_p1,00001,True
lrs3/5zuBDgBdyug/00001/real_video_fake_audio.mp4,real_video_fake_audio,00001,True
lrs3/ORBf73HiJns/00034/real_video_fake_audio.mp4,real_video_fake_audio,00034,True
lrs3/NVrpKRdtWwc/00004/00004.mp4,00004,00004,True
lrs3/NVrpKRdtWwc/00007/fake_video_real_audio_p3.mp4,fake_video_real_audio_p3,00007,True
lrs3/ORBf73HiJns/00040/00040_p3.mp4,00040_p3,00040,True
lrs3/NaoSp4NpkGg/00003/fake_video_real_audio_p4.mp4,fake_video_real_audio_p4,00003,True
lrs3/ONXYcNS7k1Y/00005/00005_p1.mp4,00005_p1,00005,True
lrs3/95MmftgCHMo/00002/real_video_fake_audio.mp4,real_video_fake_audio,00002,True
lrs3/O6GimGZz6a8/00008/00008.mp4,00008,00008,True
lrs3/O4bGOvkkHcM/00001/00001_p2.mp4,00001_p2,00001,True
lrs3/C9CKRd2jScg/00004/00004_p1.mp4,00004_p1,00004,True
lrs3/ORBf73HiJns/00036/real_video_fake_audio_p1.mp4,real_video_fake_audio_p1,00036,True
lrs3/FgSJcKSHUtQ/00005/00005.mp4,00005,00005,True
lrs3/NaoSp4NpkGg/00013/00013_p2.mp4,00013_p2,00013,True
lrs3/NhmybGS7FLA/00005/00005_p4.mp4,00005_p4,00005,True
lrs3/53P0aypkpXY/00004/00004_p1.mp4,00004_p1,00004,True
lrs3/ORBf73HiJns/00030/00030_p2.mp4,00030_p2,00030,True
lrs3/OSz2v42F0E0/00019/00019_p2.mp4,00019_p2,00019,True
lrs3/Aoa20kFNYmY/00007/00007_p3.mp4,00007_p3,00007,True
lrs3/O2OQxHNVLNY/00011/fake_video_real_audio_p3.mp4,fake_video_real_audio_p3,00011,True
lrs3/1fZk6aWnqGg/00002/00002_p4.mp4,00002_p4,00002,True
lrs3/GYcP2BR8EtY/00003/fake_video_real_audio_p3.mp4,fake_video_real_audio_p3,00003,True
lrs3/OSz2v42F0E0/00029/fake_video_fake_audio_p1.mp4,fake_video_fake_audio_p1,00029,True
lrs3/O6GimGZz6a8/00010/fake_video_fake_audio_p2.mp4,fake_video_fake_audio_p2,00010,True
lrs3/NgbqXsA62Qs/00019/00019.mp4,00019,00019,True
lrs3/OSGHRMKrVM8/00030/fake_video_fake_audio_p3.mp4,fake_video_fake_audio_p3,00030,True
lrs3/NU82HhqhEHM/00002/fake_video_fake_audio_p1.mp4,fake_video_fake_audio_p1,00002,True
lrs3/GHcCs4TPvYA/00003/fake_video_fake_audio_p2.mp4,fake_video_fake_audio_p2,00003,True
lrs3/D9Ihs241zeg/00002/fake_video_real_audio.mp4,fake_video_real_audio,00002,True
lrs3/OT9poHSD2Iw/00019/00019_p4.mp4,00019_p4,00019,True
lrs3/NgbqXsA62Qs/00015/00015_p1.mp4,00015_p1,00015,True
lrs3/7TXEZ4tP06c/00003/00003.mp4,00003,00003,True
lrs3/ORBf73HiJns/00022/fake_video_real_audio_p1.mp4,fake_video_real_audio_p1,00022,True
lrs3/84QouBqCIWg/00002/fake_video_fake_audio_p1.mp4,fake_video_fake_audio_p1,00002,True
lrs3/OSz2v42F0E0/00025/fake_video_fake_audio.mp4,fake_video_fake_audio,00025,True
lrs3/NPX5RwjNzl0/00006/fake_video_fake_audio.mp4,fake_video_fake_audio,00006,True
lrs3/4xnVNvd8lBg/00008/00008_p3.mp4,00008_p3,00008,True
lrs3/NU82HhqhEHM/00002/real_video_fake_audio_p3.mp4,real_video_fake_audio_p3,00002,True
lrs3/NgbqXsA62Qs/00002/fake_video_real_audio_p3.mp4,fake_video_real_audio_p3,00002,True
lrs3/GHcCs4TPvYA/00005/fake_video_fake_audio_p1.mp4,fake_video_fake_audio_p1,00005,True
lrs3/MkRJG510CKo/00007/fake_video_fake_audio_p1.mp4,fake_video_fake_audio_p1,00007,True
lrs3/OT9poHSD2Iw/00005/real.mp4,real,00005,True
lrs3/ONXYcNS7k1Y/00025/fake_video_fake_audio.mp4,fake_video_fake_audio,00025,True
lrs3/ONXYcNS7k1Y/00031/fake_video_fake_audio.mp4,fake_video_fake_audio,00031,True
lrs3/NS4bBu9Jyho/00004/fake_video_fake_audio_p4.mp4,fake_video_fake_audio_p4,00004,True
lrs3/O2OQxHNVLNY/00003/00003_p4.mp4,00003_p4,00003,True
lrs3/O6GimGZz6a8/00005/00005_p3.mp4,00005_p3,00005,True
lrs3/ORBf73HiJns/00038/real.mp4,real,00038,True
lrs3/C9kPFCw2u3M/00001/fake_video_fake_audio_p4.mp4,fake_video_fake_audio_p4,00001,True
lrs3/NgbqXsA62Qs/00003/fake_video_real_audio_p2.mp4,fake_video_real_audio_p2,00003,True
lrs3/DkocjGrWwvc/00004/real.mp4,real,00004,True
lrs3/NTbBuvcGnxM/00018/real_video_fake_audio.mp4,real_video_fake_audio,00018,True
lrs3/NcPusGLnqAc/00003/fake_video_real_audio_p3.mp4,fake_video_real_audio_p3,00003,True
lrs3/0N1oA9LUEc4/00008/00008_p3.mp4,00008_p3,00008,True
lrs3/GYcP2BR8EtY/00003/fake_video_fake_audio_p3.mp4,fake_video_fake_audio_p3,00003,True
lrs3/OT9poHSD2Iw/00007/00007_p2.mp4,00007_p2,00007,True
lrs3/NI0yARyFoIM/00009/fake_video_fake_audio.mp4,fake_video_fake_audio,00009,True
lrs3/ORBf73HiJns/00035/fake_video_real_audio_p2.mp4,fake_video_real_audio_p2,00035,True
lrs3/NCPzjiSS2Oo/00002/fake_video_real_audio_p1.mp4,fake_video_real_audio_p1,00002,True
lrs3/4xnVNvd8lBg/00006/fake_video_fake_audio_p3.mp4,fake_video_fake_audio_p3,00006,True
lrs3/NgbqXsA62Qs/00003/fake_video_fake_audio_p1.mp4,fake_video_fake_audio_p1,00003,True
lrs3/NgbqXsA62Qs/00009/fake_video_real_audio.mp4,fake_video_real_audio,00009,True
lrs3/64fDIZiVSSM/00001/00001_p3.mp4,00001_p3,00001,True
lrs3/Myp1sZBxTR8/00003/00003_p4.mp4,00003_p4,00003,True
lrs3/OKNpguWW3Sk/00001/00001_p2.mp4,00001_p2,00001,True
lrs3/D9Ihs241zeg/00002/00002_p3.mp4,00002_p3,00002,True
lrs3/F8pUtbSgrxc/00014/real_video_fake_audio_p4.mp4,real_video_fake_audio_p4,00014,True
lrs3/ORvwzoSf1Sc/00008/fake_video_fake_audio_p1.mp4,fake_video_fake_audio_p1,00008,True
lrs3/OSGHRMKrVM8/00018/fake_video_fake_audio_p3.mp4,fake_video_fake_audio_p3,00018,True
lrs3/NcPusGLnqAc/00009/fake_video_real_audio_p4.mp4,fake_video_real_audio_p4,00009,True
lrs3/ORBf73HiJns/00022/real_video_fake_audio_p1.mp4,real_video_fake_audio_p1,00022,True
lrs3/ORBf73HiJns/00007/real_video_fake_audio_p4.mp4,real_video_fake_audio_p4,00007,True
lrs3/NI0yARyFoIM/00009/fake_video_real_audio_p1.mp4,fake_video_real_audio_p1,00009,True
lrs3/NU82HhqhEHM/00005/00005.mp4,00005,00005,True
lrs3/NTbBuvcGnxM/00001/00001_p2.mp4,00001_p2,00001,True
lrs3/O6cmKeRV3Z0/00014/00014_p3.mp4,00014_p3,00014,True
lrs3/ORBf73HiJns/00031/real_video_fake_audio_p4.mp4,real_video_fake_audio_p4,00031,True
lrs3/HxMGItCnINE/00001/real_video_fake_audio_p2.mp4,real_video_fake_audio_p2,00001,True
lrs3/ORBf73HiJns/00007/00007_p1.mp4,00007_p1,00007,True
lrs3/ONXYcNS7k1Y/00008/00008_p1.mp4,00008_p1,00008,True
lrs3/OSz2v42F0E0/00025/fake_video_fake_audio_p2.mp4,fake_video_fake_audio_p2,00025,True
lrs3/1Hok1iGFNSk/00004/fake_video_fake_audio_p3.mp4,fake_video_fake_audio_p3,00004,True
lrs3/CyKmpyYy14k/00002/00002_p2.mp4,00002_p2,00002,True
lrs3/NTbBuvcGnxM/00009/00009_p4.mp4,00009_p4,00009,True
lrs3/NaoSp4NpkGg/00002/fake_video_fake_audio_p1.mp4,fake_video_fake_audio_p1,00002,True
lrs3/DkocjGrWwvc/00003/real.mp4,real,00003,True
lrs3/O6GimGZz6a8/00003/real_video_fake_audio_p3.mp4,real_video_fake_audio_p3,00003,True
lrs3/31ojbLK0vU4/00001/00001_p4.mp4,00001_p4,00001,True
lrs3/9yEl0SbCA9M/00005/00005_p1.mp4,00005_p1,00005,True
lrs3/Fb2J5eDoFko/00001/real_video_fake_audio_p1.mp4,real_video_fake_audio_p1,00001,True
lrs3/OSz2v42F0E0/00025/fake_video_real_audio_p2.mp4,fake_video_real_audio_p2,00025,True
lrs3/NcPusGLnqAc/00003/fake_video_fake_audio_p1.mp4,fake_video_fake_audio_p1,00003,True
lrs3/NgbqXsA62Qs/00006/00006_p3.mp4,00006_p3,00006,True
lrs3/OT9poHSD2Iw/00020/fake_video_real_audio_p4.mp4,fake_video_real_audio_p4,00020,True
lrs3/63tVsJI31Tk/00004/fake_video_real_audio_p3.mp4,fake_video_real_audio_p3,00004,True
lrs3/O6cmKeRV3Z0/00005/00005.mp4,00005,00005,True
lrs3/MkRJG510CKo/00005/real.mp4,real,00005,True
lrs3/O4bGOvkkHcM/00001/real_video_fake_audio_p2.mp4,real_video_fake_audio_p2,00001,True
lrs3/OSz2v42F0E0/00004/00004_p4.mp4,00004_p4,00004,True
lrs3/DkocjGrWwvc/00004/00004_p4.mp4,00004_p4,00004,True
lrs3/ONXYcNS7k1Y/00026/fake_video_real_audio.mp4,fake_video_real_audio,00026,True
lrs3/ExcDNly1DbI/00003/fake_video_real_audio_p4.mp4,fake_video_real_audio_p4,00003,True
lrs3/ORvwzoSf1Sc/00008/fake_video_fake_audio_p3.mp4,fake_video_fake_audio_p3,00008,True
lrs3/ORBf73HiJns/00010/fake_video_real_audio.mp4,fake_video_real_audio,00010,True
lrs3/7TXEZ4tP06c/00015/00015_p4.mp4,00015_p4,00015,True
lrs3/ORvwzoSf1Sc/00008/real_video_fake_audio.mp4,real_video_fake_audio,00008,True
lrs3/D9Ihs241zeg/00001/real_video_fake_audio_p1.mp4,real_video_fake_audio_p1,00001,True
lrs3/MbhNaj88uL4/00002/fake_video_fake_audio_p1.mp4,fake_video_fake_audio_p1,00002,True
lrs3/ORBf73HiJns/00006/00006_p3.mp4,00006_p3,00006,True
lrs3/O4g60zB4Un4/00003/00003_p4.mp4,00003_p4,00003,True
lrs3/OSGHRMKrVM8/00002/real_video_fake_audio.mp4,real_video_fake_audio,00002,True
lrs3/OSz2v42F0E0/00020/real_video_fake_audio_p2.mp4,real_video_fake_audio_p2,00020,True
lrs3/NU82HhqhEHM/00006/fake_video_fake_audio_p3.mp4,fake_video_fake_audio_p3,00006,True
lrs3/5nrn5fC001Q/00008/fake_video_real_audio_p2.mp4,fake_video_real_audio_p2,00008,True
lrs3/ORBf73HiJns/00003/real_video_fake_audio_p1.mp4,real_video_fake_audio_p1,00003,True
lrs3/ORvwzoSf1Sc/00004/fake_video_fake_audio_p2.mp4,fake_video_fake_audio_p2,00004,True
lrs3/N37x4GgDVBM/00023/fake_video_real_audio_p2.mp4,fake_video_real_audio_p2,00023,True
lrs3/NaoSp4NpkGg/00011/real.mp4,real,00011,True
lrs3/OT9poHSD2Iw/00009/00009_p1.mp4,00009_p1,00009,True
lrs3/3lxyiS3CGrk/00021/00021_p1.mp4,00021_p1,00021,True
lrs3/OSz2v42F0E0/00032/real_video_fake_audio_p2.mp4,real_video_fake_audio_p2,00032,True
lrs3/53P0aypkpXY/00001/00001_p2.mp4,00001_p2,00001,True
lrs3/ORBf73HiJns/00014/fake_video_real_audio_p1.mp4,fake_video_real_audio_p1,00014,True
lrs3/NI0yARyFoIM/00003/00003_p4.mp4,00003_p4,00003,True
lrs3/NcPusGLnqAc/00009/00009_p2.mp4,00009_p2,00009,True
lrs3/OSGHRMKrVM8/00007/fake_video_fake_audio_p2.mp4,fake_video_fake_audio_p2,00007,True
lrs3/Nvw0reB1gpI/00011/00011_p3.mp4,00011_p3,00011,True
lrs3/Nvw0reB1gpI/00008/fake_video_real_audio.mp4,fake_video_real_audio,00008,True
lrs3/NPX5RwjNzl0/00006/fake_video_fake_audio_p4.mp4,fake_video_fake_audio_p4,00006,True
lrs3/40Aziot4aao/00001/00001_p1.mp4,00001_p1,00001,True
lrs3/86Hyq4bBpA0/00001/00001_p4.mp4,00001_p4,00001,True
lrs3/Cu3ILSqFJJQ/00001/00001_p1.mp4,00001_p1,00001,True
lrs3/OT9poHSD2Iw/00011/real_video_fake_audio_p2.mp4,real_video_fake_audio_p2,00011,True
lrs3/E66oIgegbv0/00001/00001.mp4,00001,00001,True
lrs3/ORzTct2yITk/00002/fake_video_real_audio_p1.mp4,fake_video_real_audio_p1,00002,True
lrs3/NPX5RwjNzl0/00002/00002.mp4,00002,00002,True
lrs3/ONXYcNS7k1Y/00032/00032_p4.mp4,00032_p4,00032,True
lrs3/86Hyq4bBpA0/00002/real.mp4,real,00002,True
lrs3/NVrpKRdtWwc/00005/fake_video_real_audio.mp4,fake_video_real_audio,00005,True
lrs3/ARWBdfWpDyc/00006/fake_video_real_audio_p2.mp4,fake_video_real_audio_p2,00006,True
lrs3/MbhNaj88uL4/00002/fake_video_real_audio.mp4,fake_video_real_audio,00002,True
lrs3/FgSJcKSHUtQ/00002/00002_p4.mp4,00002_p4,00002,True
lrs3/OSz2v42F0E0/00028/fake_video_fake_audio.mp4,fake_video_fake_audio,00028,True
lrs3/O6GimGZz6a8/00017/real_video_fake_audio_p2.mp4,real_video_fake_audio_p2,00017,True
lrs3/NhmybGS7FLA/00011/real_video_fake_audio_p3.mp4,real_video_fake_audio_p3,00011,True
lrs3/NhmybGS7FLA/00002/00002_p2.mp4,00002_p2,00002,True
lrs3/Aoa20kFNYmY/00001/00001_p3.mp4,00001_p3,00001,True
lrs3/C9CKRd2jScg/00002/real_video_fake_audio_p2.mp4,real_video_fake_audio_p2,00002,True
lrs3/NAcuH7nSdLc/00017/real_video_fake_audio_p2.mp4,real_video_fake_audio_p2,00017,True
lrs3/OSz2v42F0E0/00008/00008_p3.mp4,00008_p3,00008,True
lrs3/NhmybGS7FLA/00001/00001.mp4,00001,00001,True
lrs3/NcPusGLnqAc/00010/fake_video_fake_audio_p2.mp4,fake_video_fake_audio_p2,00010,True
lrs3/86Hyq4bBpA0/00007/fake_video_real_audio_p4.mp4,fake_video_real_audio_p4,00007,True
lrs3/95MmftgCHMo/00002/00002_p2.mp4,00002_p2,00002,True
lrs3/OVSNSeFTaso/00003/00003.mp4,00003,00003,True
lrs3/Fb2J5eDoFko/00007/00007_p4.mp4,00007_p4,00007,True
lrs3/O6GimGZz6a8/00012/fake_video_fake_audio_p2.mp4,fake_video_fake_audio_p2,00012,True
lrs3/ONXYcNS7k1Y/00014/fake_video_fake_audio.mp4,fake_video_fake_audio,00014,True
lrs3/MkRJG510CKo/00005/00005_p3.mp4,00005_p3,00005,True
lrs3/NhmybGS7FLA/00007/00007_p4.mp4,00007_p4,00007,True
lrs3/63tVsJI31Tk/00004/00004_p1.mp4,00004_p1,00004,True
lrs3/Fb2J5eDoFko/00001/fake_video_fake_audio_p2.mp4,fake_video_fake_audio_p2,00001,True
lrs3/ORBf73HiJns/00020/00020_p1.mp4,00020_p1,00020,True
lrs3/7SvPhw9hAHs/00001/real_video_fake_audio_p4.mp4,real_video_fake_audio_p4,00001,True
lrs3/ORBf73HiJns/00041/fake_video_real_audio.mp4,fake_video_real_audio,00041,True
lrs3/NTbBuvcGnxM/00018/fake_video_real_audio.mp4,fake_video_real_audio,00018,True
lrs3/OT9poHSD2Iw/00008/00008.mp4,00008,00008,True
lrs3/1Hok1iGFNSk/00004/00004_p4.mp4,00004_p4,00004,True
lrs3/NS4bBu9Jyho/00008/real_video_fake_audio_p4.mp4,real_video_fake_audio_p4,00008,True
lrs3/Nvw0reB1gpI/00011/fake_video_real_audio_p4.mp4,fake_video_real_audio_p4,00011,True
lrs3/NU82HhqhEHM/00008/00008_p1.mp4,00008_p1,00008,True
lrs3/KjKBOo5tFX8/00002/00002_p4.mp4,00002_p4,00002,True
lrs3/OT9poHSD2Iw/00020/fake_video_real_audio_p2.mp4,fake_video_real_audio_p2,00020,True
lrs3/LsSh5ZUfnz4/00002/fake_video_fake_audio_p3.mp4,fake_video_fake_audio_p3,00002,True
lrs3/O6jrLgvCUNs/00005/00005.mp4,00005,00005,True
lrs3/0YNeyBANrTI/00003/00003_p2.mp4,00003_p2,00003,True
lrs3/O6GimGZz6a8/00014/fake_video_real_audio.mp4,fake_video_real_audio,00014,True
lrs3/O6GimGZz6a8/00014/real_video_fake_audio_p1.mp4,real_video_fake_audio_p1,00014,True
lrs3/12ud0nSTvro/00015/00015_p3.mp4,00015_p3,00015,True
lrs3/4xnVNvd8lBg/00005/real_video_fake_audio_p1.mp4,real_video_fake_audio_p1,00005,True
lrs3/9RMaD0Sk7hc/00004/real_video_fake_audio.mp4,real_video_fake_audio,00004,True
lrs3/3LfVxGdczEA/00002/fake_video_fake_audio.mp4,fake_video_fake_audio,00002,True
lrs3/Fb2J5eDoFko/00002/fake_video_fake_audio_p1.mp4,fake_video_fake_audio_p1,00002,True
lrs3/ORBf73HiJns/00002/00002_p1.mp4,00002_p1,00002,True
lrs3/NcPusGLnqAc/00009/fake_video_fake_audio_p3.mp4,fake_video_fake_audio_p3,00009,True
lrs3/4xnVNvd8lBg/00005/fake_video_fake_audio.mp4,fake_video_fake_audio,00005,True
lrs3/Aoa20kFNYmY/00007/00007_p4.mp4,00007_p4,00007,True
lrs3/ONXYcNS7k1Y/00018/00018_p1.mp4,00018_p1,00018,True
lrs3/Fb2J5eDoFko/00001/real_video_fake_audio_p4.mp4,real_video_fake_audio_p4,00001,True
lrs3/NcPusGLnqAc/00005/fake_video_real_audio_p2.mp4,fake_video_real_audio_p2,00005,True
lrs3/NgbqXsA62Qs/00007/fake_video_real_audio_p3.mp4,fake_video_real_audio_p3,00007,True
lrs3/NCPzjiSS2Oo/00004/00004_p4.mp4,00004_p4,00004,True
lrs3/O6GimGZz6a8/00022/fake_video_fake_audio_p1.mp4,fake_video_fake_audio_p1,00022,True
lrs3/ORvwzoSf1Sc/00002/fake_video_real_audio.mp4,fake_video_real_audio,00002,True
lrs3/OKNpguWW3Sk/00004/00004_p1.mp4,00004_p1,00004,True
lrs3/O4bGOvkkHcM/00008/00008.mp4,00008,00008,True
lrs3/O6GimGZz6a8/00017/00017_p4.mp4,00017_p4,00017,True
lrs3/OKNpguWW3Sk/00006/00006.mp4,00006,00006,True
lrs3/NPX5RwjNzl0/00005/fake_video_real_audio_p3.mp4,fake_video_real_audio_p3,00005,True
lrs3/NgbqXsA62Qs/00012/fake_video_real_audio_p4.mp4,fake_video_real_audio_p4,00012,True
lrs3/NaoSp4NpkGg/00013/fake_video_real_audio_p3.mp4,fake_video_real_audio_p3,00013,True
lrs3/LsSh5ZUfnz4/00002/real.mp4,real,00002,True
lrs3/O6GimGZz6a8/00011/00011_p2.mp4,00011_p2,00011,True
lrs3/ONXYcNS7k1Y/00026/fake_video_fake_audio_p3.mp4,fake_video_fake_audio_p3,00026,True
lrs3/0OkOQhXhsIE/00004/00004_p4.mp4,00004_p4,00004,True
lrs3/O6GimGZz6a8/00021/00021_p1.mp4,00021_p1,00021,True
lrs3/OSGHRMKrVM8/00006/fake_video_real_audio_p4.mp4,fake_video_real_audio_p4,00006,True
lrs3/NU82HhqhEHM/00002/real_video_fake_audio_p2.mp4,real_video_fake_audio_p2,00002,True
lrs3/NVrpKRdtWwc/00007/00007_p1.mp4,00007_p1,00007,True
lrs3/O6jrLgvCUNs/00019/00019_p2.mp4,00019_p2,00019,True
lrs3/NgbqXsA62Qs/00009/fake_video_real_audio_p3.mp4,fake_video_real_audio_p3,00009,True
lrs3/NgbqXsA62Qs/00012/fake_video_real_audio_p3.mp4,fake_video_real_audio_p3,00012,True
lrs3/NhmybGS7FLA/00015/00015_p1.mp4,00015_p1,00015,True
lrs3/OT9poHSD2Iw/00012/00012_p2.mp4,00012_p2,00012,True
lrs3/NgbqXsA62Qs/00021/00021_p4.mp4,00021_p4,00021,True
lrs3/O6GimGZz6a8/00023/fake_video_real_audio_p2.mp4,fake_video_real_audio_p2,00023,True
lrs3/NHopJHSlVo4/00002/fake_video_fake_audio.mp4,fake_video_fake_audio,00002,True
lrs3/ORzTct2yITk/00002/00002_p4.mp4,00002_p4,00002,True
lrs3/OT9poHSD2Iw/00025/fake_video_real_audio.mp4,fake_video_real_audio,00025,True
lrs3/NhmybGS7FLA/00008/real_video_fake_audio_p3.mp4,real_video_fake_audio_p3,00008,True
lrs3/NaoSp4NpkGg/00011/fake_video_real_audio_p4.mp4,fake_video_real_audio_p4,00011,True
lrs3/MkRJG510CKo/00004/00004_p3.mp4,00004_p3,00004,True
lrs3/NgbqXsA62Qs/00012/fake_video_real_audio_p2.mp4,fake_video_real_audio_p2,00012,True
lrs3/9RMaD0Sk7hc/00006/00006_p3.mp4,00006_p3,00006,True
lrs3/JnfBXjWm7hc/00001/00001.mp4,00001,00001,True
lrs3/7TXEZ4tP06c/00015/real_video_fake_audio_p3.mp4,real_video_fake_audio_p3,00015,True
lrs3/O2OQxHNVLNY/00011/fake_video_real_audio.mp4,fake_video_real_audio,00011,True
lrs3/O6GimGZz6a8/00020/real_video_fake_audio_p2.mp4,real_video_fake_audio_p2,00020,True
lrs3/NhmybGS7FLA/00003/00003_p2.mp4,00003_p2,00003,True
lrs3/OSGHRMKrVM8/00034/real_video_fake_audio_p4.mp4,real_video_fake_audio_p4,00034,True
lrs3/CQ6by9cmt54/00003/00003.mp4,00003,00003,True
lrs3/63tVsJI31Tk/00005/fake_video_fake_audio_p2.mp4,fake_video_fake_audio_p2,00005,True
lrs3/NgbqXsA62Qs/00018/fake_video_fake_audio_p3.mp4,fake_video_fake_audio_p3,00018,True
lrs3/OSGHRMKrVM8/00032/00032_p4.mp4,00032_p4,00032,True
lrs3/OSz2v42F0E0/00016/00016.mp4,00016,00016,True
lrs3/OSz2v42F0E0/00018/fake_video_real_audio_p1.mp4,fake_video_real_audio_p1,00018,True
lrs3/0YNeyBANrTI/00002/00002_p4.mp4,00002_p4,00002,True
lrs3/KU0zEEDRKXo/00005/fake_video_real_audio_p2.mp4,fake_video_real_audio_p2,00005,True
lrs3/7TXEZ4tP06c/00015/real_video_fake_audio_p1.mp4,real_video_fake_audio_p1,00015,True
lrs3/OSz2v42F0E0/00012/00012_p2.mp4,00012_p2,00012,True
lrs3/OSGHRMKrVM8/00042/fake_video_real_audio_p2.mp4,fake_video_real_audio_p2,00042,True
lrs3/86Hyq4bBpA0/00007/00007_p4.mp4,00007_p4,00007,True
lrs3/OT9poHSD2Iw/00017/00017_p3.mp4,00017_p3,00017,True
lrs3/NhmybGS7FLA/00005/00005_p3.mp4,00005_p3,00005,True
lrs3/O6GimGZz6a8/00022/00022_p2.mp4,00022_p2,00022,True
lrs3/0OkOQhXhsIE/00009/fake_video_fake_audio.mp4,fake_video_fake_audio,00009,True
lrs3/DkocjGrWwvc/00004/real_video_fake_audio_p1.mp4,real_video_fake_audio_p1,00004,True
lrs3/NRO0SJXuFMY/00013/fake_video_real_audio_p3.mp4,fake_video_real_audio_p3,00013,True
lrs3/LlJJRGPfqwA/00001/00001_p2.mp4,00001_p2,00001,True
lrs3/NgbqXsA62Qs/00012/real_video_fake_audio.mp4,real_video_fake_audio,00012,True
lrs3/0YNeyBANrTI/00003/fake_video_real_audio_p4.mp4,fake_video_real_audio_p4,00003,True
lrs3/NU82HhqhEHM/00002/fake_video_real_audio_p3.mp4,fake_video_real_audio_p3,00002,True
lrs3/Nvw0reB1gpI/00008/00008_p2.mp4,00008_p2,00008,True
lrs3/NaoSp4NpkGg/00012/00012.mp4,00012,00012,True
lrs3/9RMaD0Sk7hc/00002/00002_p4.mp4,00002_p4,00002,True
lrs3/12ud0nSTvro/00015/00015_p4.mp4,00015_p4,00015,True
lrs3/NI0yARyFoIM/00001/fake_video_fake_audio_p4.mp4,fake_video_fake_audio_p4,00001,True
lrs3/E66oIgegbv0/00002/00002_p3.mp4,00002_p3,00002,True
lrs3/C9kPFCw2u3M/00001/00001_p3.mp4,00001_p3,00001,True
lrs3/HxMGItCnINE/00001/real_video_fake_audio_p3.mp4,real_video_fake_audio_p3,00001,True
lrs3/ONXYcNS7k1Y/00018/fake_video_fake_audio_p2.mp4,fake_video_fake_audio_p2,00018,True
lrs3/OSGHRMKrVM8/00019/real_video_fake_audio_p3.mp4,real_video_fake_audio_p3,00019,True
lrs3/O6GimGZz6a8/00020/fake_video_real_audio_p3.mp4,fake_video_real_audio_p3,00020,True
lrs3/NHopJHSlVo4/00001/real_video_fake_audio_p4.mp4,real_video_fake_audio_p4,00001,True
lrs3/O6cmKeRV3Z0/00003/00003_p2.mp4,00003_p2,00003,True
lrs3/NcPusGLnqAc/00009/fake_video_real_audio.mp4,fake_video_real_audio,00009,True
lrs3/ORBf73HiJns/00023/real_video_fake_audio_p3.mp4,real_video_fake_audio_p3,00023,True
lrs3/O2OQxHNVLNY/00005/real_video_fake_audio_p1.mp4,real_video_fake_audio_p1,00005,True
lrs3/8uOIa3AgSWY/00001/fake_video_fake_audio_p4.mp4,fake_video_fake_audio_p4,00001,True
lrs3/OSz2v42F0E0/00032/00032_p2.mp4,00032_p2,00032,True
lrs3/O4bGOvkkHcM/00007/00007_p1.mp4,00007_p1,00007,True
lrs3/NgbqXsA62Qs/00018/fake_video_fake_audio.mp4,fake_video_fake_audio,00018,True
lrs3/NCPzjiSS2Oo/00004/00004_p1.mp4,00004_p1,00004,True
lrs3/5nrn5fC001Q/00009/00009_p4.mp4,00009_p4,00009,True
lrs3/MkRJG510CKo/00001/fake_video_fake_audio_p3.mp4,fake_video_fake_audio_p3,00001,True
lrs3/OSz2v42F0E0/00011/00011_p2.mp4,00011_p2,00011,True
lrs3/NcPusGLnqAc/00003/00003_p3.mp4,00003_p3,00003,True
lrs3/8SmeicgKjwA/00001/real_video_fake_audio_p1.mp4,real_video_fake_audio_p1,00001,True
lrs3/C9kPFCw2u3M/00003/fake_video_real_audio.mp4,fake_video_real_audio,00003,True
lrs3/NgbqXsA62Qs/00022/00022_p4.mp4,00022_p4,00022,True
lrs3/OSGHRMKrVM8/00002/fake_video_real_audio_p1.mp4,fake_video_real_audio_p1,00002,True
lrs3/NaoSp4NpkGg/00006/real.mp4,real,00006,True
lrs3/GHcCs4TPvYA/00010/fake_video_fake_audio_p4.mp4,fake_video_fake_audio_p4,00010,True
lrs3/NHopJHSlVo4/00001/00001_p2.mp4,00001_p2,00001,True
lrs3/O6cmKeRV3Z0/00007/00007_p2.mp4,00007_p2,00007,True
lrs3/MkRJG510CKo/00008/real_video_fake_audio.mp4,real_video_fake_audio,00008,True
lrs3/ORBf73HiJns/00019/real_video_fake_audio.mp4,real_video_fake_audio,00019,True
lrs3/NhmybGS7FLA/00005/00005_p2.mp4,00005_p2,00005,True
lrs3/O6jrLgvCUNs/00006/real_video_fake_audio_p1.mp4,real_video_fake_audio_p1,00006,True
lrs3/O6jrLgvCUNs/00011/00011_p4.mp4,00011_p4,00011,True
lrs3/NS4bBu9Jyho/00007/fake_video_fake_audio_p4.mp4,fake_video_fake_audio_p4,00007,True
lrs3/NCPzjiSS2Oo/00001/real_video_fake_audio_p3.mp4,real_video_fake_audio_p3,00001,True
lrs3/NhmybGS7FLA/00015/00015_p4.mp4,00015_p4,00015,True
lrs3/1fZk6aWnqGg/00002/00002.mp4,00002,00002,True
lrs3/6MgDcFlTgVM/00005/real_video_fake_audio_p3.mp4,real_video_fake_audio_p3,00005,True
lrs3/ARWBdfWpDyc/00014/00014_p3.mp4,00014_p3,00014,True
lrs3/NTbBuvcGnxM/00003/00003.mp4,00003,00003,True
lrs3/O6cmKeRV3Z0/00002/real_video_fake_audio_p1.mp4,real_video_fake_audio_p1,00002,True
lrs3/ORBf73HiJns/00024/00024_p3.mp4,00024_p3,00024,True
lrs3/NcPusGLnqAc/00010/fake_video_real_audio.mp4,fake_video_real_audio,00010,True
lrs3/OSGHRMKrVM8/00027/fake_video_fake_audio_p1.mp4,fake_video_fake_audio_p1,00027,True
lrs3/31ojbLK0vU4/00001/00001.mp4,00001,00001,True
lrs3/O6GimGZz6a8/00014/fake_video_real_audio_p2.mp4,fake_video_real_audio_p2,00014,True
lrs3/O6cmKeRV3Z0/00014/00014_p4.mp4,00014_p4,00014,True
lrs3/NaoSp4NpkGg/00003/real_video_fake_audio_p2.mp4,real_video_fake_audio_p2,00003,True
lrs3/O4bGOvkkHcM/00007/fake_video_fake_audio_p1.mp4,fake_video_fake_audio_p1,00007,True
lrs3/ORBf73HiJns/00024/fake_video_real_audio.mp4,fake_video_real_audio,00024,True
lrs3/MkRJG510CKo/00001/00001_p2.mp4,00001_p2,00001,True
lrs3/DkocjGrWwvc/00004/fake_video_real_audio_p1.mp4,fake_video_real_audio_p1,00004,True
lrs3/NgbqXsA62Qs/00010/real.mp4,real,00010,True
lrs3/OVSNSeFTaso/00002/00002_p3.mp4,00002_p3,00002,True
lrs3/ORvwzoSf1Sc/00012/real.mp4,real,00012,True
lrs3/ORBf73HiJns/00006/fake_video_real_audio_p3.mp4,fake_video_real_audio_p3,00006,True
lrs3/Myp1sZBxTR8/00005/real_video_fake_audio_p1.mp4,real_video_fake_audio_p1,00005,True
lrs3/J5jwEyDaRS0/00004/real_video_fake_audio.mp4,real_video_fake_audio,00004,True
lrs3/OSGHRMKrVM8/00019/real_video_fake_audio_p2.mp4,real_video_fake_audio_p2,00019,True
lrs3/NgbqXsA62Qs/00001/00001_p4.mp4,00001_p4,00001,True
lrs3/OSz2v42F0E0/00030/fake_video_fake_audio_p3.mp4,fake_video_fake_audio_p3,00030,True
lrs3/ONXYcNS7k1Y/00031/real_video_fake_audio.mp4,real_video_fake_audio,00031,True
lrs3/O2OQxHNVLNY/00005/fake_video_real_audio_p3.mp4,fake_video_real_audio_p3,00005,True
lrs3/2iIIDwSJhAg/00001/fake_video_fake_audio_p1.mp4,fake_video_fake_audio_p1,00001,True
lrs3/GYcP2BR8EtY/00002/00002.mp4,00002,00002,True
lrs3/ORBf73HiJns/00034/real_video_fake_audio_p1.mp4,real_video_fake_audio_p1,00034,True
lrs3/8PQc3M2HQSs/00002/fake_video_real_audio_p2.mp4,fake_video_real_audio_p2,00002,True
lrs3/ORBf73HiJns/00034/fake_video_real_audio_p3.mp4,fake_video_real_audio_p3,00034,True
lrs3/NS4bBu9Jyho/00001/00001_p1.mp4,00001_p1,00001,True
lrs3/ORBf73HiJns/00035/fake_video_real_audio_p4.mp4,fake_video_real_audio_p4,00035,True
lrs3/OSz2v42F0E0/00028/real_video_fake_audio_p3.mp4,real_video_fake_audio_p3,00028,True
lrs3/ORBf73HiJns/00026/real_video_fake_audio.mp4,real_video_fake_audio,00026,True
lrs3/ORBf73HiJns/00038/real_video_fake_audio_p1.mp4,real_video_fake_audio_p1,00038,True
lrs3/OSGHRMKrVM8/00027/real_video_fake_audio_p1.mp4,real_video_fake_audio_p1,00027,True
lrs3/NhmybGS7FLA/00001/00001_p3.mp4,00001_p3,00001,True
lrs3/C9kPFCw2u3M/00001/00001_p2.mp4,00001_p2,00001,True
lrs3/9RMaD0Sk7hc/00004/real_video_fake_audio_p2.mp4,real_video_fake_audio_p2,00004,True
lrs3/OSGHRMKrVM8/00015/fake_video_fake_audio_p2.mp4,fake_video_fake_audio_p2,00015,True
lrs3/O4bGOvkkHcM/00009/00009_p1.mp4,00009_p1,00009,True
lrs3/O6GimGZz6a8/00025/fake_video_fake_audio_p4.mp4,fake_video_fake_audio_p4,00025,True
lrs3/OT9poHSD2Iw/00003/fake_video_real_audio_p1.mp4,fake_video_real_audio_p1,00003,True
lrs3/53P0aypkpXY/00003/00003_p2.mp4,00003_p2,00003,True
lrs3/ORBf73HiJns/00001/real_video_fake_audio_p4.mp4,real_video_fake_audio_p4,00001,True
lrs3/ORBf73HiJns/00007/fake_video_fake_audio_p4.mp4,fake_video_fake_audio_p4,00007,True
lrs3/NI0yARyFoIM/00006/00006.mp4,00006,00006,True
lrs3/OSz2v42F0E0/00014/00014_p4.mp4,00014_p4,00014,True
lrs3/ORBf73HiJns/00023/fake_video_real_audio_p2.mp4,fake_video_real_audio_p2,00023,True
lrs3/NgbqXsA62Qs/00007/fake_video_real_audio.mp4,fake_video_real_audio,00007,True
lrs3/OSGHRMKrVM8/00020/fake_video_fake_audio_p2.mp4,fake_video_fake_audio_p2,00020,True
lrs3/OSz2v42F0E0/00010/fake_video_fake_audio_p2.mp4,fake_video_fake_audio_p2,00010,True
lrs3/NVrpKRdtWwc/00005/real.mp4,real,00005,True
lrs3/OT9poHSD2Iw/00005/00005_p2.mp4,00005_p2,00005,True
lrs3/Nvw0reB1gpI/00001/00001_p4.mp4,00001_p4,00001,True
lrs3/7TXEZ4tP06c/00002/real_video_fake_audio.mp4,real_video_fake_audio,00002,True
lrs3/O4bGOvkkHcM/00003/fake_video_fake_audio_p1.mp4,fake_video_fake_audio_p1,00003,True
lrs3/6MgDcFlTgVM/00003/00003_p2.mp4,00003_p2,00003,True
lrs3/OT9poHSD2Iw/00013/fake_video_real_audio_p3.mp4,fake_video_real_audio_p3,00013,True
lrs3/OT9poHSD2Iw/00009/00009_p2.mp4,00009_p2,00009,True
lrs3/O4g60zB4Un4/00002/00002_p1.mp4,00002_p1,00002,True
lrs3/Nvw0reB1gpI/00010/real_video_fake_audio_p2.mp4,real_video_fake_audio_p2,00010,True
lrs3/C9CKRd2jScg/00002/real_video_fake_audio_p1.mp4,real_video_fake_audio_p1,00002,True
lrs3/NaoSp4NpkGg/00016/00016_p4.mp4,00016_p4,00016,True
lrs3/OT9poHSD2Iw/00003/fake_video_fake_audio_p1.mp4,fake_video_fake_audio_p1,00003,True
lrs3/ORBf73HiJns/00043/00043_p1.mp4,00043_p1,00043,True
lrs3/NgbqXsA62Qs/00001/00001_p1.mp4,00001_p1,00001,True
lrs3/NHopJHSlVo4/00002/00002_p2.mp4,00002_p2,00002,True
lrs3/OSz2v42F0E0/00018/00018_p2.mp4,00018_p2,00018,True
lrs3/Nvw0reB1gpI/00002/real_video_fake_audio_p1.mp4,real_video_fake_audio_p1,00002,True
lrs3/NRO0SJXuFMY/00012/00012.mp4,00012,00012,True
lrs3/0OkOQhXhsIE/00010/fake_video_real_audio_p4.mp4,fake_video_real_audio_p4,00010,True
lrs3/84QouBqCIWg/00003/00003_p4.mp4,00003_p4,00003,True
lrs3/O6GimGZz6a8/00025/fake_video_real_audio_p3.mp4,fake_video_real_audio_p3,00025,True
lrs3/MkRJG510CKo/00007/00007_p2.mp4,00007_p2,00007,True
lrs3/ONXYcNS7k1Y/00003/00003_p2.mp4,00003_p2,00003,True
lrs3/64SbHvDcgQQ/00001/00001.mp4,00001,00001,True
lrs3/Aoa20kFNYmY/00003/00003.mp4,00003,00003,True
lrs3/63tVsJI31Tk/00005/fake_video_real_audio_p3.mp4,fake_video_real_audio_p3,00005,True
lrs3/86Hyq4bBpA0/00008/real_video_fake_audio_p4.mp4,real_video_fake_audio_p4,00008,True
lrs3/NCPzjiSS2Oo/00001/00001_p1.mp4,00001_p1,00001,True
lrs3/1fTJSjszTac/00001/00001_p3.mp4,00001_p3,00001,True
lrs3/O6GimGZz6a8/00004/00004_p2.mp4,00004_p2,00004,True
lrs3/OSz2v42F0E0/00005/00005_p3.mp4,00005_p3,00005,True
lrs3/OSGHRMKrVM8/00006/real_video_fake_audio_p4.mp4,real_video_fake_audio_p4,00006,True
lrs3/ORBf73HiJns/00026/00026_p4.mp4,00026_p4,00026,True
lrs3/O6GimGZz6a8/00024/00024_p2.mp4,00024_p2,00024,True
lrs3/NHopJHSlVo4/00001/fake_video_fake_audio_p2.mp4,fake_video_fake_audio_p2,00001,True
lrs3/O2OQxHNVLNY/00009/real_video_fake_audio_p2.mp4,real_video_fake_audio_p2,00009,True
lrs3/9RMaD0Sk7hc/00006/00006.mp4,00006,00006,True
lrs3/GHcCs4TPvYA/00003/real_video_fake_audio_p1.mp4,real_video_fake_audio_p1,00003,True
lrs3/Nvw0reB1gpI/00003/00003.mp4,00003,00003,True
lrs3/Fb2J5eDoFko/00009/00009_p4.mp4,00009_p4,00009,True
lrs3/O6GimGZz6a8/00023/fake_video_real_audio_p1.mp4,fake_video_real_audio_p1,00023,True
lrs3/NVrpKRdtWwc/00001/00001_p1.mp4,00001_p1,00001,True
lrs3/NS4bBu9Jyho/00004/real_video_fake_audio_p1.mp4,real_video_fake_audio_p1,00004,True
lrs3/ORvwzoSf1Sc/00003/real_video_fake_audio_p3.mp4,real_video_fake_audio_p3,00003,True
lrs3/NaoSp4NpkGg/00003/fake_video_fake_audio_p4.mp4,fake_video_fake_audio_p4,00003,True
lrs3/OSz2v42F0E0/00030/00030_p3.mp4,00030_p3,00030,True
lrs3/53P0aypkpXY/00003/fake_video_fake_audio_p2.mp4,fake_video_fake_audio_p2,00003,True
lrs3/NS4bBu9Jyho/00004/real_video_fake_audio_p4.mp4,real_video_fake_audio_p4,00004,True
lrs3/OSz2v42F0E0/00028/00028_p1.mp4,00028_p1,00028,True
lrs3/O6GimGZz6a8/00003/00003_p2.mp4,00003_p2,00003,True
lrs3/O6GimGZz6a8/00006/fake_video_real_audio_p3.mp4,fake_video_real_audio_p3,00006,True
lrs3/O6GimGZz6a8/00016/00016_p3.mp4,00016_p3,00016,True
lrs3/O4bGOvkkHcM/00008/00008_p3.mp4,00008_p3,00008,True
lrs3/NAcuH7nSdLc/00010/fake_video_fake_audio_p4.mp4,fake_video_fake_audio_p4,00010,True
lrs3/NcPusGLnqAc/00007/fake_video_fake_audio_p3.mp4,fake_video_fake_audio_p3,00007,True
lrs3/64fDIZiVSSM/00002/00002_p1.mp4,00002_p1,00002,True
lrs3/ORBf73HiJns/00043/00043_p2.mp4,00043_p2,00043,True
lrs3/9RMaD0Sk7hc/00004/fake_video_real_audio.mp4,fake_video_real_audio,00004,True
lrs3/NgbqXsA62Qs/00006/00006_p1.mp4,00006_p1,00006,True
lrs3/ONXYcNS7k1Y/00028/real_video_fake_audio_p3.mp4,real_video_fake_audio_p3,00028,True
lrs3/HqawqHB7nDM/00022/real_video_fake_audio.mp4,real_video_fake_audio,00022,True
lrs3/OSGHRMKrVM8/00008/00008.mp4,00008,00008,True
lrs3/O2OQxHNVLNY/00010/real_video_fake_audio_p4.mp4,real_video_fake_audio_p4,00010,True
lrs3/31ojbLK0vU4/00003/00003_p3.mp4,00003_p3,00003,True
lrs3/ExcDNly1DbI/00002/00002_p4.mp4,00002_p4,00002,True
lrs3/C9kPFCw2u3M/00002/fake_video_real_audio_p3.mp4,fake_video_real_audio_p3,00002,True
lrs3/ONXYcNS7k1Y/00030/fake_video_fake_audio.mp4,fake_video_fake_audio,00030,True
lrs3/OT9poHSD2Iw/00011/real_video_fake_audio.mp4,real_video_fake_audio,00011,True
lrs3/ORzTct2yITk/00002/real_video_fake_audio_p4.mp4,real_video_fake_audio_p4,00002,True
lrs3/O6GimGZz6a8/00003/00003_p3.mp4,00003_p3,00003,True
lrs3/NPX5RwjNzl0/00003/00003_p1.mp4,00003_p1,00003,True
lrs3/86Hyq4bBpA0/00003/real_video_fake_audio_p1.mp4,real_video_fake_audio_p1,00003,True
lrs3/0YNeyBANrTI/00001/fake_video_fake_audio.mp4,fake_video_fake_audio,00001,True
lrs3/OSGHRMKrVM8/00040/fake_video_real_audio_p3.mp4,fake_video_real_audio_p3,00040,True
lrs3/2YPHJdq5QWM/00002/00002_p4.mp4,00002_p4,00002,True
lrs3/O6jrLgvCUNs/00015/real_video_fake_audio.mp4,real_video_fake_audio,00015,True
lrs3/CQ6by9cmt54/00009/fake_video_real_audio_p1.mp4,fake_video_real_audio_p1,00009,True
lrs3/O6cmKeRV3Z0/00014/00014.mp4,00014,00014,True
lrs3/ORBf73HiJns/00021/00021_p4.mp4,00021_p4,00021,True
lrs3/GHcCs4TPvYA/00006/00006_p4.mp4,00006_p4,00006,True
lrs3/O4bGOvkkHcM/00006/00006_p4.mp4,00006_p4,00006,True
lrs3/63tVsJI31Tk/00005/fake_video_real_audio_p4.mp4,fake_video_real_audio_p4,00005,True
lrs3/ORBf73HiJns/00011/00011_p2.mp4,00011_p2,00011,True
lrs3/NaoSp4NpkGg/00016/00016_p1.mp4,00016_p1,00016,True
lrs3/4xnVNvd8lBg/00005/fake_video_fake_audio_p2.mp4,fake_video_fake_audio_p2,00005,True
lrs3/ONXYcNS7k1Y/00004/00004_p2.mp4,00004_p2,00004,True
lrs3/NS4bBu9Jyho/00002/00002_p3.mp4,00002_p3,00002,True
lrs3/OSz2v42F0E0/00002/00002_p4.mp4,00002_p4,00002,True
lrs3/NaoSp4NpkGg/00016/fake_video_real_audio_p4.mp4,fake_video_real_audio_p4,00016,True
lrs3/LnnyuVG0krs/00003/00003_p3.mp4,00003_p3,00003,True
lrs3/0YNeyBANrTI/00001/fake_video_fake_audio_p4.mp4,fake_video_fake_audio_p4,00001,True
lrs3/NhmybGS7FLA/00006/fake_video_fake_audio_p3.mp4,fake_video_fake_audio_p3,00006,True
lrs3/ONXYcNS7k1Y/00015/00015_p4.mp4,00015_p4,00015,True
lrs3/ARWBdfWpDyc/00004/fake_video_real_audio_p3.mp4,fake_video_real_audio_p3,00004,True
lrs3/OSGHRMKrVM8/00035/real_video_fake_audio_p1.mp4,real_video_fake_audio_p1,00035,True
lrs3/NgbqXsA62Qs/00012/00012_p1.mp4,00012_p1,00012,True
lrs3/OSGHRMKrVM8/00041/fake_video_fake_audio_p3.mp4,fake_video_fake_audio_p3,00041,True
lrs3/NcPusGLnqAc/00003/fake_video_fake_audio_p4.mp4,fake_video_fake_audio_p4,00003,True
lrs3/O2OQxHNVLNY/00009/fake_video_real_audio_p1.mp4,fake_video_real_audio_p1,00009,True
lrs3/ORBf73HiJns/00036/fake_video_real_audio_p1.mp4,fake_video_real_audio_p1,00036,True
lrs3/OSz2v42F0E0/00007/00007_p3.mp4,00007_p3,00007,True
lrs3/O4bGOvkkHcM/00003/00003_p3.mp4,00003_p3,00003,True
lrs3/LsSh5ZUfnz4/00001/00001_p3.mp4,00001_p3,00001,True
lrs3/63tVsJI31Tk/00003/00003_p2.mp4,00003_p2,00003,True
lrs3/OSGHRMKrVM8/00014/fake_video_fake_audio_p3.mp4,fake_video_fake_audio_p3,00014,True
lrs3/4xnVNvd8lBg/00006/real_video_fake_audio_p1.mp4,real_video_fake_audio_p1,00006,True
lrs3/NgbqXsA62Qs/00014/fake_video_real_audio_p4.mp4,fake_video_real_audio_p4,00014,True
lrs3/NhmybGS7FLA/00003/00003_p1.mp4,00003_p1,00003,True
lrs3/ExcDNly1DbI/00009/fake_video_fake_audio_p4.mp4,fake_video_fake_audio_p4,00009,True
lrs3/3p3Svl9VFYU/00005/00005_p2.mp4,00005_p2,00005,True
lrs3/NgbqXsA62Qs/00023/real.mp4,real,00023,True
lrs3/Fb2J5eDoFko/00003/real_video_fake_audio.mp4,real_video_fake_audio,00003,True
lrs3/Nvw0reB1gpI/00006/fake_video_real_audio_p3.mp4,fake_video_real_audio_p3,00006,True
lrs3/NaoSp4NpkGg/00002/00002_p1.mp4,00002_p1,00002,True
lrs3/OSGHRMKrVM8/00011/fake_video_fake_audio_p4.mp4,fake_video_fake_audio_p4,00011,True
lrs3/ORBf73HiJns/00004/real_video_fake_audio_p3.mp4,real_video_fake_audio_p3,00004,True
lrs3/NS4bBu9Jyho/00005/fake_video_fake_audio_p4.mp4,fake_video_fake_audio_p4,00005,True
lrs3/OSz2v42F0E0/00030/fake_video_real_audio_p4.mp4,fake_video_real_audio_p4,00030,True
lrs3/NRO0SJXuFMY/00010/00010_p1.mp4,00010_p1,00010,True
lrs3/O6jrLgvCUNs/00006/fake_video_real_audio_p1.mp4,fake_video_real_audio_p1,00006,True
lrs3/Nvw0reB1gpI/00005/fake_video_real_audio.mp4,fake_video_real_audio,00005,True
lrs3/NaoSp4NpkGg/00005/00005_p1.mp4,00005_p1,00005,True
lrs3/NCPzjiSS2Oo/00002/real_video_fake_audio.mp4,real_video_fake_audio,00002,True
lrs3/NCPzjiSS2Oo/00004/00004.mp4,00004,00004,True
lrs3/OSz2v42F0E0/00022/00022_p1.mp4,00022_p1,00022,True
lrs3/O6jrLgvCUNs/00015/real_video_fake_audio_p2.mp4,real_video_fake_audio_p2,00015,True
lrs3/53P0aypkpXY/00007/00007_p1.mp4,00007_p1,00007,True
lrs3/2YPHJdq5QWM/00003/fake_video_real_audio_p3.mp4,fake_video_real_audio_p3,00003,True
lrs3/OT9poHSD2Iw/00007/fake_video_fake_audio.mp4,fake_video_fake_audio,00007,True
lrs3/OSz2v42F0E0/00013/00013_p4.mp4,00013_p4,00013,True
lrs3/NTbBuvcGnxM/00009/real_video_fake_audio_p1.mp4,real_video_fake_audio_p1,00009,True
lrs3/53P0aypkpXY/00003/fake_video_real_audio.mp4,fake_video_real_audio,00003,True
lrs3/HBUoaf8vwJ4/00008/00008_p4.mp4,00008_p4,00008,True
lrs3/NI0yARyFoIM/00009/fake_video_real_audio_p2.mp4,fake_video_real_audio_p2,00009,True
lrs3/56XQd6fcWu8/00001/00001_p3.mp4,00001_p3,00001,True
lrs3/OSz2v42F0E0/00009/fake_video_real_audio_p2.mp4,fake_video_real_audio_p2,00009,True
lrs3/O6GimGZz6a8/00017/fake_video_fake_audio_p1.mp4,fake_video_fake_audio_p1,00017,True
lrs3/OT9poHSD2Iw/00015/fake_video_real_audio_p3.mp4,fake_video_real_audio_p3,00015,True
lrs3/HqawqHB7nDM/00022/fake_video_real_audio_p4.mp4,fake_video_real_audio_p4,00022,True
lrs3/ARWBdfWpDyc/00006/fake_video_real_audio_p1.mp4,fake_video_real_audio_p1,00006,True
lrs3/63tVsJI31Tk/00005/fake_video_real_audio_p2.mp4,fake_video_real_audio_p2,00005,True
lrs3/1Hok1iGFNSk/00001/00001.mp4,00001,00001,True
lrs3/ORBf73HiJns/00035/fake_video_fake_audio_p3.mp4,fake_video_fake_audio_p3,00035,True
lrs3/NS4bBu9Jyho/00007/00007_p4.mp4,00007_p4,00007,True
lrs3/ORBf73HiJns/00038/00038_p2.mp4,00038_p2,00038,True
lrs3/4xnVNvd8lBg/00007/00007_p4.mp4,00007_p4,00007,True
lrs3/ExcDNly1DbI/00005/00005_p4.mp4,00005_p4,00005,True
lrs3/5nrn5fC001Q/00007/00007.mp4,00007,00007,True
lrs3/95MmftgCHMo/00002/fake_video_fake_audio.mp4,fake_video_fake_audio,00002,True
lrs3/LsSh5ZUfnz4/00001/00001_p2.mp4,00001_p2,00001,True
lrs3/ORBf73HiJns/00020/00020.mp4,00020,00020,True
lrs3/OSz2v42F0E0/00009/fake_video_fake_audio_p2.mp4,fake_video_fake_audio_p2,00009,True
lrs3/53P0aypkpXY/00005/00005_p3.mp4,00005_p3,00005,True
lrs3/NgbqXsA62Qs/00023/fake_video_real_audio_p3.mp4,fake_video_real_audio_p3,00023,True
lrs3/ORBf73HiJns/00006/00006_p1.mp4,00006_p1,00006,True
lrs3/ORBf73HiJns/00008/real_video_fake_audio_p1.mp4,real_video_fake_audio_p1,00008,True
lrs3/Nvw0reB1gpI/00005/fake_video_fake_audio_p2.mp4,fake_video_fake_audio_p2,00005,True
lrs3/ORBf73HiJns/00012/00012_p4.mp4,00012_p4,00012,True
lrs3/OT9poHSD2Iw/00023/fake_video_fake_audio_p2.mp4,fake_video_fake_audio_p2,00023,True
lrs3/ORBf73HiJns/00010/00010_p2.mp4,00010_p2,00010,True
lrs3/9RMaD0Sk7hc/00003/real.mp4,real,00003,True
lrs3/NS4bBu9Jyho/00005/real_video_fake_audio_p2.mp4,real_video_fake_audio_p2,00005,True
lrs3/OT9poHSD2Iw/00005/real_video_fake_audio.mp4,real_video_fake_audio,00005,True
lrs3/ORBf73HiJns/00031/fake_video_real_audio_p4.mp4,fake_video_real_audio_p4,00031,True
lrs3/OSz2v42F0E0/00012/fake_video_fake_audio.mp4,fake_video_fake_audio,00012,True
lrs3/NhmybGS7FLA/00013/00013_p3.mp4,00013_p3,00013,True
lrs3/ORBf73HiJns/00017/00017_p2.mp4,00017_p2,00017,True
lrs3/OSGHRMKrVM8/00002/real_video_fake_audio_p1.mp4,real_video_fake_audio_p1,00002,True
lrs3/ORBf73HiJns/00022/fake_video_fake_audio_p2.mp4,fake_video_fake_audio_p2,00022,True
lrs3/OSz2v42F0E0/00012/real_video_fake_audio.mp4,real_video_fake_audio,00012,True
lrs3/OT9poHSD2Iw/00007/fake_video_real_audio.mp4,fake_video_real_audio,00007,True
lrs3/NS4bBu9Jyho/00002/fake_video_real_audio_p3.mp4,fake_video_real_audio_p3,00002,True
lrs3/OT9poHSD2Iw/00025/real_video_fake_audio.mp4,real_video_fake_audio,00025,True
lrs3/ORBf73HiJns/00031/fake_video_real_audio_p2.mp4,fake_video_real_audio_p2,00031,True
lrs3/ORBf73HiJns/00010/fake_video_fake_audio.mp4,fake_video_fake_audio,00010,True
lrs3/OT9poHSD2Iw/00017/00017.mp4,00017,00017,True
lrs3/ExcDNly1DbI/00003/real.mp4,real,00003,True
lrs3/DkocjGrWwvc/00003/real_video_fake_audio_p4.mp4,real_video_fake_audio_p4,00003,True
lrs3/0N1oA9LUEc4/00020/00020_p3.mp4,00020_p3,00020,True
lrs3/O2OQxHNVLNY/00009/fake_video_fake_audio_p1.mp4,fake_video_fake_audio_p1,00009,True
lrs3/ONXYcNS7k1Y/00013/00013_p3.mp4,00013_p3,00013,True
lrs3/NRO0SJXuFMY/00013/fake_video_real_audio_p4.mp4,fake_video_real_audio_p4,00013,True
lrs3/NaoSp4NpkGg/00016/real_video_fake_audio_p4.mp4,real_video_fake_audio_p4,00016,True
lrs3/NgbqXsA62Qs/00012/fake_video_fake_audio_p3.mp4,fake_video_fake_audio_p3,00012,True
lrs3/DkocjGrWwvc/00004/fake_video_fake_audio_p3.mp4,fake_video_fake_audio_p3,00004,True
lrs3/NbpSibMSEiE/00008/00008_p3.mp4,00008_p3,00008,True
lrs3/GHcCs4TPvYA/00003/real_video_fake_audio_p2.mp4,real_video_fake_audio_p2,00003,True
lrs3/3lxyiS3CGrk/00001/00001.mp4,00001,00001,True
lrs3/NbpSibMSEiE/00008/real.mp4,real,00008,True
lrs3/NbpSibMSEiE/00008/real_video_fake_audio_p4.mp4,real_video_fake_audio_p4,00008,True
lrs3/86Hyq4bBpA0/00003/real_video_fake_audio_p3.mp4,real_video_fake_audio_p3,00003,True
lrs3/ORBf73HiJns/00043/real_video_fake_audio_p4.mp4,real_video_fake_audio_p4,00043,True
lrs3/7SvPhw9hAHs/00001/real_video_fake_audio_p1.mp4,real_video_fake_audio_p1,00001,True
lrs3/ORBf73HiJns/00009/00009_p2.mp4,00009_p2,00009,True
lrs3/OT9poHSD2Iw/00017/00017_p4.mp4,00017_p4,00017,True
lrs3/E66oIgegbv0/00005/00005_p4.mp4,00005_p4,00005,True
lrs3/OSz2v42F0E0/00009/00009_p3.mp4,00009_p3,00009,True
lrs3/NgbqXsA62Qs/00008/fake_video_fake_audio.mp4,fake_video_fake_audio,00008,True
lrs3/ONXYcNS7k1Y/00031/00031_p1.mp4,00031_p1,00031,True
lrs3/NRO0SJXuFMY/00007/real_video_fake_audio.mp4,real_video_fake_audio,00007,True
lrs3/MkRJG510CKo/00008/fake_video_real_audio_p1.mp4,fake_video_real_audio_p1,00008,True
lrs3/NaoSp4NpkGg/00013/fake_video_real_audio_p1.mp4,fake_video_real_audio_p1,00013,True
lrs3/E66oIgegbv0/00002/00002.mp4,00002,00002,True
lrs3/ONXYcNS7k1Y/00008/00008.mp4,00008,00008,True
lrs3/ONXYcNS7k1Y/00031/00031_p3.mp4,00031_p3,00031,True
lrs3/O4bGOvkkHcM/00003/fake_video_fake_audio_p2.mp4,fake_video_fake_audio_p2,00003,True
lrs3/HrG8UZjL5E8/00004/fake_video_real_audio.mp4,fake_video_real_audio,00004,True
lrs3/Nvw0reB1gpI/00009/real_video_fake_audio_p3.mp4,real_video_fake_audio_p3,00009,True
lrs3/4qKAse8388k/00003/fake_video_fake_audio_p1.mp4,fake_video_fake_audio_p1,00003,True
lrs3/ORBf73HiJns/00005/00005_p3.mp4,00005_p3,00005,True
lrs3/OT9poHSD2Iw/00020/fake_video_real_audio.mp4,fake_video_real_audio,00020,True
lrs3/OSz2v42F0E0/00031/00031_p2.mp4,00031_p2,00031,True
lrs3/7TXEZ4tP06c/00002/real_video_fake_audio_p1.mp4,real_video_fake_audio_p1,00002,True
lrs3/ORBf73HiJns/00012/fake_video_fake_audio_p1.mp4,fake_video_fake_audio_p1,00012,True
lrs3/3lxyiS3CGrk/00021/00021_p4.mp4,00021_p4,00021,True
lrs3/OSGHRMKrVM8/00018/fake_video_real_audio_p4.mp4,fake_video_real_audio_p4,00018,True
lrs3/NPX5RwjNzl0/00004/fake_video_real_audio_p4.mp4,fake_video_real_audio_p4,00004,True
lrs3/NTbBuvcGnxM/00018/00018_p1.mp4,00018_p1,00018,True
lrs3/31ojbLK0vU4/00002/00002_p3.mp4,00002_p3,00002,True
lrs3/NgbqXsA62Qs/00023/00023_p2.mp4,00023_p2,00023,True
lrs3/63tVsJI31Tk/00004/fake_video_fake_audio_p3.mp4,fake_video_fake_audio_p3,00004,True
lrs3/OSz2v42F0E0/00005/fake_video_fake_audio_p4.mp4,fake_video_fake_audio_p4,00005,True
lrs3/ORBf73HiJns/00038/00038_p4.mp4,00038_p4,00038,True
lrs3/ONXYcNS7k1Y/00024/real_video_fake_audio_p2.mp4,real_video_fake_audio_p2,00024,True
lrs3/NgbqXsA62Qs/00017/00017_p4.mp4,00017_p4,00017,True
lrs3/ORBf73HiJns/00032/fake_video_real_audio_p1.mp4,fake_video_real_audio_p1,00032,True
lrs3/O6GimGZz6a8/00010/fake_video_real_audio_p3.mp4,fake_video_real_audio_p3,00010,True
lrs3/86Hyq4bBpA0/00007/fake_video_real_audio_p3.mp4,fake_video_real_audio_p3,00007,True
lrs3/O6cmKeRV3Z0/00006/00006_p3.mp4,00006_p3,00006,True
lrs3/NhmybGS7FLA/00006/fake_video_real_audio_p1.mp4,fake_video_real_audio_p1,00006,True
lrs3/5nrn5fC001Q/00001/00001_p2.mp4,00001_p2,00001,True
lrs3/53P0aypkpXY/00001/00001.mp4,00001,00001,True
lrs3/ONXYcNS7k1Y/00018/fake_video_fake_audio_p4.mp4,fake_video_fake_audio_p4,00018,True
lrs3/O4bGOvkkHcM/00001/fake_video_fake_audio_p3.mp4,fake_video_fake_audio_p3,00001,True
lrs3/OSGHRMKrVM8/00020/real_video_fake_audio_p4.mp4,real_video_fake_audio_p4,00020,True
lrs3/OSGHRMKrVM8/00029/00029_p4.mp4,00029_p4,00029,True
lrs3/NVrpKRdtWwc/00005/real_video_fake_audio_p2.mp4,real_video_fake_audio_p2,00005,True
lrs3/NaoSp4NpkGg/00016/00016_p3.mp4,00016_p3,00016,True
lrs3/ORBf73HiJns/00035/00035_p3.mp4,00035_p3,00035,True
lrs3/31ojbLK0vU4/00001/fake_video_fake_audio_p1.mp4,fake_video_fake_audio_p1,00001,True
lrs3/3LfVxGdczEA/00003/real.mp4,real,00003,True
lrs3/HrG8UZjL5E8/00004/fake_video_fake_audio_p2.mp4,fake_video_fake_audio_p2,00004,True
lrs3/HqawqHB7nDM/00016/fake_video_fake_audio.mp4,fake_video_fake_audio,00016,True
lrs3/0OkOQhXhsIE/00008/00008_p4.mp4,00008_p4,00008,True
lrs3/8uOIa3AgSWY/00001/fake_video_fake_audio_p3.mp4,fake_video_fake_audio_p3,00001,True
lrs3/NbpSibMSEiE/00009/00009_p2.mp4,00009_p2,00009,True
lrs3/NaoSp4NpkGg/00011/real_video_fake_audio_p3.mp4,real_video_fake_audio_p3,00011,True
lrs3/OSGHRMKrVM8/00015/fake_video_real_audio_p1.mp4,fake_video_real_audio_p1,00015,True
lrs3/NaoSp4NpkGg/00003/00003_p4.mp4,00003_p4,00003,True
lrs3/Fb2J5eDoFko/00009/00009.mp4,00009,00009,True
lrs3/AR6RiSHN7S0/00042/00042_p4.mp4,00042_p4,00042,True
lrs3/OKNpguWW3Sk/00001/00001_p1.mp4,00001_p1,00001,True
lrs3/O4bGOvkkHcM/00007/00007_p3.mp4,00007_p3,00007,True
lrs3/NI0yARyFoIM/00009/fake_video_fake_audio_p2.mp4,fake_video_fake_audio_p2,00009,True
lrs3/MkRJG510CKo/00004/fake_video_fake_audio_p2.mp4,fake_video_fake_audio_p2,00004,True
lrs3/NhmybGS7FLA/00015/00015_p3.mp4,00015_p3,00015,True
lrs3/NaoSp4NpkGg/00011/00011_p4.mp4,00011_p4,00011,True
lrs3/OSz2v42F0E0/00015/00015_p3.mp4,00015_p3,00015,True
lrs3/NRO0SJXuFMY/00010/00010_p4.mp4,00010_p4,00010,True
lrs3/OSz2v42F0E0/00022/00022_p4.mp4,00022_p4,00022,True
lrs3/NcPusGLnqAc/00004/fake_video_fake_audio.mp4,fake_video_fake_audio,00004,True
lrs3/ONXYcNS7k1Y/00025/00025_p3.mp4,00025_p3,00025,True
lrs3/OT9poHSD2Iw/00020/fake_video_fake_audio_p2.mp4,fake_video_fake_audio_p2,00020,True
lrs3/ONXYcNS7k1Y/00031/real_video_fake_audio_p4.mp4,real_video_fake_audio_p4,00031,True
lrs3/NCPzjiSS2Oo/00001/fake_video_real_audio_p2.mp4,fake_video_real_audio_p2,00001,True
lrs3/5nrn5fC001Q/00008/00008_p4.mp4,00008_p4,00008,True
lrs3/NHopJHSlVo4/00001/fake_video_fake_audio_p4.mp4,fake_video_fake_audio_p4,00001,True
lrs3/ORBf73HiJns/00002/00002_p3.mp4,00002_p3,00002,True
lrs3/4qKAse8388k/00003/fake_video_real_audio.mp4,fake_video_real_audio,00003,True
lrs3/0OkOQhXhsIE/00009/fake_video_real_audio_p3.mp4,fake_video_real_audio_p3,00009,True
lrs3/OSz2v42F0E0/00013/00013_p2.mp4,00013_p2,00013,True
lrs3/OT9poHSD2Iw/00023/fake_video_real_audio_p2.mp4,fake_video_real_audio_p2,00023,True
lrs3/NI0yARyFoIM/00005/00005_p4.mp4,00005_p4,00005,True
lrs3/NgbqXsA62Qs/00016/00016_p4.mp4,00016_p4,00016,True
lrs3/O6cmKeRV3Z0/00014/00014_p1.mp4,00014_p1,00014,True
lrs3/NgbqXsA62Qs/00010/real_video_fake_audio_p2.mp4,real_video_fake_audio_p2,00010,True
lrs3/NaoSp4NpkGg/00010/00010_p3.mp4,00010_p3,00010,True
lrs3/Nvw0reB1gpI/00010/real_video_fake_audio_p4.mp4,real_video_fake_audio_p4,00010,True
lrs3/OSGHRMKrVM8/00016/00016.mp4,00016,00016,True
lrs3/OVSNSeFTaso/00002/fake_video_fake_audio_p4.mp4,fake_video_fake_audio_p4,00002,True
lrs3/Cu3ILSqFJJQ/00001/00001_p2.mp4,00001_p2,00001,True
lrs3/NS4bBu9Jyho/00006/00006_p2.mp4,00006_p2,00006,True
lrs3/NVrpKRdtWwc/00011/fake_video_real_audio_p1.mp4,fake_video_real_audio_p1,00011,True
lrs3/NAcuH7nSdLc/00017/00017_p1.mp4,00017_p1,00017,True
lrs3/HxMGItCnINE/00001/real_video_fake_audio.mp4,real_video_fake_audio,00001,True
lrs3/C9kPFCw2u3M/00002/real.mp4,real,00002,True
lrs3/NPX5RwjNzl0/00006/real_video_fake_audio_p3.mp4,real_video_fake_audio_p3,00006,True
lrs3/O4bGOvkkHcM/00009/00009_p4.mp4,00009_p4,00009,True
lrs3/NgbqXsA62Qs/00023/00023_p3.mp4,00023_p3,00023,True
lrs3/C9kPFCw2u3M/00003/fake_video_fake_audio.mp4,fake_video_fake_audio,00003,True
lrs3/Myp1sZBxTR8/00002/00002_p4.mp4,00002_p4,00002,True
lrs3/O4bGOvkkHcM/00006/fake_video_fake_audio_p1.mp4,fake_video_fake_audio_p1,00006,True
lrs3/NaoSp4NpkGg/00009/00009_p2.mp4,00009_p2,00009,True
lrs3/OSGHRMKrVM8/00003/00003.mp4,00003,00003,True
lrs3/ExcDNly1DbI/00005/real_video_fake_audio_p3.mp4,real_video_fake_audio_p3,00005,True
lrs3/NRO0SJXuFMY/00007/fake_video_fake_audio.mp4,fake_video_fake_audio,00007,True
lrs3/5nrn5fC001Q/00004/00004_p2.mp4,00004_p2,00004,True
lrs3/64fDIZiVSSM/00002/00002_p3.mp4,00002_p3,00002,True
lrs3/O6GimGZz6a8/00012/fake_video_real_audio_p1.mp4,fake_video_real_audio_p1,00012,True
lrs3/ARWBdfWpDyc/00004/real_video_fake_audio.mp4,real_video_fake_audio,00004,True
lrs3/9RMaD0Sk7hc/00007/00007.mp4,00007,00007,True
lrs3/OSGHRMKrVM8/00038/00038.mp4,00038,00038,True
lrs3/NcPusGLnqAc/00009/fake_video_real_audio_p2.mp4,fake_video_real_audio_p2,00009,True
lrs3/OT9poHSD2Iw/00005/00005_p3.mp4,00005_p3,00005,True
lrs3/O2OQxHNVLNY/00011/00011_p4.mp4,00011_p4,00011,True
lrs3/O4bGOvkkHcM/00006/real_video_fake_audio_p3.mp4,real_video_fake_audio_p3,00006,True
lrs3/O4bGOvkkHcM/00007/fake_video_real_audio_p2.mp4,fake_video_real_audio_p2,00007,True
lrs3/MkRJG510CKo/00007/fake_video_real_audio_p2.mp4,fake_video_real_audio_p2,00007,True
lrs3/Fb2J5eDoFko/00013/00013_p4.mp4,00013_p4,00013,True
lrs3/ExcDNly1DbI/00009/fake_video_real_audio_p2.mp4,fake_video_real_audio_p2,00009,True
lrs3/NS4bBu9Jyho/00007/00007_p3.mp4,00007_p3,00007,True
lrs3/0N1oA9LUEc4/00008/00008_p1.mp4,00008_p1,00008,True
lrs3/OT9poHSD2Iw/00015/fake_video_fake_audio_p1.mp4,fake_video_fake_audio_p1,00015,True
lrs3/OT9poHSD2Iw/00025/00025_p4.mp4,00025_p4,00025,True
lrs3/OSz2v42F0E0/00029/fake_video_fake_audio.mp4,fake_video_fake_audio,00029,True
lrs3/ORBf73HiJns/00027/real.mp4,real,00027,True
lrs3/GHcCs4TPvYA/00010/fake_video_real_audio.mp4,fake_video_real_audio,00010,True
lrs3/ORBf73HiJns/00024/fake_video_real_audio_p4.mp4,fake_video_real_audio_p4,00024,True
lrs3/Myp1sZBxTR8/00005/fake_video_real_audio_p3.mp4,fake_video_real_audio_p3,00005,True
lrs3/ORBf73HiJns/00027/real_video_fake_audio_p2.mp4,real_video_fake_audio_p2,00027,True
lrs3/0YNeyBANrTI/00003/fake_video_fake_audio_p2.mp4,fake_video_fake_audio_p2,00003,True
lrs3/53P0aypkpXY/00007/00007_p3.mp4,00007_p3,00007,True
lrs3/O6cmKeRV3Z0/00002/00002_p2.mp4,00002_p2,00002,True
lrs3/O2OQxHNVLNY/00010/real.mp4,real,00010,True
lrs3/0YNeyBANrTI/00001/fake_video_real_audio_p1.mp4,fake_video_real_audio_p1,00001,True
lrs3/OSGHRMKrVM8/00002/real.mp4,real,00002,True
lrs3/MbhNaj88uL4/00001/00001_p2.mp4,00001_p2,00001,True
lrs3/Nvw0reB1gpI/00008/fake_video_fake_audio_p3.mp4,fake_video_fake_audio_p3,00008,True
lrs3/NcPusGLnqAc/00003/fake_video_fake_audio.mp4,fake_video_fake_audio,00003,True
lrs3/4xnVNvd8lBg/00006/fake_video_fake_audio.mp4,fake_video_fake_audio,00006,True
lrs3/7TXEZ4tP06c/00002/real.mp4,real,00002,True
lrs3/FgSJcKSHUtQ/00004/00004_p4.mp4,00004_p4,00004,True
lrs3/OSGHRMKrVM8/00011/fake_video_real_audio_p3.mp4,fake_video_real_audio_p3,00011,True
lrs3/OT9poHSD2Iw/00005/fake_video_fake_audio_p3.mp4,fake_video_fake_audio_p3,00005,True
lrs3/HxMGItCnINE/00001/fake_video_fake_audio_p2.mp4,fake_video_fake_audio_p2,00001,True
lrs3/NcPusGLnqAc/00001/00001_p3.mp4,00001_p3,00001,True
lrs3/O6jrLgvCUNs/00004/00004_p1.mp4,00004_p1,00004,True
lrs3/OT9poHSD2Iw/00006/fake_video_real_audio.mp4,fake_video_real_audio,00006,True
lrs3/N37x4GgDVBM/00023/fake_video_real_audio.mp4,fake_video_real_audio,00023,True
lrs3/CyKmpyYy14k/00002/00002_p1.mp4,00002_p1,00002,True
lrs3/0YNeyBANrTI/00003/fake_video_fake_audio_p3.mp4,fake_video_fake_audio_p3,00003,True
lrs3/GHcCs4TPvYA/00010/00010_p4.mp4,00010_p4,00010,True
lrs3/NRO0SJXuFMY/00011/00011_p4.mp4,00011_p4,00011,True
lrs3/CyKmpyYy14k/00004/00004_p4.mp4,00004_p4,00004,True
lrs3/0OkOQhXhsIE/00011/00011_p1.mp4,00011_p1,00011,True
lrs3/NhmybGS7FLA/00011/fake_video_real_audio_p2.mp4,fake_video_real_audio_p2,00011,True
lrs3/O6cmKeRV3Z0/00005/00005_p4.mp4,00005_p4,00005,True
lrs3/ORvwzoSf1Sc/00003/00003_p2.mp4,00003_p2,00003,True
lrs3/ORBf73HiJns/00038/fake_video_fake_audio_p1.mp4,fake_video_fake_audio_p1,00038,True
lrs3/ORBf73HiJns/00007/real_video_fake_audio_p1.mp4,real_video_fake_audio_p1,00007,True
lrs3/8uOIa3AgSWY/00001/real_video_fake_audio_p4.mp4,real_video_fake_audio_p4,00001,True
lrs3/NgbqXsA62Qs/00010/real_video_fake_audio.mp4,real_video_fake_audio,00010,True
lrs3/O6GimGZz6a8/00010/fake_video_real_audio_p1.mp4,fake_video_real_audio_p1,00010,True
lrs3/OT9poHSD2Iw/00014/fake_video_real_audio.mp4,fake_video_real_audio,00014,True
lrs3/NaoSp4NpkGg/00007/fake_video_real_audio_p3.mp4,fake_video_real_audio_p3,00007,True
lrs3/NcPusGLnqAc/00004/00004_p3.mp4,00004_p3,00004,True
lrs3/OSGHRMKrVM8/00035/fake_video_fake_audio_p4.mp4,fake_video_fake_audio_p4,00035,True
lrs3/DkocjGrWwvc/00004/real_video_fake_audio_p4.mp4,real_video_fake_audio_p4,00004,True
lrs3/OT9poHSD2Iw/00024/00024_p4.mp4,00024_p4,00024,True
lrs3/O6cmKeRV3Z0/00013/00013_p3.mp4,00013_p3,00013,True
lrs3/31ojbLK0vU4/00001/real_video_fake_audio_p1.mp4,real_video_fake_audio_p1,00001,True
lrs3/NgbqXsA62Qs/00001/00001_p2.mp4,00001_p2,00001,True
lrs3/86Hyq4bBpA0/00002/fake_video_real_audio_p1.mp4,fake_video_real_audio_p1,00002,True
lrs3/NhmybGS7FLA/00017/real_video_fake_audio_p3.mp4,real_video_fake_audio_p3,00017,True
lrs3/ORBf73HiJns/00003/00003_p3.mp4,00003_p3,00003,True
lrs3/NaoSp4NpkGg/00007/fake_video_real_audio.mp4,fake_video_real_audio,00007,True
lrs3/3LfVxGdczEA/00003/00003_p3.mp4,00003_p3,00003,True
lrs3/N37x4GgDVBM/00023/fake_video_real_audio_p3.mp4,fake_video_real_audio_p3,00023,True
lrs3/0YNeyBANrTI/00001/fake_video_real_audio_p3.mp4,fake_video_real_audio_p3,00001,True
lrs3/84QouBqCIWg/00005/fake_video_real_audio_p4.mp4,fake_video_real_audio_p4,00005,True
lrs3/NgbqXsA62Qs/00023/fake_video_real_audio_p1.mp4,fake_video_real_audio_p1,00023,True
lrs3/NaoSp4NpkGg/00013/real_video_fake_audio.mp4,real_video_fake_audio,00013,True
lrs3/O2OQxHNVLNY/00008/00008.mp4,00008,00008,True
lrs3/NI0yARyFoIM/00005/00005.mp4,00005,00005,True
lrs3/OSGHRMKrVM8/00006/real.mp4,real,00006,True
lrs3/NcPusGLnqAc/00003/00003_p4.mp4,00003_p4,00003,True
lrs3/ORBf73HiJns/00035/fake_video_fake_audio_p1.mp4,fake_video_fake_audio_p1,00035,True
lrs3/OSz2v42F0E0/00017/00017_p4.mp4,00017_p4,00017,True
lrs3/NgbqXsA62Qs/00010/fake_video_real_audio_p2.mp4,fake_video_real_audio_p2,00010,True
lrs3/NhmybGS7FLA/00003/real_video_fake_audio_p2.mp4,real_video_fake_audio_p2,00003,True
lrs3/OSz2v42F0E0/00015/fake_video_fake_audio_p2.mp4,fake_video_fake_audio_p2,00015,True
lrs3/KU0zEEDRKXo/00005/00005.mp4,00005,00005,True
lrs3/Fb2J5eDoFko/00007/00007.mp4,00007,00007,True
lrs3/OSGHRMKrVM8/00012/real_video_fake_audio_p1.mp4,real_video_fake_audio_p1,00012,True
lrs3/0OkOQhXhsIE/00006/00006.mp4,00006,00006,True
lrs3/O6GimGZz6a8/00019/00019_p1.mp4,00019_p1,00019,True
lrs3/Nvw0reB1gpI/00004/00004.mp4,00004,00004,True
lrs3/ORBf73HiJns/00001/fake_video_real_audio_p2.mp4,fake_video_real_audio_p2,00001,True
lrs3/BdHKSr9RXTc/00001/fake_video_real_audio_p4.mp4,fake_video_real_audio_p4,00001,True
lrs3/J5jwEyDaRS0/00004/fake_video_real_audio_p3.mp4,fake_video_real_audio_p3,00004,True
lrs3/OSz2v42F0E0/00027/fake_video_fake_audio_p2.mp4,fake_video_fake_audio_p2,00027,True
lrs3/NgbqXsA62Qs/00003/fake_video_fake_audio_p2.mp4,fake_video_fake_audio_p2,00003,True
lrs3/64fDIZiVSSM/00006/fake_video_fake_audio_p2.mp4,fake_video_fake_audio_p2,00006,True
lrs3/0YNeyBANrTI/00003/real_video_fake_audio_p4.mp4,real_video_fake_audio_p4,00003,True
lrs3/D9Ihs241zeg/00002/fake_video_real_audio_p2.mp4,fake_video_real_audio_p2,00002,True
lrs3/OSGHRMKrVM8/00035/fake_video_fake_audio.mp4,fake_video_fake_audio,00035,True
lrs3/OSz2v42F0E0/00003/00003_p2.mp4,00003_p2,00003,True
lrs3/ORBf73HiJns/00003/fake_video_fake_audio_p2.mp4,fake_video_fake_audio_p2,00003,True
lrs3/ORvwzoSf1Sc/00003/fake_video_fake_audio.mp4,fake_video_fake_audio,00003,True
lrs3/O6GimGZz6a8/00007/00007_p2.mp4,00007_p2,00007,True
lrs3/D9Ihs241zeg/00001/real_video_fake_audio_p4.mp4,real_video_fake_audio_p4,00001,True
lrs3/ONXYcNS7k1Y/00026/real_video_fake_audio_p1.mp4,real_video_fake_audio_p1,00026,True
lrs3/4xnVNvd8lBg/00006/real_video_fake_audio_p2.mp4,real_video_fake_audio_p2,00006,True
lrs3/ARWBdfWpDyc/00004/fake_video_fake_audio_p1.mp4,fake_video_fake_audio_p1,00004,True
lrs3/ORBf73HiJns/00021/00021_p1.mp4,00021_p1,00021,True
lrs3/6MgDcFlTgVM/00005/fake_video_fake_audio_p3.mp4,fake_video_fake_audio_p3,00005,True
lrs3/0OkOQhXhsIE/00006/00006_p2.mp4,00006_p2,00006,True
lrs3/63tVsJI31Tk/00002/00002_p2.mp4,00002_p2,00002,True
lrs3/O2OQxHNVLNY/00010/fake_video_fake_audio_p4.mp4,fake_video_fake_audio_p4,00010,True
lrs3/NPX5RwjNzl0/00006/real_video_fake_audio_p2.mp4,real_video_fake_audio_p2,00006,True
lrs3/63tVsJI31Tk/00005/real_video_fake_audio_p4.mp4,real_video_fake_audio_p4,00005,True
lrs3/NI0yARyFoIM/00003/00003.mp4,00003,00003,True
lrs3/O6cmKeRV3Z0/00003/real_video_fake_audio_p2.mp4,real_video_fake_audio_p2,00003,True
lrs3/NgbqXsA62Qs/00014/fake_video_real_audio_p1.mp4,fake_video_real_audio_p1,00014,True
lrs3/2YPHJdq5QWM/00003/fake_video_real_audio.mp4,fake_video_real_audio,00003,True
lrs3/OSz2v42F0E0/00014/fake_video_fake_audio_p1.mp4,fake_video_fake_audio_p1,00014,True
lrs3/Fb2J5eDoFko/00003/fake_video_real_audio_p2.mp4,fake_video_real_audio_p2,00003,True
lrs3/NcPusGLnqAc/00010/fake_video_fake_audio_p1.mp4,fake_video_fake_audio_p1,00010,True
lrs3/MkRJG510CKo/00002/real_video_fake_audio_p1.mp4,real_video_fake_audio_p1,00002,True
lrs3/NcPusGLnqAc/00003/real_video_fake_audio_p1.mp4,real_video_fake_audio_p1,00003,True
lrs3/C9CKRd2jScg/00005/00005_p3.mp4,00005_p3,00005,True
lrs3/MbhNaj88uL4/00002/fake_video_fake_audio_p3.mp4,fake_video_fake_audio_p3,00002,True
lrs3/OSz2v42F0E0/00015/real.mp4,real,00015,True
lrs3/2iIIDwSJhAg/00001/real_video_fake_audio_p3.mp4,real_video_fake_audio_p3,00001,True
lrs3/OT9poHSD2Iw/00003/real.mp4,real,00003,True
lrs3/GHcCs4TPvYA/00005/fake_video_real_audio_p3.mp4,fake_video_real_audio_p3,00005,True
lrs3/NaoSp4NpkGg/00013/fake_video_real_audio_p4.mp4,fake_video_real_audio_p4,00013,True
lrs3/OSGHRMKrVM8/00042/real_video_fake_audio.mp4,real_video_fake_audio,00042,True
lrs3/OSz2v42F0E0/00004/fake_video_fake_audio_p1.mp4,fake_video_fake_audio_p1,00004,True
lrs3/ONXYcNS7k1Y/00007/00007.mp4,00007,00007,True
lrs3/NhmybGS7FLA/00006/fake_video_real_audio_p3.mp4,fake_video_real_audio_p3,00006,True
lrs3/2YPHJdq5QWM/00003/real_video_fake_audio_p4.mp4,real_video_fake_audio_p4,00003,True
lrs3/O6cmKeRV3Z0/00003/fake_video_fake_audio_p3.mp4,fake_video_fake_audio_p3,00003,True
lrs3/GYcP2BR8EtY/00004/fake_video_real_audio_p4.mp4,fake_video_real_audio_p4,00004,True
lrs3/OSz2v42F0E0/00024/real_video_fake_audio_p2.mp4,real_video_fake_audio_p2,00024,True
lrs3/NaoSp4NpkGg/00016/fake_video_real_audio_p1.mp4,fake_video_real_audio_p1,00016,True
lrs3/9RMaD0Sk7hc/00007/00007_p4.mp4,00007_p4,00007,True
lrs3/ORBf73HiJns/00026/fake_video_fake_audio.mp4,fake_video_fake_audio,00026,True
lrs3/10MvdLL2EpY/00001/00001_p3.mp4,00001_p3,00001,True
lrs3/O6cmKeRV3Z0/00002/00002_p4.mp4,00002_p4,00002,True
lrs3/NaoSp4NpkGg/00011/real_video_fake_audio_p4.mp4,real_video_fake_audio_p4,00011,True
lrs3/ORBf73HiJns/00032/00032_p2.mp4,00032_p2,00032,True
lrs3/J5jwEyDaRS0/00005/00005_p4.mp4,00005_p4,00005,True
lrs3/NaoSp4NpkGg/00015/real_video_fake_audio_p2.mp4,real_video_fake_audio_p2,00015,True
lrs3/NVrpKRdtWwc/00001/fake_video_real_audio_p2.mp4,fake_video_real_audio_p2,00001,True
lrs3/NRO0SJXuFMY/00007/fake_video_fake_audio_p1.mp4,fake_video_fake_audio_p1,00007,True
lrs3/ONXYcNS7k1Y/00025/00025_p4.mp4,00025_p4,00025,True
lrs3/GHcCs4TPvYA/00010/real.mp4,real,00010,True
lrs3/OT9poHSD2Iw/00016/00016_p3.mp4,00016_p3,00016,True
lrs3/Aoa20kFNYmY/00005/00005_p1.mp4,00005_p1,00005,True
lrs3/ARWBdfWpDyc/00006/fake_video_real_audio.mp4,fake_video_real_audio,00006,True
lrs3/O6GimGZz6a8/00013/00013.mp4,00013,00013,True
lrs3/OSGHRMKrVM8/00041/fake_video_fake_audio.mp4,fake_video_fake_audio,00041,True
lrs3/64fDIZiVSSM/00006/00006_p3.mp4,00006_p3,00006,True
lrs3/OSz2v42F0E0/00017/00017.mp4,00017,00017,True
lrs3/NS4bBu9Jyho/00009/00009.mp4,00009,00009,True
lrs3/OSGHRMKrVM8/00036/real.mp4,real,00036,True
lrs3/NgbqXsA62Qs/00003/fake_video_real_audio_p1.mp4,fake_video_real_audio_p1,00003,True
lrs3/NgbqXsA62Qs/00023/real_video_fake_audio_p1.mp4,real_video_fake_audio_p1,00023,True
lrs3/MkRJG510CKo/00005/fake_video_real_audio_p2.mp4,fake_video_real_audio_p2,00005,True
lrs3/OKNpguWW3Sk/00003/00003.mp4,00003,00003,True
lrs3/NcPusGLnqAc/00011/fake_video_fake_audio_p1.mp4,fake_video_fake_audio_p1,00011,True
lrs3/Nvw0reB1gpI/00004/00004_p2.mp4,00004_p2,00004,True
lrs3/OSGHRMKrVM8/00042/fake_video_real_audio_p1.mp4,fake_video_real_audio_p1,00042,True
lrs3/O6GimGZz6a8/00012/fake_video_fake_audio.mp4,fake_video_fake_audio,00012,True
lrs3/86Hyq4bBpA0/00003/real_video_fake_audio_p4.mp4,real_video_fake_audio_p4,00003,True
lrs3/GHcCs4TPvYA/00006/00006.mp4,00006,00006,True
lrs3/NgbqXsA62Qs/00018/real_video_fake_audio_p4.mp4,real_video_fake_audio_p4,00018,True
lrs3/MkRJG510CKo/00005/fake_video_fake_audio_p4.mp4,fake_video_fake_audio_p4,00005,True
lrs3/NS4bBu9Jyho/00001/00001_p2.mp4,00001_p2,00001,True
lrs3/53P0aypkpXY/00003/real.mp4,real,00003,True
lrs3/OSGHRMKrVM8/00041/00041_p4.mp4,00041_p4,00041,True
lrs3/ONXYcNS7k1Y/00017/fake_video_fake_audio_p1.mp4,fake_video_fake_audio_p1,00017,True
lrs3/ONXYcNS7k1Y/00029/fake_video_fake_audio_p4.mp4,fake_video_fake_audio_p4,00029,True
lrs3/DkocjGrWwvc/00002/00002_p4.mp4,00002_p4,00002,True
lrs3/O4bGOvkkHcM/00001/00001_p4.mp4,00001_p4,00001,True
lrs3/8ZKTWji7k5Y/00001/fake_video_fake_audio_p1.mp4,fake_video_fake_audio_p1,00001,True
lrs3/Fb2J5eDoFko/00002/real_video_fake_audio_p1.mp4,real_video_fake_audio_p1,00002,True
lrs3/NbpSibMSEiE/00001/00001_p2.mp4,00001_p2,00001,True
lrs3/OT9poHSD2Iw/00013/fake_video_fake_audio_p3.mp4,fake_video_fake_audio_p3,00013,True
lrs3/6MgDcFlTgVM/00005/real_video_fake_audio_p1.mp4,real_video_fake_audio_p1,00005,True
lrs3/LsSh5ZUfnz4/00005/00005_p3.mp4,00005_p3,00005,True
lrs3/ExcDNly1DbI/00009/00009_p4.mp4,00009_p4,00009,True
lrs3/OT9poHSD2Iw/00007/fake_video_fake_audio_p3.mp4,fake_video_fake_audio_p3,00007,True
lrs3/OSGHRMKrVM8/00034/fake_video_real_audio_p2.mp4,fake_video_real_audio_p2,00034,True
lrs3/64fDIZiVSSM/00002/00002_p2.mp4,00002_p2,00002,True
lrs3/NgbqXsA62Qs/00018/fake_video_real_audio_p2.mp4,fake_video_real_audio_p2,00018,True
lrs3/ORBf73HiJns/00019/real_video_fake_audio_p1.mp4,real_video_fake_audio_p1,00019,True
lrs3/ORBf73HiJns/00012/00012_p3.mp4,00012_p3,00012,True
lrs3/ARWBdfWpDyc/00010/00010_p3.mp4,00010_p3,00010,True
lrs3/84QouBqCIWg/00005/fake_video_fake_audio.mp4,fake_video_fake_audio,00005,True
lrs3/ORBf73HiJns/00030/real_video_fake_audio.mp4,real_video_fake_audio,00030,True
lrs3/D9Ihs241zeg/00018/00018.mp4,00018,00018,True
lrs3/C9CKRd2jScg/00002/fake_video_fake_audio_p1.mp4,fake_video_fake_audio_p1,00002,True
lrs3/J5jwEyDaRS0/00003/00003_p4.mp4,00003_p4,00003,True
lrs3/O6GimGZz6a8/00002/00002_p3.mp4,00002_p3,00002,True
lrs3/O6GimGZz6a8/00025/fake_video_fake_audio_p2.mp4,fake_video_fake_audio_p2,00025,True
lrs3/ONXYcNS7k1Y/00016/00016.mp4,00016,00016,True
lrs3/ONXYcNS7k1Y/00022/00022_p4.mp4,00022_p4,00022,True
lrs3/ORBf73HiJns/00004/00004_p3.mp4,00004_p3,00004,True
lrs3/OSGHRMKrVM8/00020/fake_video_real_audio_p1.mp4,fake_video_real_audio_p1,00020,True
lrs3/2YPHJdq5QWM/00003/fake_video_real_audio_p1.mp4,fake_video_real_audio_p1,00003,True
lrs3/NVrpKRdtWwc/00010/real_video_fake_audio_p1.mp4,real_video_fake_audio_p1,00010,True
lrs3/63tVsJI31Tk/00003/fake_video_real_audio_p1.mp4,fake_video_real_audio_p1,00003,True
lrs3/ONXYcNS7k1Y/00029/real_video_fake_audio_p2.mp4,real_video_fake_audio_p2,00029,True
lrs3/0OkOQhXhsIE/00005/fake_video_real_audio_p3.mp4,fake_video_real_audio_p3,00005,True
lrs3/O4bGOvkkHcM/00004/00004_p3.mp4,00004_p3,00004,True
lrs3/ONXYcNS7k1Y/00032/fake_video_fake_audio_p1.mp4,fake_video_fake_audio_p1,00032,True
lrs3/NaoSp4NpkGg/00002/fake_video_real_audio_p2.mp4,fake_video_real_audio_p2,00002,True
lrs3/O6GimGZz6a8/00025/00025_p3.mp4,00025_p3,00025,True
lrs3/53P0aypkpXY/00003/fake_video_real_audio_p2.mp4,fake_video_real_audio_p2,00003,True
lrs3/OSGHRMKrVM8/00014/fake_video_fake_audio.mp4,fake_video_fake_audio,00014,True
lrs3/OSGHRMKrVM8/00014/fake_video_real_audio_p1.mp4,fake_video_real_audio_p1,00014,True
lrs3/Cu3ILSqFJJQ/00002/00002_p2.mp4,00002_p2,00002,True
lrs3/NgbqXsA62Qs/00003/real_video_fake_audio.mp4,real_video_fake_audio,00003,True
lrs3/NgbqXsA62Qs/00003/00003_p1.mp4,00003_p1,00003,True
lrs3/O6GimGZz6a8/00017/00017_p3.mp4,00017_p3,00017,True
lrs3/NHopJHSlVo4/00001/real.mp4,real,00001,True
lrs3/NgbqXsA62Qs/00009/fake_video_fake_audio.mp4,fake_video_fake_audio,00009,True
lrs3/ORBf73HiJns/00003/fake_video_real_audio.mp4,fake_video_real_audio,00003,True
lrs3/OSGHRMKrVM8/00027/fake_video_fake_audio.mp4,fake_video_fake_audio,00027,True
lrs3/O6GimGZz6a8/00027/00027_p4.mp4,00027_p4,00027,True
lrs3/NaoSp4NpkGg/00004/real_video_fake_audio_p4.mp4,real_video_fake_audio_p4,00004,True
lrs3/OSGHRMKrVM8/00036/fake_video_fake_audio_p3.mp4,fake_video_fake_audio_p3,00036,True
lrs3/NTbBuvcGnxM/00009/fake_video_real_audio_p1.mp4,fake_video_real_audio_p1,00009,True
lrs3/7TXEZ4tP06c/00015/00015_p2.mp4,00015_p2,00015,True
lrs3/OSGHRMKrVM8/00007/00007_p4.mp4,00007_p4,00007,True
lrs3/NgbqXsA62Qs/00022/real.mp4,real,00022,True
lrs3/NaoSp4NpkGg/00003/fake_video_real_audio_p1.mp4,fake_video_real_audio_p1,00003,True
lrs3/NU82HhqhEHM/00006/real_video_fake_audio_p3.mp4,real_video_fake_audio_p3,00006,True
lrs3/Nvw0reB1gpI/00006/real_video_fake_audio_p3.mp4,real_video_fake_audio_p3,00006,True
lrs3/NCPzjiSS2Oo/00002/fake_video_fake_audio_p1.mp4,fake_video_fake_audio_p1,00002,True
lrs3/NPX5RwjNzl0/00005/fake_video_real_audio_p2.mp4,fake_video_real_audio_p2,00005,True
lrs3/OSz2v42F0E0/00030/fake_video_real_audio_p3.mp4,fake_video_real_audio_p3,00030,True
lrs3/N37x4GgDVBM/00023/fake_video_fake_audio_p1.mp4,fake_video_fake_audio_p1,00023,True
lrs3/ORBf73HiJns/00041/real_video_fake_audio_p2.mp4,real_video_fake_audio_p2,00041,True
lrs3/NU82HhqhEHM/00006/00006_p2.mp4,00006_p2,00006,True
lrs3/OSGHRMKrVM8/00036/fake_video_real_audio_p4.mp4,fake_video_real_audio_p4,00036,True
lrs3/NS4bBu9Jyho/00010/fake_video_real_audio.mp4,fake_video_real_audio,00010,True
lrs3/9RMaD0Sk7hc/00009/00009.mp4,00009,00009,True
lrs3/OSz2v42F0E0/00021/00021_p2.mp4,00021_p2,00021,True
lrs3/O6GimGZz6a8/00026/00026_p1.mp4,00026_p1,00026,True
lrs3/O4bGOvkkHcM/00008/00008_p4.mp4,00008_p4,00008,True
lrs3/NRO0SJXuFMY/00010/00010.mp4,00010,00010,True
lrs3/6MgDcFlTgVM/00005/fake_video_real_audio.mp4,fake_video_real_audio,00005,True
lrs3/FvAl7Sjddok/00001/real_video_fake_audio_p4.mp4,real_video_fake_audio_p4,00001,True
lrs3/NcPusGLnqAc/00005/00005_p1.mp4,00005_p1,00005,True
lrs3/NHopJHSlVo4/00001/00001_p1.mp4,00001_p1,00001,True
lrs3/ORBf73HiJns/00007/fake_video_real_audio_p3.mp4,fake_video_real_audio_p3,00007,True
lrs3/NbpSibMSEiE/00003/00003_p1.mp4,00003_p1,00003,True
lrs3/ORBf73HiJns/00024/fake_video_real_audio_p2.mp4,fake_video_real_audio_p2,00024,True
lrs3/ORBf73HiJns/00036/fake_video_real_audio_p2.mp4,fake_video_real_audio_p2,00036,True
lrs3/Nvw0reB1gpI/00002/00002_p4.mp4,00002_p4,00002,True
lrs3/OSGHRMKrVM8/00036/fake_video_fake_audio_p1.mp4,fake_video_fake_audio_p1,00036,True
lrs3/NTbBuvcGnxM/00009/real_video_fake_audio_p2.mp4,real_video_fake_audio_p2,00009,True
lrs3/O6GimGZz6a8/00006/real.mp4,real,00006,True
lrs3/64fDIZiVSSM/00006/real_video_fake_audio_p3.mp4,real_video_fake_audio_p3,00006,True
lrs3/O6jrLgvCUNs/00015/fake_video_real_audio_p1.mp4,fake_video_real_audio_p1,00015,True
lrs3/Myp1sZBxTR8/00003/00003_p1.mp4,00003_p1,00003,True
lrs3/5nrn5fC001Q/00002/fake_video_fake_audio_p3.mp4,fake_video_fake_audio_p3,00002,True
lrs3/NgbqXsA62Qs/00008/fake_video_real_audio_p1.mp4,fake_video_real_audio_p1,00008,True
lrs3/OSGHRMKrVM8/00001/real_video_fake_audio.mp4,real_video_fake_audio,00001,True
lrs3/ORBf73HiJns/00039/real.mp4,real,00039,True
lrs3/84QouBqCIWg/00002/fake_video_fake_audio_p4.mp4,fake_video_fake_audio_p4,00002,True
lrs3/ONXYcNS7k1Y/00017/real_video_fake_audio_p2.mp4,real_video_fake_audio_p2,00017,True
lrs3/NPX5RwjNzl0/00006/real_video_fake_audio.mp4,real_video_fake_audio,00006,True
lrs3/4xnVNvd8lBg/00001/00001_p2.mp4,00001_p2,00001,True
lrs3/OSz2v42F0E0/00024/fake_video_real_audio_p1.mp4,fake_video_real_audio_p1,00024,True
lrs3/NgbqXsA62Qs/00008/fake_video_real_audio_p2.mp4,fake_video_real_audio_p2,00008,True
lrs3/0YNeyBANrTI/00004/00004_p4.mp4,00004_p4,00004,True
lrs3/ONXYcNS7k1Y/00030/real_video_fake_audio_p1.mp4,real_video_fake_audio_p1,00030,True
lrs3/NAcuH7nSdLc/00010/real_video_fake_audio_p4.mp4,real_video_fake_audio_p4,00010,True
lrs3/NaoSp4NpkGg/00005/00005_p3.mp4,00005_p3,00005,True
lrs3/O6GimGZz6a8/00003/real_video_fake_audio.mp4,real_video_fake_audio,00003,True
lrs3/ORBf73HiJns/00009/00009_p1.mp4,00009_p1,00009,True
lrs3/ORBf73HiJns/00007/fake_video_fake_audio.mp4,fake_video_fake_audio,00007,True
lrs3/OT9poHSD2Iw/00015/00015_p4.mp4,00015_p4,00015,True
lrs3/NHopJHSlVo4/00004/real_video_fake_audio.mp4,real_video_fake_audio,00004,True
lrs3/NaoSp4NpkGg/00011/fake_video_real_audio_p1.mp4,fake_video_real_audio_p1,00011,True
lrs3/ONXYcNS7k1Y/00018/fake_video_real_audio_p3.mp4,fake_video_real_audio_p3,00018,True
lrs3/ONXYcNS7k1Y/00007/00007_p1.mp4,00007_p1,00007,True
lrs3/ARWBdfWpDyc/00005/00005_p3.mp4,00005_p3,00005,True
lrs3/NRO0SJXuFMY/00007/real_video_fake_audio_p4.mp4,real_video_fake_audio_p4,00007,True
lrs3/NPX5RwjNzl0/00005/00005_p3.mp4,00005_p3,00005,True
lrs3/O6GimGZz6a8/00020/00020_p2.mp4,00020_p2,00020,True
lrs3/OSGHRMKrVM8/00008/00008_p4.mp4,00008_p4,00008,True
lrs3/OSGHRMKrVM8/00006/fake_video_real_audio.mp4,fake_video_real_audio,00006,True
lrs3/C9CKRd2jScg/00002/fake_video_fake_audio_p4.mp4,fake_video_fake_audio_p4,00002,True
lrs3/ORBf73HiJns/00023/fake_video_real_audio_p1.mp4,fake_video_real_audio_p1,00023,True
lrs3/ONXYcNS7k1Y/00028/fake_video_fake_audio_p1.mp4,fake_video_fake_audio_p1,00028,True
lrs3/NPSelwWdPa0/00052/00052_p3.mp4,00052_p3,00052,True
lrs3/ORBf73HiJns/00036/real.mp4,real,00036,True
lrs3/9RMaD0Sk7hc/00003/fake_video_real_audio_p4.mp4,fake_video_real_audio_p4,00003,True
lrs3/GYcP2BR8EtY/00004/real_video_fake_audio_p2.mp4,real_video_fake_audio_p2,00004,True
lrs3/DkocjGrWwvc/00004/00004_p3.mp4,00004_p3,00004,True
lrs3/ExcDNly1DbI/00005/fake_video_fake_audio.mp4,fake_video_fake_audio,00005,True
lrs3/NTbBuvcGnxM/00004/fake_video_fake_audio_p3.mp4,fake_video_fake_audio_p3,00004,True
lrs3/NS4bBu9Jyho/00005/fake_video_fake_audio_p2.mp4,fake_video_fake_audio_p2,00005,True
lrs3/63tVsJI31Tk/00003/fake_video_real_audio_p4.mp4,fake_video_real_audio_p4,00003,True
lrs3/ORBf73HiJns/00025/fake_video_fake_audio_p2.mp4,fake_video_fake_audio_p2,00025,True
lrs3/63tVsJI31Tk/00005/real_video_fake_audio.mp4,real_video_fake_audio,00005,True
lrs3/53P0aypkpXY/00005/00005_p1.mp4,00005_p1,00005,True
lrs3/MkRJG510CKo/00002/real_video_fake_audio_p4.mp4,real_video_fake_audio_p4,00002,True
lrs3/ORBf73HiJns/00001/00001_p2.mp4,00001_p2,00001,True
lrs3/OSGHRMKrVM8/00012/fake_video_real_audio_p2.mp4,fake_video_real_audio_p2,00012,True
lrs3/O6jrLgvCUNs/00004/00004_p2.mp4,00004_p2,00004,True
lrs3/O2OQxHNVLNY/00010/fake_video_real_audio_p3.mp4,fake_video_real_audio_p3,00010,True
lrs3/NCPzjiSS2Oo/00002/fake_video_real_audio_p3.mp4,fake_video_real_audio_p3,00002,True
lrs3/ORBf73HiJns/00013/00013.mp4,00013,00013,True
lrs3/ORBf73HiJns/00019/fake_video_real_audio_p4.mp4,fake_video_real_audio_p4,00019,True
lrs3/NcPusGLnqAc/00003/real_video_fake_audio.mp4,real_video_fake_audio,00003,True
lrs3/5nrn5fC001Q/00002/fake_video_fake_audio_p1.mp4,fake_video_fake_audio_p1,00002,True
lrs3/FgSJcKSHUtQ/00001/00001_p4.mp4,00001_p4,00001,True
lrs3/ExcDNly1DbI/00005/fake_video_real_audio.mp4,fake_video_real_audio,00005,True
lrs3/53P0aypkpXY/00007/00007.mp4,00007,00007,True
lrs3/ARWBdfWpDyc/00010/00010.mp4,00010,00010,True
lrs3/O4bGOvkkHcM/00002/00002_p1.mp4,00002_p1,00002,True
lrs3/NRO0SJXuFMY/00009/00009.mp4,00009,00009,True
lrs3/4qKAse8388k/00002/00002_p2.mp4,00002_p2,00002,True
lrs3/7CDwBdvTKUo/00001/00001_p3.mp4,00001_p3,00001,True
lrs3/5nrn5fC001Q/00001/fake_video_fake_audio_p3.mp4,fake_video_fake_audio_p3,00001,True
lrs3/O6GimGZz6a8/00017/fake_video_real_audio_p1.mp4,fake_video_real_audio_p1,00017,True
lrs3/NcPusGLnqAc/00005/fake_video_fake_audio_p4.mp4,fake_video_fake_audio_p4,00005,True
lrs3/OSGHRMKrVM8/00028/fake_video_fake_audio_p3.mp4,fake_video_fake_audio_p3,00028,True
lrs3/C9kPFCw2u3M/00001/fake_video_fake_audio_p3.mp4,fake_video_fake_audio_p3,00001,True
lrs3/ORBf73HiJns/00034/fake_video_real_audio_p2.mp4,fake_video_real_audio_p2,00034,True
lrs3/7TXEZ4tP06c/00015/real_video_fake_audio_p2.mp4,real_video_fake_audio_p2,00015,True
lrs3/ORBf73HiJns/00003/real_video_fake_audio_p2.mp4,real_video_fake_audio_p2,00003,True
lrs3/8PQc3M2HQSs/00002/fake_video_fake_audio_p2.mp4,fake_video_fake_audio_p2,00002,True
lrs3/4xnVNvd8lBg/00002/fake_video_real_audio_p1.mp4,fake_video_real_audio_p1,00002,True
lrs3/NHopJHSlVo4/00002/real_video_fake_audio_p4.mp4,real_video_fake_audio_p4,00002,True
lrs3/GHcCs4TPvYA/00005/real_video_fake_audio.mp4,real_video_fake_audio,00005,True
lrs3/GHcCs4TPvYA/00004/00004.mp4,00004,00004,True
lrs3/NaoSp4NpkGg/00015/fake_video_real_audio_p2.mp4,fake_video_real_audio_p2,00015,True
lrs3/Nvw0reB1gpI/00008/real_video_fake_audio_p3.mp4,real_video_fake_audio_p3,00008,True
lrs3/ORBf73HiJns/00032/fake_video_real_audio.mp4,fake_video_real_audio,00032,True
lrs3/OSGHRMKrVM8/00006/fake_video_fake_audio_p4.mp4,fake_video_fake_audio_p4,00006,True
lrs3/FgSJcKSHUtQ/00007/00007_p4.mp4,00007_p4,00007,True
lrs3/NbpSibMSEiE/00003/00003_p4.mp4,00003_p4,00003,True
lrs3/NCPzjiSS2Oo/00001/real_video_fake_audio_p1.mp4,real_video_fake_audio_p1,00001,True
lrs3/OSz2v42F0E0/00029/real_video_fake_audio_p3.mp4,real_video_fake_audio_p3,00029,True
lrs3/7TXEZ4tP06c/00002/real_video_fake_audio_p3.mp4,real_video_fake_audio_p3,00002,True
lrs3/OT9poHSD2Iw/00006/fake_video_real_audio_p3.mp4,fake_video_real_audio_p3,00006,True
lrs3/NaoSp4NpkGg/00006/fake_video_fake_audio_p3.mp4,fake_video_fake_audio_p3,00006,True
lrs3/OSGHRMKrVM8/00041/real_video_fake_audio_p3.mp4,real_video_fake_audio_p3,00041,True
lrs3/NcPusGLnqAc/00009/real_video_fake_audio_p1.mp4,real_video_fake_audio_p1,00009,True
lrs3/OSGHRMKrVM8/00020/fake_video_fake_audio_p4.mp4,fake_video_fake_audio_p4,00020,True
lrs3/NgbqXsA62Qs/00008/fake_video_fake_audio_p3.mp4,fake_video_fake_audio_p3,00008,True
lrs3/NcPusGLnqAc/00007/real_video_fake_audio.mp4,real_video_fake_audio,00007,True
lrs3/86Hyq4bBpA0/00007/fake_video_fake_audio_p2.mp4,fake_video_fake_audio_p2,00007,True
lrs3/O6GimGZz6a8/00003/fake_video_fake_audio_p1.mp4,fake_video_fake_audio_p1,00003,True
lrs3/64fDIZiVSSM/00003/00003.mp4,00003,00003,True
lrs3/NoXtBxluCvg/00001/00001_p3.mp4,00001_p3,00001,True
lrs3/NhmybGS7FLA/00017/fake_video_fake_audio_p1.mp4,fake_video_fake_audio_p1,00017,True
lrs3/O6GimGZz6a8/00010/00010_p1.mp4,00010_p1,00010,True
lrs3/3p3Svl9VFYU/00005/fake_video_fake_audio.mp4,fake_video_fake_audio,00005,True
lrs3/Aoa20kFNYmY/00007/00007_p2.mp4,00007_p2,00007,True
lrs3/5nrn5fC001Q/00008/fake_video_real_audio_p4.mp4,fake_video_real_audio_p4,00008,True
lrs3/NPX5RwjNzl0/00004/fake_video_real_audio_p1.mp4,fake_video_real_audio_p1,00004,True
lrs3/0YNeyBANrTI/00001/real_video_fake_audio_p2.mp4,real_video_fake_audio_p2,00001,True
lrs3/OSGHRMKrVM8/00035/fake_video_real_audio_p1.mp4,fake_video_real_audio_p1,00035,True
lrs3/NS4bBu9Jyho/00009/00009_p3.mp4,00009_p3,00009,True
lrs3/ONXYcNS7k1Y/00017/fake_video_fake_audio_p3.mp4,fake_video_fake_audio_p3,00017,True
lrs3/O4bGOvkkHcM/00001/00001_p3.mp4,00001_p3,00001,True
lrs3/NgbqXsA62Qs/00022/fake_video_fake_audio_p4.mp4,fake_video_fake_audio_p4,00022,True
lrs3/NgbqXsA62Qs/00010/fake_video_real_audio_p3.mp4,fake_video_real_audio_p3,00010,True
lrs3/ORBf73HiJns/00041/fake_video_fake_audio_p2.mp4,fake_video_fake_audio_p2,00041,True
lrs3/D9Ihs241zeg/00001/fake_video_fake_audio_p4.mp4,fake_video_fake_audio_p4,00001,True
lrs3/J5jwEyDaRS0/00004/fake_video_real_audio.mp4,fake_video_real_audio,00004,True
lrs3/OSz2v42F0E0/00025/00025_p2.mp4,00025_p2,00025,True
lrs3/NcPusGLnqAc/00007/fake_video_real_audio_p4.mp4,fake_video_real_audio_p4,00007,True
lrs3/J5jwEyDaRS0/00004/fake_video_real_audio_p2.mp4,fake_video_real_audio_p2,00004,True
lrs3/O6GimGZz6a8/00014/fake_video_fake_audio.mp4,fake_video_fake_audio,00014,True
lrs3/HrG8UZjL5E8/00007/fake_video_fake_audio_p4.mp4,fake_video_fake_audio_p4,00007,True
lrs3/OSz2v42F0E0/00003/00003_p4.mp4,00003_p4,00003,True
lrs3/CQ6by9cmt54/00009/fake_video_fake_audio_p2.mp4,fake_video_fake_audio_p2,00009,True
lrs3/Fb2J5eDoFko/00001/fake_video_real_audio.mp4,fake_video_real_audio,00001,True
lrs3/O6GimGZz6a8/00020/real_video_fake_audio_p1.mp4,real_video_fake_audio_p1,00020,True
lrs3/N37x4GgDVBM/00023/real_video_fake_audio_p3.mp4,real_video_fake_audio_p3,00023,True
lrs3/O2OQxHNVLNY/00009/fake_video_real_audio_p4.mp4,fake_video_real_audio_p4,00009,True
lrs3/D9Ihs241zeg/00002/real_video_fake_audio_p4.mp4,real_video_fake_audio_p4,00002,True
lrs3/NgbqXsA62Qs/00012/fake_video_real_audio_p1.mp4,fake_video_real_audio_p1,00012,True
lrs3/63tVsJI31Tk/00006/00006_p4.mp4,00006_p4,00006,True
lrs3/9RMaD0Sk7hc/00003/00003_p4.mp4,00003_p4,00003,True
lrs3/ONXYcNS7k1Y/00030/fake_video_real_audio_p4.mp4,fake_video_real_audio_p4,00030,True
lrs3/NVrpKRdtWwc/00001/fake_video_fake_audio.mp4,fake_video_fake_audio,00001,True
lrs3/NCPzjiSS2Oo/00001/fake_video_fake_audio.mp4,fake_video_fake_audio,00001,True
lrs3/ONXYcNS7k1Y/00029/00029_p1.mp4,00029_p1,00029,True
lrs3/ORBf73HiJns/00027/fake_video_fake_audio_p4.mp4,fake_video_fake_audio_p4,00027,True
lrs3/NVrpKRdtWwc/00010/fake_video_real_audio_p2.mp4,fake_video_real_audio_p2,00010,True
lrs3/NhmybGS7FLA/00004/00004_p1.mp4,00004_p1,00004,True
lrs3/OSGHRMKrVM8/00033/00033.mp4,00033,00033,True
lrs3/86Hyq4bBpA0/00008/fake_video_fake_audio_p4.mp4,fake_video_fake_audio_p4,00008,True
lrs3/ONXYcNS7k1Y/00021/fake_video_fake_audio_p3.mp4,fake_video_fake_audio_p3,00021,True
lrs3/OSGHRMKrVM8/00004/fake_video_real_audio_p4.mp4,fake_video_real_audio_p4,00004,True
lrs3/NgbqXsA62Qs/00009/real_video_fake_audio_p3.mp4,real_video_fake_audio_p3,00009,True
lrs3/HrG8UZjL5E8/00007/fake_video_fake_audio_p3.mp4,fake_video_fake_audio_p3,00007,True
lrs3/ARWBdfWpDyc/00012/00012_p1.mp4,00012_p1,00012,True
lrs3/OT9poHSD2Iw/00024/00024_p1.mp4,00024_p1,00024,True
lrs3/OSGHRMKrVM8/00006/00006_p4.mp4,00006_p4,00006,True
lrs3/DkocjGrWwvc/00004/real_video_fake_audio.mp4,real_video_fake_audio,00004,True
lrs3/3lxyiS3CGrk/00001/00001_p3.mp4,00001_p3,00001,True
lrs3/9RMaD0Sk7hc/00006/00006_p1.mp4,00006_p1,00006,True
lrs3/ORBf73HiJns/00031/fake_video_fake_audio_p1.mp4,fake_video_fake_audio_p1,00031,True
lrs3/Nvw0reB1gpI/00005/00005_p4.mp4,00005_p4,00005,True
lrs3/Nvw0reB1gpI/00010/fake_video_real_audio_p1.mp4,fake_video_real_audio_p1,00010,True
lrs3/Aoa20kFNYmY/00001/00001_p4.mp4,00001_p4,00001,True
lrs3/9RMaD0Sk7hc/00004/fake_video_real_audio_p2.mp4,fake_video_real_audio_p2,00004,True
lrs3/OVSNSeFTaso/00002/00002_p2.mp4,00002_p2,00002,True
lrs3/NgbqXsA62Qs/00012/real.mp4,real,00012,True
lrs3/Nvw0reB1gpI/00006/real_video_fake_audio.mp4,real_video_fake_audio,00006,True
lrs3/NTbBuvcGnxM/00018/real.mp4,real,00018,True
lrs3/NS4bBu9Jyho/00009/00009_p1.mp4,00009_p1,00009,True
lrs3/ORBf73HiJns/00026/fake_video_fake_audio_p3.mp4,fake_video_fake_audio_p3,00026,True
lrs3/D492MbAfBJc/00001/fake_video_fake_audio_p1.mp4,fake_video_fake_audio_p1,00001,True
lrs3/C9kPFCw2u3M/00003/real_video_fake_audio_p2.mp4,real_video_fake_audio_p2,00003,True
lrs3/O6GimGZz6a8/00011/00011_p4.mp4,00011_p4,00011,True
lrs3/C9CKRd2jScg/00002/fake_video_real_audio_p3.mp4,fake_video_real_audio_p3,00002,True
lrs3/ORBf73HiJns/00006/fake_video_fake_audio_p3.mp4,fake_video_fake_audio_p3,00006,True
lrs3/4qKAse8388k/00002/00002_p1.mp4,00002_p1,00002,True
lrs3/ORBf73HiJns/00042/00042_p3.mp4,00042_p3,00042,True
lrs3/ONXYcNS7k1Y/00032/real.mp4,real,00032,True
lrs3/NgbqXsA62Qs/00008/00008_p1.mp4,00008_p1,00008,True
lrs3/NgbqXsA62Qs/00005/00005.mp4,00005,00005,True
lrs3/ORBf73HiJns/00030/real.mp4,real,00030,True
lrs3/OSGHRMKrVM8/00036/00036_p4.mp4,00036_p4,00036,True
lrs3/ORBf73HiJns/00026/real.mp4,real,00026,True
lrs3/N37x4GgDVBM/00023/real_video_fake_audio_p4.mp4,real_video_fake_audio_p4,00023,True
lrs3/ARWBdfWpDyc/00015/00015_p2.mp4,00015_p2,00015,True
lrs3/NgbqXsA62Qs/00023/fake_video_fake_audio_p2.mp4,fake_video_fake_audio_p2,00023,True
lrs3/ORBf73HiJns/00039/fake_video_fake_audio_p4.mp4,fake_video_fake_audio_p4,00039,True
lrs3/6MgDcFlTgVM/00003/00003_p4.mp4,00003_p4,00003,True
lrs3/CQ6by9cmt54/00009/fake_video_real_audio_p2.mp4,fake_video_real_audio_p2,00009,True
lrs3/ORBf73HiJns/00038/fake_video_real_audio_p1.mp4,fake_video_real_audio_p1,00038,True
lrs3/5nrn5fC001Q/00002/00002_p4.mp4,00002_p4,00002,True
lrs3/ORBf73HiJns/00007/fake_video_fake_audio_p1.mp4,fake_video_fake_audio_p1,00007,True
lrs3/NaoSp4NpkGg/00007/00007_p1.mp4,00007_p1,00007,True
lrs3/OSGHRMKrVM8/00011/fake_video_real_audio.mp4,fake_video_real_audio,00011,True
lrs3/Aoa20kFNYmY/00007/00007_p1.mp4,00007_p1,00007,True
lrs3/O6cmKeRV3Z0/00010/00010.mp4,00010,00010,True
lrs3/O6GimGZz6a8/00012/00012_p1.mp4,00012_p1,00012,True
lrs3/HxMGItCnINE/00001/fake_video_fake_audio_p1.mp4,fake_video_fake_audio_p1,00001,True
lrs3/O6GimGZz6a8/00022/fake_video_fake_audio_p2.mp4,fake_video_fake_audio_p2,00022,True
lrs3/OT9poHSD2Iw/00016/00016_p4.mp4,00016_p4,00016,True
lrs3/53P0aypkpXY/00002/fake_video_real_audio_p3.mp4,fake_video_real_audio_p3,00002,True
lrs3/NgbqXsA62Qs/00020/fake_video_real_audio_p1.mp4,fake_video_real_audio_p1,00020,True
lrs3/NPX5RwjNzl0/00003/00003_p2.mp4,00003_p2,00003,True
lrs3/ONXYcNS7k1Y/00009/fake_video_real_audio_p1.mp4,fake_video_real_audio_p1,00009,True
lrs3/NRO0SJXuFMY/00001/real_video_fake_audio_p3.mp4,real_video_fake_audio_p3,00001,True
lrs3/7TXEZ4tP06c/00015/fake_video_real_audio_p1.mp4,fake_video_real_audio_p1,00015,True
lrs3/C9kPFCw2u3M/00001/fake_video_real_audio_p3.mp4,fake_video_real_audio_p3,00001,True
lrs3/MkRJG510CKo/00008/fake_video_real_audio_p4.mp4,fake_video_real_audio_p4,00008,True
lrs3/ONXYcNS7k1Y/00031/fake_video_fake_audio_p2.mp4,fake_video_fake_audio_p2,00031,True
lrs3/OSz2v42F0E0/00020/fake_video_real_audio_p4.mp4,fake_video_real_audio_p4,00020,True
lrs3/O6cmKeRV3Z0/00011/00011_p3.mp4,00011_p3,00011,True
lrs3/0OkOQhXhsIE/00001/00001_p2.mp4,00001_p2,00001,True
lrs3/ORBf73HiJns/00008/fake_video_fake_audio_p2.mp4,fake_video_fake_audio_p2,00008,True
lrs3/NgbqXsA62Qs/00015/00015.mp4,00015,00015,True
lrs3/ONXYcNS7k1Y/00026/00026_p4.mp4,00026_p4,00026,True
lrs3/O6GimGZz6a8/00011/00011.mp4,00011,00011,True
lrs3/5nrn5fC001Q/00004/00004_p3.mp4,00004_p3,00004,True
lrs3/BdHKSr9RXTc/00001/fake_video_fake_audio_p4.mp4,fake_video_fake_audio_p4,00001,True
lrs3/ORBf73HiJns/00026/fake_video_fake_audio_p4.mp4,fake_video_fake_audio_p4,00026,True
lrs3/Nvw0reB1gpI/00010/real_video_fake_audio_p1.mp4,real_video_fake_audio_p1,00010,True
lrs3/0OkOQhXhsIE/00004/00004.mp4,00004,00004,True
lrs3/NU82HhqhEHM/00008/fake_video_fake_audio.mp4,fake_video_fake_audio,00008,True
lrs3/OT9poHSD2Iw/00008/00008_p2.mp4,00008_p2,00008,True
lrs3/KjKBOo5tFX8/00003/00003_p4.mp4,00003_p4,00003,True
lrs3/6MgDcFlTgVM/00005/real_video_fake_audio.mp4,real_video_fake_audio,00005,True
lrs3/NRO0SJXuFMY/00011/fake_video_real_audio_p3.mp4,fake_video_real_audio_p3,00011,True
lrs3/63tVsJI31Tk/00003/fake_video_real_audio.mp4,fake_video_real_audio,00003,True
lrs3/OSGHRMKrVM8/00042/fake_video_fake_audio_p4.mp4,fake_video_fake_audio_p4,00042,True
lrs3/5nrn5fC001Q/00008/00008_p3.mp4,00008_p3,00008,True
lrs3/ORBf73HiJns/00007/fake_video_real_audio_p1.mp4,fake_video_real_audio_p1,00007,True
lrs3/NU82HhqhEHM/00008/real_video_fake_audio_p2.mp4,real_video_fake_audio_p2,00008,True
lrs3/NAcuH7nSdLc/00010/real_video_fake_audio.mp4,real_video_fake_audio,00010,True
lrs3/ARWBdfWpDyc/00013/00013_p4.mp4,00013_p4,00013,True
lrs3/ORBf73HiJns/00030/fake_video_fake_audio_p1.mp4,fake_video_fake_audio_p1,00030,True
lrs3/OSz2v42F0E0/00027/00027_p3.mp4,00027_p3,00027,True
lrs3/O6cmKeRV3Z0/00008/00008_p2.mp4,00008_p2,00008,True
lrs3/OSz2v42F0E0/00004/real_video_fake_audio_p3.mp4,real_video_fake_audio_p3,00004,True
lrs3/OSz2v42F0E0/00020/fake_video_fake_audio_p3.mp4,fake_video_fake_audio_p3,00020,True
lrs3/ORBf73HiJns/00022/fake_video_fake_audio_p1.mp4,fake_video_fake_audio_p1,00022,True
lrs3/CQ6by9cmt54/00009/real_video_fake_audio.mp4,real_video_fake_audio,00009,True
lrs3/ORvwzoSf1Sc/00008/fake_video_real_audio_p3.mp4,fake_video_real_audio_p3,00008,True
lrs3/ONXYcNS7k1Y/00014/00014_p2.mp4,00014_p2,00014,True
lrs3/ORzTct2yITk/00002/fake_video_fake_audio_p3.mp4,fake_video_fake_audio_p3,00002,True
lrs3/ONXYcNS7k1Y/00001/00001_p1.mp4,00001_p1,00001,True
lrs3/NS4bBu9Jyho/00007/fake_video_real_audio_p3.mp4,fake_video_real_audio_p3,00007,True
lrs3/64fDIZiVSSM/00005/00005_p4.mp4,00005_p4,00005,True
lrs3/LsSh5ZUfnz4/00004/00004_p4.mp4,00004_p4,00004,True
lrs3/ORBf73HiJns/00043/real_video_fake_audio.mp4,real_video_fake_audio,00043,True
lrs3/OSGHRMKrVM8/00030/real_video_fake_audio_p1.mp4,real_video_fake_audio_p1,00030,True
lrs3/OSz2v42F0E0/00032/fake_video_real_audio_p4.mp4,fake_video_real_audio_p4,00032,True
lrs3/O6cmKeRV3Z0/00002/fake_video_real_audio.mp4,fake_video_real_audio,00002,True
lrs3/OT9poHSD2Iw/00021/00021.mp4,00021,00021,True
lrs3/OSGHRMKrVM8/00027/fake_video_real_audio.mp4,fake_video_real_audio,00027,True
lrs3/C9kPFCw2u3M/00002/fake_video_fake_audio_p2.mp4,fake_video_fake_audio_p2,00002,True
lrs3/NU82HhqhEHM/00006/fake_video_fake_audio_p4.mp4,fake_video_fake_audio_p4,00006,True
lrs3/ORBf73HiJns/00027/fake_video_fake_audio_p3.mp4,fake_video_fake_audio_p3,00027,True
lrs3/0OkOQhXhsIE/00005/real_video_fake_audio_p3.mp4,real_video_fake_audio_p3,00005,True
lrs3/GYcP2BR8EtY/00003/fake_video_real_audio_p2.mp4,fake_video_real_audio_p2,00003,True
lrs3/O6GimGZz6a8/00006/fake_video_fake_audio_p4.mp4,fake_video_fake_audio_p4,00006,True
lrs3/OSGHRMKrVM8/00011/00011_p4.mp4,00011_p4,00011,True
lrs3/OSz2v42F0E0/00021/00021.mp4,00021,00021,True
lrs3/OT9poHSD2Iw/00006/fake_video_fake_audio_p3.mp4,fake_video_fake_audio_p3,00006,True
lrs3/OSGHRMKrVM8/00015/00015_p4.mp4,00015_p4,00015,True
lrs3/Nvw0reB1gpI/00009/fake_video_fake_audio.mp4,fake_video_fake_audio,00009,True
lrs3/DkocjGrWwvc/00003/00003_p1.mp4,00003_p1,00003,True
lrs3/5nrn5fC001Q/00008/fake_video_fake_audio_p1.mp4,fake_video_fake_audio_p1,00008,True
lrs3/NgbqXsA62Qs/00020/real.mp4,real,00020,True
lrs3/4xnVNvd8lBg/00008/00008.mp4,00008,00008,True
lrs3/O4bGOvkkHcM/00001/fake_video_real_audio_p2.mp4,fake_video_real_audio_p2,00001,True
lrs3/ONXYcNS7k1Y/00026/real_video_fake_audio_p4.mp4,real_video_fake_audio_p4,00026,True
lrs3/NCPzjiSS2Oo/00003/00003.mp4,00003,00003,True
lrs3/NVrpKRdtWwc/00011/fake_video_fake_audio_p3.mp4,fake_video_fake_audio_p3,00011,True
lrs3/OSz2v42F0E0/00014/fake_video_real_audio_p3.mp4,fake_video_real_audio_p3,00014,True
lrs3/O6cmKeRV3Z0/00003/fake_video_fake_audio_p1.mp4,fake_video_fake_audio_p1,00003,True
lrs3/Nvw0reB1gpI/00002/real_video_fake_audio.mp4,real_video_fake_audio,00002,True
lrs3/MkRJG510CKo/00004/real_video_fake_audio_p1.mp4,real_video_fake_audio_p1,00004,True
lrs3/NRO0SJXuFMY/00011/real_video_fake_audio_p4.mp4,real_video_fake_audio_p4,00011,True
lrs3/NU82HhqhEHM/00006/fake_video_real_audio.mp4,fake_video_real_audio,00006,True
lrs3/5nrn5fC001Q/00011/00011.mp4,00011,00011,True
lrs3/ONXYcNS7k1Y/00025/fake_video_real_audio_p1.mp4,fake_video_real_audio_p1,00025,True
lrs3/NCPzjiSS2Oo/00003/00003_p4.mp4,00003_p4,00003,True
lrs3/ORBf73HiJns/00040/00040.mp4,00040,00040,True
lrs3/ORBf73HiJns/00023/real_video_fake_audio_p1.mp4,real_video_fake_audio_p1,00023,True
lrs3/ORBf73HiJns/00018/fake_video_fake_audio.mp4,fake_video_fake_audio,00018,True
lrs3/GHcCs4TPvYA/00005/fake_video_real_audio_p1.mp4,fake_video_real_audio_p1,00005,True
lrs3/NhmybGS7FLA/00002/00002_p4.mp4,00002_p4,00002,True
lrs3/NhmybGS7FLA/00008/00008.mp4,00008,00008,True
lrs3/ONXYcNS7k1Y/00024/00024_p4.mp4,00024_p4,00024,True
lrs3/DkocjGrWwvc/00003/fake_video_fake_audio_p4.mp4,fake_video_fake_audio_p4,00003,True
lrs3/OKNpguWW3Sk/00005/00005_p4.mp4,00005_p4,00005,True
lrs3/OSGHRMKrVM8/00041/real_video_fake_audio.mp4,real_video_fake_audio,00041,True
lrs3/MkRJG510CKo/00007/fake_video_real_audio_p3.mp4,fake_video_real_audio_p3,00007,True
lrs3/O4bGOvkkHcM/00007/fake_video_real_audio_p1.mp4,fake_video_real_audio_p1,00007,True
lrs3/NVrpKRdtWwc/00002/real_video_fake_audio_p2.mp4,real_video_fake_audio_p2,00002,True
lrs3/OSz2v42F0E0/00028/fake_video_real_audio_p3.mp4,fake_video_real_audio_p3,00028,True
lrs3/O6GimGZz6a8/00003/real_video_fake_audio_p4.mp4,real_video_fake_audio_p4,00003,True
lrs3/ARWBdfWpDyc/00014/00014_p4.mp4,00014_p4,00014,True
lrs3/ORvwzoSf1Sc/00010/00010_p4.mp4,00010_p4,00010,True
lrs3/NaoSp4NpkGg/00001/00001_p2.mp4,00001_p2,00001,True
lrs3/O6cmKeRV3Z0/00002/fake_video_real_audio_p3.mp4,fake_video_real_audio_p3,00002,True
lrs3/ONXYcNS7k1Y/00013/fake_video_real_audio_p2.mp4,fake_video_real_audio_p2,00013,True
lrs3/ORBf73HiJns/00004/00004_p1.mp4,00004_p1,00004,True
lrs3/Nvw0reB1gpI/00005/fake_video_real_audio_p3.mp4,fake_video_real_audio_p3,00005,True
lrs3/O6GimGZz6a8/00023/real_video_fake_audio_p2.mp4,real_video_fake_audio_p2,00023,True
lrs3/Nvw0reB1gpI/00005/real.mp4,real,00005,True
lrs3/O6GimGZz6a8/00014/00014_p2.mp4,00014_p2,00014,True
lrs3/NgbqXsA62Qs/00023/real_video_fake_audio_p2.mp4,real_video_fake_audio_p2,00023,True
lrs3/NPX5RwjNzl0/00005/fake_video_real_audio_p1.mp4,fake_video_real_audio_p1,00005,True
lrs3/OSGHRMKrVM8/00007/real_video_fake_audio.mp4,real_video_fake_audio,00007,True
lrs3/ExcDNly1DbI/00005/real_video_fake_audio.mp4,real_video_fake_audio,00005,True
lrs3/ORBf73HiJns/00024/00024_p4.mp4,00024_p4,00024,True
lrs3/O6jrLgvCUNs/00001/00001.mp4,00001,00001,True
lrs3/ARWBdfWpDyc/00006/fake_video_fake_audio.mp4,fake_video_fake_audio,00006,True
lrs3/ORBf73HiJns/00008/real_video_fake_audio_p2.mp4,real_video_fake_audio_p2,00008,True
lrs3/95MmftgCHMo/00002/fake_video_real_audio.mp4,fake_video_real_audio,00002,True
lrs3/OSGHRMKrVM8/00026/00026.mp4,00026,00026,True
lrs3/NVrpKRdtWwc/00005/00005_p2.mp4,00005_p2,00005,True
lrs3/3p3Svl9VFYU/00005/fake_video_real_audio.mp4,fake_video_real_audio,00005,True
lrs3/ARWBdfWpDyc/00006/00006_p4.mp4,00006_p4,00006,True
lrs3/OT9poHSD2Iw/00013/fake_video_real_audio.mp4,fake_video_real_audio,00013,True
lrs3/OSGHRMKrVM8/00001/00001_p4.mp4,00001_p4,00001,True
lrs3/OKNpguWW3Sk/00004/00004_p4.mp4,00004_p4,00004,True
lrs3/OSz2v42F0E0/00015/fake_video_real_audio_p2.mp4,fake_video_real_audio_p2,00015,True
lrs3/MkRJG510CKo/00008/00008_p3.mp4,00008_p3,00008,True
lrs3/J5jwEyDaRS0/00003/00003.mp4,00003,00003,True
lrs3/MkRJG510CKo/00001/fake_video_fake_audio_p1.mp4,fake_video_fake_audio_p1,00001,True
lrs3/NgbqXsA62Qs/00013/00013_p1.mp4,00013_p1,00013,True
lrs3/O4g60zB4Un4/00004/00004_p2.mp4,00004_p2,00004,True
lrs3/0OkOQhXhsIE/00003/00003.mp4,00003,00003,True
lrs3/ORvwzoSf1Sc/00012/fake_video_real_audio_p4.mp4,fake_video_real_audio_p4,00012,True
lrs3/5nrn5fC001Q/00001/real.mp4,real,00001,True
lrs3/ORvwzoSf1Sc/00008/fake_video_fake_audio_p2.mp4,fake_video_fake_audio_p2,00008,True
lrs3/HxMGItCnINE/00001/fake_video_fake_audio.mp4,fake_video_fake_audio,00001,True
lrs3/OKNpguWW3Sk/00008/fake_video_fake_audio.mp4,fake_video_fake_audio,00008,True
lrs3/OSz2v42F0E0/00029/real_video_fake_audio_p2.mp4,real_video_fake_audio_p2,00029,True
lrs3/NcPusGLnqAc/00009/real_video_fake_audio_p2.mp4,real_video_fake_audio_p2,00009,True
lrs3/Aoa20kFNYmY/00008/00008_p1.mp4,00008_p1,00008,True
lrs3/0OkOQhXhsIE/00010/fake_video_real_audio.mp4,fake_video_real_audio,00010,True
lrs3/ONXYcNS7k1Y/00031/fake_video_real_audio_p4.mp4,fake_video_real_audio_p4,00031,True
lrs3/OSz2v42F0E0/00024/real_video_fake_audio.mp4,real_video_fake_audio,00024,True
lrs3/NS4bBu9Jyho/00010/fake_video_fake_audio_p4.mp4,fake_video_fake_audio_p4,00010,True
lrs3/D9Ihs241zeg/00002/fake_video_fake_audio_p3.mp4,fake_video_fake_audio_p3,00002,True
lrs3/OSz2v42F0E0/00030/real_video_fake_audio.mp4,real_video_fake_audio,00030,True
lrs3/1Hok1iGFNSk/00004/real_video_fake_audio_p2.mp4,real_video_fake_audio_p2,00004,True
lrs3/5nrn5fC001Q/00001/fake_video_real_audio_p3.mp4,fake_video_real_audio_p3,00001,True
lrs3/8uOIa3AgSWY/00001/fake_video_fake_audio_p2.mp4,fake_video_fake_audio_p2,00001,True
lrs3/OT9poHSD2Iw/00005/fake_video_real_audio.mp4,fake_video_real_audio,00005,True
lrs3/OSGHRMKrVM8/00010/fake_video_real_audio.mp4,fake_video_real_audio,00010,True
lrs3/HxMGItCnINE/00001/fake_video_real_audio_p1.mp4,fake_video_real_audio_p1,00001,True
lrs3/DkocjGrWwvc/00001/00001_p1.mp4,00001_p1,00001,True
lrs3/0OkOQhXhsIE/00010/00010_p4.mp4,00010_p4,00010,True
lrs3/ONXYcNS7k1Y/00025/fake_video_fake_audio_p3.mp4,fake_video_fake_audio_p3,00025,True
lrs3/28sa2zGgmwE/00018/00018_p1.mp4,00018_p1,00018,True
lrs3/NRO0SJXuFMY/00001/fake_video_fake_audio_p1.mp4,fake_video_fake_audio_p1,00001,True
lrs3/ONXYcNS7k1Y/00011/00011_p1.mp4,00011_p1,00011,True
lrs3/ORBf73HiJns/00039/fake_video_fake_audio_p1.mp4,fake_video_fake_audio_p1,00039,True
lrs3/NgbqXsA62Qs/00009/00009_p2.mp4,00009_p2,00009,True
lrs3/D492MbAfBJc/00001/real_video_fake_audio.mp4,real_video_fake_audio,00001,True
lrs3/Nvw0reB1gpI/00001/00001_p1.mp4,00001_p1,00001,True
lrs3/NgbqXsA62Qs/00012/real_video_fake_audio_p3.mp4,real_video_fake_audio_p3,00012,True
lrs3/NHopJHSlVo4/00002/real.mp4,real,00002,True
lrs3/LsSh5ZUfnz4/00005/00005_p2.mp4,00005_p2,00005,True
lrs3/O4bGOvkkHcM/00003/fake_video_fake_audio_p3.mp4,fake_video_fake_audio_p3,00003,True
lrs3/N37x4GgDVBM/00023/fake_video_fake_audio.mp4,fake_video_fake_audio,00023,True
lrs3/0YNeyBANrTI/00001/fake_video_fake_audio_p3.mp4,fake_video_fake_audio_p3,00001,True
lrs3/OSz2v42F0E0/00012/00012_p3.mp4,00012_p3,00012,True
lrs3/O6GimGZz6a8/00005/00005.mp4,00005,00005,True
lrs3/ONXYcNS7k1Y/00020/00020_p1.mp4,00020_p1,00020,True
lrs3/Nvw0reB1gpI/00008/fake_video_fake_audio_p1.mp4,fake_video_fake_audio_p1,00008,True
lrs3/Nvw0reB1gpI/00002/real_video_fake_audio_p4.mp4,real_video_fake_audio_p4,00002,True
lrs3/64SbHvDcgQQ/00001/00001_p2.mp4,00001_p2,00001,True
lrs3/NVrpKRdtWwc/00002/real_video_fake_audio_p4.mp4,real_video_fake_audio_p4,00002,True
lrs3/NU82HhqhEHM/00006/fake_video_fake_audio_p2.mp4,fake_video_fake_audio_p2,00006,True
lrs3/LsSh5ZUfnz4/00002/real_video_fake_audio.mp4,real_video_fake_audio,00002,True
lrs3/Cu3ILSqFJJQ/00002/00002_p4.mp4,00002_p4,00002,True
lrs3/NVrpKRdtWwc/00010/fake_video_fake_audio.mp4,fake_video_fake_audio,00010,True
lrs3/OT9poHSD2Iw/00003/fake_video_real_audio.mp4,fake_video_real_audio,00003,True
lrs3/63tVsJI31Tk/00006/00006_p3.mp4,00006_p3,00006,True
lrs3/OT9poHSD2Iw/00025/real_video_fake_audio_p3.mp4,real_video_fake_audio_p3,00025,True
lrs3/NVrpKRdtWwc/00010/fake_video_real_audio_p4.mp4,fake_video_real_audio_p4,00010,True
lrs3/NgbqXsA62Qs/00010/fake_video_real_audio.mp4,fake_video_real_audio,00010,True
lrs3/OSGHRMKrVM8/00042/00042_p4.mp4,00042_p4,00042,True
lrs3/NgbqXsA62Qs/00023/fake_video_fake_audio_p3.mp4,fake_video_fake_audio_p3,00023,True
lrs3/4xnVNvd8lBg/00002/fake_video_fake_audio.mp4,fake_video_fake_audio,00002,True
lrs3/O4bGOvkkHcM/00006/fake_video_fake_audio_p3.mp4,fake_video_fake_audio_p3,00006,True
lrs3/MkRJG510CKo/00008/real_video_fake_audio_p1.mp4,real_video_fake_audio_p1,00008,True
lrs3/KU0zEEDRKXo/00005/fake_video_real_audio_p1.mp4,fake_video_real_audio_p1,00005,True
lrs3/ORBf73HiJns/00042/00042_p4.mp4,00042_p4,00042,True
lrs3/NgbqXsA62Qs/00010/00010_p4.mp4,00010_p4,00010,True
lrs3/ARWBdfWpDyc/00015/00015_p4.mp4,00015_p4,00015,True
lrs3/NRO0SJXuFMY/00008/00008_p3.mp4,00008_p3,00008,True
lrs3/OSz2v42F0E0/00012/fake_video_real_audio_p1.mp4,fake_video_real_audio_p1,00012,True
lrs3/NgbqXsA62Qs/00015/00015_p3.mp4,00015_p3,00015,True
lrs3/ExcDNly1DbI/00005/fake_video_real_audio_p3.mp4,fake_video_real_audio_p3,00005,True
lrs3/O2OQxHNVLNY/00002/00002_p4.mp4,00002_p4,00002,True
lrs3/CQ6by9cmt54/00008/00008_p4.mp4,00008_p4,00008,True
lrs3/ONXYcNS7k1Y/00004/00004_p1.mp4,00004_p1,00004,True
lrs3/GYcP2BR8EtY/00004/fake_video_real_audio.mp4,fake_video_real_audio,00004,True
lrs3/MkRJG510CKo/00005/fake_video_fake_audio_p3.mp4,fake_video_fake_audio_p3,00005,True
lrs3/ONXYcNS7k1Y/00031/real_video_fake_audio_p1.mp4,real_video_fake_audio_p1,00031,True
lrs3/OSz2v42F0E0/00027/fake_video_real_audio_p4.mp4,fake_video_real_audio_p4,00027,True
lrs3/ONXYcNS7k1Y/00017/fake_video_fake_audio_p4.mp4,fake_video_fake_audio_p4,00017,True
lrs3/C9kPFCw2u3M/00003/fake_video_real_audio_p1.mp4,fake_video_real_audio_p1,00003,True
lrs3/NRO0SJXuFMY/00009/00009_p1.mp4,00009_p1,00009,True
lrs3/NhmybGS7FLA/00008/fake_video_fake_audio_p1.mp4,fake_video_fake_audio_p1,00008,True
lrs3/OSz2v42F0E0/00015/fake_video_fake_audio_p4.mp4,fake_video_fake_audio_p4,00015,True
lrs3/O6jrLgvCUNs/00006/real_video_fake_audio_p2.mp4,real_video_fake_audio_p2,00006,True
lrs3/LsSh5ZUfnz4/00002/real_video_fake_audio_p1.mp4,real_video_fake_audio_p1,00002,True
lrs3/63tVsJI31Tk/00001/00001_p1.mp4,00001_p1,00001,True
lrs3/ARWBdfWpDyc/00004/00004_p4.mp4,00004_p4,00004,True
lrs3/FgSJcKSHUtQ/00006/real.mp4,real,00006,True
lrs3/0OkOQhXhsIE/00009/fake_video_real_audio.mp4,fake_video_real_audio,00009,True
lrs3/NRO0SJXuFMY/00004/00004_p4.mp4,00004_p4,00004,True
lrs3/HxMGItCnINE/00001/real.mp4,real,00001,True
lrs3/ORBf73HiJns/00022/fake_video_real_audio_p3.mp4,fake_video_real_audio_p3,00022,True
lrs3/O2OQxHNVLNY/00009/real_video_fake_audio_p1.mp4,real_video_fake_audio_p1,00009,True
lrs3/4xnVNvd8lBg/00006/real_video_fake_audio.mp4,real_video_fake_audio,00006,True
lrs3/OSz2v42F0E0/00018/real_video_fake_audio.mp4,real_video_fake_audio,00018,True
lrs3/ONXYcNS7k1Y/00031/real.mp4,real,00031,True
lrs3/NCPzjiSS2Oo/00002/fake_video_fake_audio_p2.mp4,fake_video_fake_audio_p2,00002,True
lrs3/ONXYcNS7k1Y/00005/00005_p4.mp4,00005_p4,00005,True
lrs3/ORBf73HiJns/00024/fake_video_real_audio_p3.mp4,fake_video_real_audio_p3,00024,True
lrs3/OSz2v42F0E0/00020/real_video_fake_audio_p1.mp4,real_video_fake_audio_p1,00020,True
lrs3/NaoSp4NpkGg/00010/00010.mp4,00010,00010,True
lrs3/86Hyq4bBpA0/00003/fake_video_fake_audio.mp4,fake_video_fake_audio,00003,True
lrs3/8ZKTWji7k5Y/00001/fake_video_fake_audio.mp4,fake_video_fake_audio,00001,True
lrs3/NTbBuvcGnxM/00018/00018_p3.mp4,00018_p3,00018,True
lrs3/OSz2v42F0E0/00024/fake_video_fake_audio_p4.mp4,fake_video_fake_audio_p4,00024,True
lrs3/OSz2v42F0E0/00020/fake_video_real_audio.mp4,fake_video_real_audio,00020,True
lrs3/OSz2v42F0E0/00015/00015_p1.mp4,00015_p1,00015,True
lrs3/NS4bBu9Jyho/00005/real_video_fake_audio_p4.mp4,real_video_fake_audio_p4,00005,True
lrs3/J5jwEyDaRS0/00004/fake_video_real_audio_p1.mp4,fake_video_real_audio_p1,00004,True
lrs3/Fb2J5eDoFko/00003/fake_video_fake_audio_p2.mp4,fake_video_fake_audio_p2,00003,True
lrs3/OSz2v42F0E0/00025/real.mp4,real,00025,True
lrs3/O6GimGZz6a8/00003/fake_video_fake_audio_p3.mp4,fake_video_fake_audio_p3,00003,True
lrs3/8ZKTWji7k5Y/00001/real_video_fake_audio_p2.mp4,real_video_fake_audio_p2,00001,True
lrs3/OSz2v42F0E0/00024/fake_video_fake_audio_p2.mp4,fake_video_fake_audio_p2,00024,True
lrs3/KU0zEEDRKXo/00001/00001_p4.mp4,00001_p4,00001,True
lrs3/OSz2v42F0E0/00030/real_video_fake_audio_p4.mp4,real_video_fake_audio_p4,00030,True
lrs3/MkRJG510CKo/00001/fake_video_real_audio_p3.mp4,fake_video_real_audio_p3,00001,True
lrs3/NgbqXsA62Qs/00022/fake_video_real_audio_p4.mp4,fake_video_real_audio_p4,00022,True
lrs3/NcPusGLnqAc/00009/fake_video_fake_audio.mp4,fake_video_fake_audio,00009,True
lrs3/ORBf73HiJns/00019/fake_video_real_audio.mp4,fake_video_real_audio,00019,True
lrs3/OSz2v42F0E0/00010/00010_p4.mp4,00010_p4,00010,True
lrs3/OSGHRMKrVM8/00029/fake_video_real_audio_p4.mp4,fake_video_real_audio_p4,00029,True
lrs3/O6GimGZz6a8/00023/fake_video_real_audio_p4.mp4,fake_video_real_audio_p4,00023,True
lrs3/4qKAse8388k/00001/00001.mp4,00001,00001,True
lrs3/GHcCs4TPvYA/00003/fake_video_real_audio_p1.mp4,fake_video_real_audio_p1,00003,True
lrs3/NgbqXsA62Qs/00018/00018_p1.mp4,00018_p1,00018,True
lrs3/Nvw0reB1gpI/00009/fake_video_real_audio_p3.mp4,fake_video_real_audio_p3,00009,True
lrs3/Nvw0reB1gpI/00003/00003_p1.mp4,00003_p1,00003,True
lrs3/NbpSibMSEiE/00002/00002_p2.mp4,00002_p2,00002,True
lrs3/53P0aypkpXY/00002/fake_video_fake_audio_p3.mp4,fake_video_fake_audio_p3,00002,True
lrs3/NaoSp4NpkGg/00003/fake_video_real_audio_p3.mp4,fake_video_real_audio_p3,00003,True
lrs3/ORBf73HiJns/00010/real.mp4,real,00010,True
lrs3/NVrpKRdtWwc/00002/fake_video_fake_audio_p4.mp4,fake_video_fake_audio_p4,00002,True
lrs3/NVrpKRdtWwc/00005/00005_p1.mp4,00005_p1,00005,True
lrs3/KU0zEEDRKXo/00006/fake_video_real_audio_p2.mp4,fake_video_real_audio_p2,00006,True
lrs3/OSGHRMKrVM8/00002/fake_video_real_audio.mp4,fake_video_real_audio,00002,True
lrs3/MkRJG510CKo/00007/fake_video_real_audio.mp4,fake_video_real_audio,00007,True
lrs3/OSz2v42F0E0/00017/00017_p2.mp4,00017_p2,00017,True
lrs3/NgbqXsA62Qs/00018/real_video_fake_audio_p1.mp4,real_video_fake_audio_p1,00018,True
lrs3/CQ6by9cmt54/00008/00008_p1.mp4,00008_p1,00008,True
lrs3/NcPusGLnqAc/00004/real_video_fake_audio_p4.mp4,real_video_fake_audio_p4,00004,True
lrs3/O6cmKeRV3Z0/00002/fake_video_fake_audio.mp4,fake_video_fake_audio,00002,True
lrs3/3lxyiS3CGrk/00021/00021.mp4,00021,00021,True
lrs3/OSGHRMKrVM8/00011/real_video_fake_audio.mp4,real_video_fake_audio,00011,True
lrs3/O6GimGZz6a8/00003/fake_video_real_audio_p4.mp4,fake_video_real_audio_p4,00003,True
lrs3/5nrn5fC001Q/00002/fake_video_fake_audio_p4.mp4,fake_video_fake_audio_p4,00002,True
lrs3/84QouBqCIWg/00005/fake_video_real_audio.mp4,fake_video_real_audio,00005,True
lrs3/ORBf73HiJns/00040/00040_p4.mp4,00040_p4,00040,True
lrs3/HxMGItCnINE/00001/fake_video_real_audio_p3.mp4,fake_video_real_audio_p3,00001,True
lrs3/ONXYcNS7k1Y/00013/real_video_fake_audio_p2.mp4,real_video_fake_audio_p2,00013,True
lrs3/ORBf73HiJns/00024/fake_video_fake_audio_p1.mp4,fake_video_fake_audio_p1,00024,True
lrs3/NcPusGLnqAc/00005/fake_video_fake_audio_p1.mp4,fake_video_fake_audio_p1,00005,True
lrs3/64fDIZiVSSM/00005/00005_p1.mp4,00005_p1,00005,True
lrs3/NgbqXsA62Qs/00007/real_video_fake_audio_p4.mp4,real_video_fake_audio_p4,00007,True
lrs3/NaoSp4NpkGg/00007/fake_video_fake_audio_p2.mp4,fake_video_fake_audio_p2,00007,True
lrs3/OKNpguWW3Sk/00002/real.mp4,real,00002,True
lrs3/NcPusGLnqAc/00005/00005_p4.mp4,00005_p4,00005,True
lrs3/ONXYcNS7k1Y/00030/fake_video_fake_audio_p3.mp4,fake_video_fake_audio_p3,00030,True
lrs3/ExcDNly1DbI/00008/00008_p4.mp4,00008_p4,00008,True
lrs3/NVrpKRdtWwc/00011/fake_video_real_audio_p4.mp4,fake_video_real_audio_p4,00011,True
lrs3/NS4bBu9Jyho/00002/real_video_fake_audio_p3.mp4,real_video_fake_audio_p3,00002,True
lrs3/O6jrLgvCUNs/00006/fake_video_fake_audio_p1.mp4,fake_video_fake_audio_p1,00006,True
lrs3/O6GimGZz6a8/00003/fake_video_fake_audio_p4.mp4,fake_video_fake_audio_p4,00003,True
lrs3/ORBf73HiJns/00027/fake_video_real_audio_p1.mp4,fake_video_real_audio_p1,00027,True
lrs3/9RMaD0Sk7hc/00009/00009_p4.mp4,00009_p4,00009,True
lrs3/OKNpguWW3Sk/00008/00008_p1.mp4,00008_p1,00008,True
lrs3/O2OQxHNVLNY/00009/fake_video_fake_audio_p2.mp4,fake_video_fake_audio_p2,00009,True
lrs3/ARWBdfWpDyc/00005/00005_p2.mp4,00005_p2,00005,True
lrs3/C9kPFCw2u3M/00003/real_video_fake_audio_p3.mp4,real_video_fake_audio_p3,00003,True
lrs3/MkRJG510CKo/00007/00007_p1.mp4,00007_p1,00007,True
lrs3/9RMaD0Sk7hc/00003/real_video_fake_audio_p4.mp4,real_video_fake_audio_p4,00003,True
lrs3/5nrn5fC001Q/00012/00012_p2.mp4,00012_p2,00012,True
lrs3/ONXYcNS7k1Y/00014/fake_video_fake_audio_p2.mp4,fake_video_fake_audio_p2,00014,True
lrs3/53P0aypkpXY/00002/real_video_fake_audio_p4.mp4,real_video_fake_audio_p4,00002,True
lrs3/OSGHRMKrVM8/00007/fake_video_real_audio.mp4,fake_video_real_audio,00007,True
lrs3/3p3Svl9VFYU/00005/real_video_fake_audio_p2.mp4,real_video_fake_audio_p2,00005,True
lrs3/O2OQxHNVLNY/00004/00004_p4.mp4,00004_p4,00004,True
lrs3/OSz2v42F0E0/00009/real_video_fake_audio_p2.mp4,real_video_fake_audio_p2,00009,True
lrs3/ORBf73HiJns/00014/00014_p4.mp4,00014_p4,00014,True
lrs3/NTbBuvcGnxM/00018/fake_video_real_audio_p1.mp4,fake_video_real_audio_p1,00018,True
lrs3/NaoSp4NpkGg/00015/fake_video_real_audio.mp4,fake_video_real_audio,00015,True
lrs3/NPX5RwjNzl0/00006/fake_video_fake_audio_p3.mp4,fake_video_fake_audio_p3,00006,True
lrs3/ORBf73HiJns/00031/fake_video_fake_audio.mp4,fake_video_fake_audio,00031,True
lrs3/ExcDNly1DbI/00005/fake_video_real_audio_p1.mp4,fake_video_real_audio_p1,00005,True
lrs3/ORBf73HiJns/00027/fake_video_fake_audio_p1.mp4,fake_video_fake_audio_p1,00027,True
lrs3/NPX5RwjNzl0/00002/00002_p2.mp4,00002_p2,00002,True
lrs3/OSGHRMKrVM8/00014/real_video_fake_audio_p3.mp4,real_video_fake_audio_p3,00014,True
lrs3/O4bGOvkkHcM/00002/00002_p2.mp4,00002_p2,00002,True
lrs3/OT9poHSD2Iw/00015/00015_p2.mp4,00015_p2,00015,True
lrs3/OSz2v42F0E0/00010/00010_p2.mp4,00010_p2,00010,True
lrs3/Fb2J5eDoFko/00003/fake_video_real_audio_p3.mp4,fake_video_real_audio_p3,00003,True
lrs3/GHcCs4TPvYA/00003/fake_video_fake_audio_p4.mp4,fake_video_fake_audio_p4,00003,True
lrs3/OT9poHSD2Iw/00003/real_video_fake_audio_p2.mp4,real_video_fake_audio_p2,00003,True
lrs3/ONXYcNS7k1Y/00014/00014_p1.mp4,00014_p1,00014,True
lrs3/2YPHJdq5QWM/00003/fake_video_fake_audio_p2.mp4,fake_video_fake_audio_p2,00003,True
lrs3/NhmybGS7FLA/00008/real_video_fake_audio_p2.mp4,real_video_fake_audio_p2,00008,True
lrs3/D9Ihs241zeg/00002/real.mp4,real,00002,True
lrs3/DkocjGrWwvc/00001/00001.mp4,00001,00001,True
lrs3/O6GimGZz6a8/00020/00020_p1.mp4,00020_p1,00020,True
lrs3/ORBf73HiJns/00034/fake_video_real_audio_p1.mp4,fake_video_real_audio_p1,00034,True
lrs3/NS4bBu9Jyho/00002/real_video_fake_audio_p2.mp4,real_video_fake_audio_p2,00002,True
lrs3/OSz2v42F0E0/00010/real_video_fake_audio_p2.mp4,real_video_fake_audio_p2,00010,True
lrs3/OT9poHSD2Iw/00006/real_video_fake_audio_p1.mp4,real_video_fake_audio_p1,00006,True
lrs3/Nvw0reB1gpI/00011/real.mp4,real,00011,True
lrs3/OSz2v42F0E0/00001/00001.mp4,00001,00001,True
lrs3/O6GimGZz6a8/00003/fake_video_fake_audio.mp4,fake_video_fake_audio,00003,True
lrs3/NgbqXsA62Qs/00022/fake_video_fake_audio_p3.mp4,fake_video_fake_audio_p3,00022,True
lrs3/3p3Svl9VFYU/00005/real.mp4,real,00005,True
lrs3/ORBf73HiJns/00038/real_video_fake_audio_p3.mp4,real_video_fake_audio_p3,00038,True
lrs3/OSGHRMKrVM8/00006/real_video_fake_audio_p1.mp4,real_video_fake_audio_p1,00006,True
lrs3/NcPusGLnqAc/00010/real_video_fake_audio.mp4,real_video_fake_audio,00010,True
lrs3/ORBf73HiJns/00025/fake_video_real_audio_p3.mp4,fake_video_real_audio_p3,00025,True
lrs3/NcPusGLnqAc/00001/00001.mp4,00001,00001,True
lrs3/O6jrLgvCUNs/00015/real_video_fake_audio_p1.mp4,real_video_fake_audio_p1,00015,True
lrs3/ONXYcNS7k1Y/00009/fake_video_fake_audio_p4.mp4,fake_video_fake_audio_p4,00009,True
lrs3/FgSJcKSHUtQ/00008/00008.mp4,00008,00008,True
lrs3/OSGHRMKrVM8/00009/00009.mp4,00009,00009,True
lrs3/NTbBuvcGnxM/00014/00014_p4.mp4,00014_p4,00014,True
lrs3/ONXYcNS7k1Y/00021/real.mp4,real,00021,True
lrs3/OSGHRMKrVM8/00028/fake_video_real_audio_p2.mp4,fake_video_real_audio_p2,00028,True
lrs3/D9Ihs241zeg/00002/real_video_fake_audio.mp4,real_video_fake_audio,00002,True
lrs3/ORBf73HiJns/00010/fake_video_fake_audio_p1.mp4,fake_video_fake_audio_p1,00010,True
lrs3/HqawqHB7nDM/00016/real_video_fake_audio.mp4,real_video_fake_audio,00016,True
lrs3/56XQd6fcWu8/00003/fake_video_fake_audio_p3.mp4,fake_video_fake_audio_p3,00003,True
lrs3/9RMaD0Sk7hc/00003/fake_video_real_audio.mp4,fake_video_real_audio,00003,True
lrs3/OSGHRMKrVM8/00027/fake_video_fake_audio_p2.mp4,fake_video_fake_audio_p2,00027,True
lrs3/NcPusGLnqAc/00004/fake_video_real_audio.mp4,fake_video_real_audio,00004,True
lrs3/O4bGOvkkHcM/00006/00006.mp4,00006,00006,True
lrs3/56XQd6fcWu8/00003/real_video_fake_audio_p2.mp4,real_video_fake_audio_p2,00003,True
lrs3/53P0aypkpXY/00002/fake_video_real_audio.mp4,fake_video_real_audio,00002,True
lrs3/OT9poHSD2Iw/00022/00022_p3.mp4,00022_p3,00022,True
lrs3/53P0aypkpXY/00005/00005.mp4,00005,00005,True
lrs3/O4bGOvkkHcM/00003/00003_p4.mp4,00003_p4,00003,True
lrs3/NS4bBu9Jyho/00002/fake_video_real_audio_p4.mp4,fake_video_real_audio_p4,00002,True
lrs3/2iIIDwSJhAg/00001/real_video_fake_audio_p2.mp4,real_video_fake_audio_p2,00001,True
lrs3/E66oIgegbv0/00002/00002_p4.mp4,00002_p4,00002,True
lrs3/FvAl7Sjddok/00001/real_video_fake_audio_p3.mp4,real_video_fake_audio_p3,00001,True
lrs3/OSGHRMKrVM8/00017/00017_p4.mp4,00017_p4,00017,True
lrs3/NPX5RwjNzl0/00005/real_video_fake_audio_p4.mp4,real_video_fake_audio_p4,00005,True
lrs3/O6GimGZz6a8/00023/real_video_fake_audio_p1.mp4,real_video_fake_audio_p1,00023,True
lrs3/OSz2v42F0E0/00010/fake_video_real_audio_p4.mp4,fake_video_real_audio_p4,00010,True
lrs3/0N1oA9LUEc4/00020/00020_p4.mp4,00020_p4,00020,True
lrs3/3p3Svl9VFYU/00005/fake_video_real_audio_p4.mp4,fake_video_real_audio_p4,00005,True
lrs3/NPX5RwjNzl0/00001/00001_p3.mp4,00001_p3,00001,True
lrs3/NaoSp4NpkGg/00006/00006_p1.mp4,00006_p1,00006,True
lrs3/ONXYcNS7k1Y/00018/00018_p4.mp4,00018_p4,00018,True
lrs3/O6GimGZz6a8/00001/00001_p4.mp4,00001_p4,00001,True
lrs3/OT9poHSD2Iw/00020/fake_video_real_audio_p3.mp4,fake_video_real_audio_p3,00020,True
lrs3/OSGHRMKrVM8/00040/fake_video_fake_audio_p2.mp4,fake_video_fake_audio_p2,00040,True
lrs3/NCPzjiSS2Oo/00004/00004_p3.mp4,00004_p3,00004,True
lrs3/OSGHRMKrVM8/00001/fake_video_real_audio.mp4,fake_video_real_audio,00001,True
lrs3/O6GimGZz6a8/00020/fake_video_real_audio.mp4,fake_video_real_audio,00020,True
lrs3/ORBf73HiJns/00017/00017_p3.mp4,00017_p3,00017,True
lrs3/ORBf73HiJns/00026/fake_video_real_audio_p1.mp4,fake_video_real_audio_p1,00026,True
lrs3/O2OQxHNVLNY/00010/fake_video_fake_audio_p1.mp4,fake_video_fake_audio_p1,00010,True
lrs3/MbhNaj88uL4/00002/real_video_fake_audio.mp4,real_video_fake_audio,00002,True
lrs3/OSGHRMKrVM8/00041/fake_video_fake_audio_p2.mp4,fake_video_fake_audio_p2,00041,True
lrs3/NcPusGLnqAc/00011/real_video_fake_audio.mp4,real_video_fake_audio,00011,True
lrs3/MkRJG510CKo/00004/00004_p4.mp4,00004_p4,00004,True
lrs3/HrG8UZjL5E8/00004/fake_video_real_audio_p4.mp4,fake_video_real_audio_p4,00004,True
lrs3/BdHKSr9RXTc/00001/fake_video_fake_audio.mp4,fake_video_fake_audio,00001,True
lrs3/OSz2v42F0E0/00032/real_video_fake_audio_p1.mp4,real_video_fake_audio_p1,00032,True
lrs3/NgbqXsA62Qs/00011/00011_p3.mp4,00011_p3,00011,True
lrs3/Nvw0reB1gpI/00011/fake_video_fake_audio_p4.mp4,fake_video_fake_audio_p4,00011,True
lrs3/ONXYcNS7k1Y/00008/00008_p2.mp4,00008_p2,00008,True
lrs3/OSGHRMKrVM8/00026/00026_p4.mp4,00026_p4,00026,True
lrs3/OSGHRMKrVM8/00035/fake_video_fake_audio_p3.mp4,fake_video_fake_audio_p3,00035,True
lrs3/DkocjGrWwvc/00001/00001_p2.mp4,00001_p2,00001,True
lrs3/NaoSp4NpkGg/00011/00011_p1.mp4,00011_p1,00011,True
lrs3/NVrpKRdtWwc/00001/real_video_fake_audio_p2.mp4,real_video_fake_audio_p2,00001,True
lrs3/ORBf73HiJns/00022/00022_p3.mp4,00022_p3,00022,True
lrs3/2iIIDwSJhAg/00001/real.mp4,real,00001,True
lrs3/OSGHRMKrVM8/00011/fake_video_fake_audio.mp4,fake_video_fake_audio,00011,True
lrs3/10MvdLL2EpY/00001/00001.mp4,00001,00001,True
lrs3/ORBf73HiJns/00041/00041_p2.mp4,00041_p2,00041,True
lrs3/OSGHRMKrVM8/00030/real_video_fake_audio.mp4,real_video_fake_audio,00030,True
lrs3/O6GimGZz6a8/00002/00002.mp4,00002,00002,True
lrs3/NAcuH7nSdLc/00017/fake_video_fake_audio_p1.mp4,fake_video_fake_audio_p1,00017,True
lrs3/5nrn5fC001Q/00008/real_video_fake_audio_p3.mp4,real_video_fake_audio_p3,00008,True
lrs3/7TXEZ4tP06c/00002/00002_p3.mp4,00002_p3,00002,True
lrs3/NaoSp4NpkGg/00013/00013_p4.mp4,00013_p4,00013,True
lrs3/Nvw0reB1gpI/00011/fake_video_real_audio_p1.mp4,fake_video_real_audio_p1,00011,True
lrs3/NAcuH7nSdLc/00010/fake_video_fake_audio_p2.mp4,fake_video_fake_audio_p2,00010,True
lrs3/NaoSp4NpkGg/00002/00002_p4.mp4,00002_p4,00002,True
lrs3/NVrpKRdtWwc/00002/00002_p2.mp4,00002_p2,00002,True
lrs3/O6GimGZz6a8/00020/fake_video_real_audio_p4.mp4,fake_video_real_audio_p4,00020,True
lrs3/NcPusGLnqAc/00009/real_video_fake_audio_p3.mp4,real_video_fake_audio_p3,00009,True
lrs3/ONXYcNS7k1Y/00032/fake_video_fake_audio_p3.mp4,fake_video_fake_audio_p3,00032,True
lrs3/0OkOQhXhsIE/00005/real.mp4,real,00005,True
lrs3/OKNpguWW3Sk/00006/00006_p4.mp4,00006_p4,00006,True
lrs3/64fDIZiVSSM/00001/00001_p2.mp4,00001_p2,00001,True
lrs3/OSz2v42F0E0/00009/fake_video_real_audio_p4.mp4,fake_video_real_audio_p4,00009,True
lrs3/O2OQxHNVLNY/00009/fake_video_real_audio_p2.mp4,fake_video_real_audio_p2,00009,True
lrs3/86Hyq4bBpA0/00008/fake_video_fake_audio.mp4,fake_video_fake_audio,00008,True
lrs3/OSGHRMKrVM8/00005/00005_p4.mp4,00005_p4,00005,True
lrs3/O6GimGZz6a8/00019/00019_p3.mp4,00019_p3,00019,True
lrs3/HqawqHB7nDM/00016/00016_p4.mp4,00016_p4,00016,True
lrs3/MkRJG510CKo/00002/real_video_fake_audio_p2.mp4,real_video_fake_audio_p2,00002,True
lrs3/ORzTct2yITk/00002/fake_video_fake_audio_p2.mp4,fake_video_fake_audio_p2,00002,True
lrs3/NRO0SJXuFMY/00001/fake_video_fake_audio_p2.mp4,fake_video_fake_audio_p2,00001,True
lrs3/MbhNaj88uL4/00002/fake_video_real_audio_p4.mp4,fake_video_real_audio_p4,00002,True
lrs3/NHopJHSlVo4/00001/fake_video_real_audio_p4.mp4,fake_video_real_audio_p4,00001,True
lrs3/GYcP2BR8EtY/00004/real_video_fake_audio_p1.mp4,real_video_fake_audio_p1,00004,True
lrs3/NgbqXsA62Qs/00008/fake_video_real_audio.mp4,fake_video_real_audio,00008,True
lrs3/NcPusGLnqAc/00005/real.mp4,real,00005,True
lrs3/ExcDNly1DbI/00003/fake_video_fake_audio_p3.mp4,fake_video_fake_audio_p3,00003,True
lrs3/ORzTct2yITk/00002/real.mp4,real,00002,True
lrs3/O6jrLgvCUNs/00002/00002.mp4,00002,00002,True
lrs3/OT9poHSD2Iw/00006/real_video_fake_audio_p3.mp4,real_video_fake_audio_p3,00006,True
lrs3/NbpSibMSEiE/00003/00003.mp4,00003,00003,True
lrs3/ORBf73HiJns/00018/fake_video_fake_audio_p4.mp4,fake_video_fake_audio_p4,00018,True
lrs3/ORBf73HiJns/00025/fake_video_real_audio_p4.mp4,fake_video_real_audio_p4,00025,True
lrs3/NcPusGLnqAc/00003/fake_video_real_audio_p2.mp4,fake_video_real_audio_p2,00003,True
lrs3/8ZKTWji7k5Y/00001/fake_video_real_audio.mp4,fake_video_real_audio,00001,True
lrs3/ONXYcNS7k1Y/00031/fake_video_real_audio_p2.mp4,fake_video_real_audio_p2,00031,True
lrs3/ONXYcNS7k1Y/00010/00010_p4.mp4,00010_p4,00010,True
lrs3/NgbqXsA62Qs/00022/real_video_fake_audio_p4.mp4,real_video_fake_audio_p4,00022,True
lrs3/NS4bBu9Jyho/00004/real_video_fake_audio_p3.mp4,real_video_fake_audio_p3,00004,True
lrs3/OSGHRMKrVM8/00006/fake_video_fake_audio.mp4,fake_video_fake_audio,00006,True
lrs3/OSGHRMKrVM8/00002/real_video_fake_audio_p2.mp4,real_video_fake_audio_p2,00002,True
lrs3/ORBf73HiJns/00028/00028_p1.mp4,00028_p1,00028,True
lrs3/ORBf73HiJns/00001/00001_p4.mp4,00001_p4,00001,True
lrs3/ORBf73HiJns/00014/fake_video_fake_audio_p4.mp4,fake_video_fake_audio_p4,00014,True
lrs3/OSGHRMKrVM8/00014/fake_video_real_audio_p2.mp4,fake_video_real_audio_p2,00014,True
lrs3/4qKAse8388k/00002/00002.mp4,00002,00002,True
lrs3/NhmybGS7FLA/00017/fake_video_real_audio_p3.mp4,fake_video_real_audio_p3,00017,True
lrs3/ONXYcNS7k1Y/00024/fake_video_fake_audio_p3.mp4,fake_video_fake_audio_p3,00024,True
lrs3/ORvwzoSf1Sc/00006/real_video_fake_audio.mp4,real_video_fake_audio,00006,True
lrs3/NaoSp4NpkGg/00016/fake_video_real_audio.mp4,fake_video_real_audio,00016,True
lrs3/NVrpKRdtWwc/00011/fake_video_fake_audio_p2.mp4,fake_video_fake_audio_p2,00011,True
lrs3/OSGHRMKrVM8/00014/fake_video_fake_audio_p4.mp4,fake_video_fake_audio_p4,00014,True
lrs3/Dceyy0cX6J4/00004/00004_p2.mp4,00004_p2,00004,True
lrs3/ARWBdfWpDyc/00003/00003_p2.mp4,00003_p2,00003,True
lrs3/ONXYcNS7k1Y/00007/00007_p3.mp4,00007_p3,00007,True
lrs3/OSGHRMKrVM8/00020/real_video_fake_audio_p3.mp4,real_video_fake_audio_p3,00020,True
lrs3/ORBf73HiJns/00023/fake_video_fake_audio_p1.mp4,fake_video_fake_audio_p1,00023,True
lrs3/ARWBdfWpDyc/00014/00014.mp4,00014,00014,True
lrs3/NPX5RwjNzl0/00005/00005_p1.mp4,00005_p1,00005,True
lrs3/OSz2v42F0E0/00025/00025_p1.mp4,00025_p1,00025,True
lrs3/OSGHRMKrVM8/00005/00005.mp4,00005,00005,True
lrs3/OSGHRMKrVM8/00014/fake_video_real_audio.mp4,fake_video_real_audio,00014,True
lrs3/ORvwzoSf1Sc/00004/real.mp4,real,00004,True
lrs3/O4bGOvkkHcM/00006/00006_p2.mp4,00006_p2,00006,True
lrs3/5zuBDgBdyug/00002/real_video_fake_audio.mp4,real_video_fake_audio,00002,True
lrs3/Nvw0reB1gpI/00006/fake_video_real_audio_p4.mp4,fake_video_real_audio_p4,00006,True
lrs3/NPX5RwjNzl0/00004/real_video_fake_audio_p3.mp4,real_video_fake_audio_p3,00004,True
lrs3/ORBf73HiJns/00022/fake_video_fake_audio_p3.mp4,fake_video_fake_audio_p3,00022,True
lrs3/NhmybGS7FLA/00012/00012_p4.mp4,00012_p4,00012,True
lrs3/NHopJHSlVo4/00004/fake_video_real_audio_p2.mp4,fake_video_real_audio_p2,00004,True
lrs3/NHopJHSlVo4/00004/fake_video_fake_audio.mp4,fake_video_fake_audio,00004,True
lrs3/95MmftgCHMo/00002/00002_p3.mp4,00002_p3,00002,True
lrs3/NhmybGS7FLA/00016/00016_p4.mp4,00016_p4,00016,True
lrs3/NcPusGLnqAc/00008/00008_p3.mp4,00008_p3,00008,True
lrs3/NVrpKRdtWwc/00010/real_video_fake_audio_p4.mp4,real_video_fake_audio_p4,00010,True
lrs3/NPX5RwjNzl0/00004/real_video_fake_audio.mp4,real_video_fake_audio,00004,True
lrs3/OSz2v42F0E0/00009/fake_video_real_audio_p1.mp4,fake_video_real_audio_p1,00009,True
lrs3/ONXYcNS7k1Y/00024/00024_p3.mp4,00024_p3,00024,True
lrs3/O6GimGZz6a8/00016/00016.mp4,00016,00016,True
lrs3/ORBf73HiJns/00001/fake_video_real_audio_p4.mp4,fake_video_real_audio_p4,00001,True
lrs3/ONXYcNS7k1Y/00017/real_video_fake_audio_p4.mp4,real_video_fake_audio_p4,00017,True
lrs3/ONXYcNS7k1Y/00013/real_video_fake_audio_p1.mp4,real_video_fake_audio_p1,00013,True
lrs3/C9CKRd2jScg/00001/00001_p4.mp4,00001_p4,00001,True
lrs3/ONXYcNS7k1Y/00020/00020_p3.mp4,00020_p3,00020,True
lrs3/OSz2v42F0E0/00012/real_video_fake_audio_p4.mp4,real_video_fake_audio_p4,00012,True
lrs3/ORBf73HiJns/00008/real_video_fake_audio.mp4,real_video_fake_audio,00008,True
lrs3/84QouBqCIWg/00002/fake_video_real_audio_p4.mp4,fake_video_real_audio_p4,00002,True
lrs3/ORBf73HiJns/00009/00009.mp4,00009,00009,True
lrs3/NS4bBu9Jyho/00004/fake_video_real_audio_p3.mp4,fake_video_real_audio_p3,00004,True
lrs3/NRO0SJXuFMY/00004/00004.mp4,00004,00004,True
lrs3/5nrn5fC001Q/00005/00005_p4.mp4,00005_p4,00005,True
lrs3/NVrpKRdtWwc/00013/00013_p3.mp4,00013_p3,00013,True
lrs3/O6GimGZz6a8/00014/real_video_fake_audio_p4.mp4,real_video_fake_audio_p4,00014,True
lrs3/NVrpKRdtWwc/00005/fake_video_fake_audio_p1.mp4,fake_video_fake_audio_p1,00005,True
lrs3/NgbqXsA62Qs/00003/fake_video_fake_audio_p3.mp4,fake_video_fake_audio_p3,00003,True
lrs3/OSz2v42F0E0/00032/fake_video_fake_audio.mp4,fake_video_fake_audio,00032,True
lrs3/NI0yARyFoIM/00008/00008_p4.mp4,00008_p4,00008,True
lrs3/0OkOQhXhsIE/00005/fake_video_real_audio_p1.mp4,fake_video_real_audio_p1,00005,True
lrs3/FgSJcKSHUtQ/00006/fake_video_real_audio_p2.mp4,fake_video_real_audio_p2,00006,True
lrs3/ORBf73HiJns/00042/00042_p2.mp4,00042_p2,00042,True
lrs3/63tVsJI31Tk/00002/00002_p3.mp4,00002_p3,00002,True
lrs3/OSGHRMKrVM8/00040/fake_video_fake_audio_p3.mp4,fake_video_fake_audio_p3,00040,True
lrs3/ORBf73HiJns/00039/fake_video_fake_audio.mp4,fake_video_fake_audio,00039,True
lrs3/OT9poHSD2Iw/00004/00004_p3.mp4,00004_p3,00004,True
lrs3/DkocjGrWwvc/00004/fake_video_fake_audio_p1.mp4,fake_video_fake_audio_p1,00004,True
lrs3/NbpSibMSEiE/00008/real_video_fake_audio_p1.mp4,real_video_fake_audio_p1,00008,True
lrs3/NPX5RwjNzl0/00004/fake_video_fake_audio_p1.mp4,fake_video_fake_audio_p1,00004,True
lrs3/9RMaD0Sk7hc/00005/00005_p4.mp4,00005_p4,00005,True
lrs3/Aoa20kFNYmY/00004/00004_p3.mp4,00004_p3,00004,True
lrs3/D9Ihs241zeg/00018/00018_p1.mp4,00018_p1,00018,True
lrs3/ONXYcNS7k1Y/00014/real.mp4,real,00014,True
lrs3/ORBf73HiJns/00024/real_video_fake_audio_p3.mp4,real_video_fake_audio_p3,00024,True
lrs3/FgSJcKSHUtQ/00003/00003_p4.mp4,00003_p4,00003,True
lrs3/OKNpguWW3Sk/00002/00002_p3.mp4,00002_p3,00002,True
lrs3/O2OQxHNVLNY/00007/00007.mp4,00007,00007,True
lrs3/Aoa20kFNYmY/00004/00004_p2.mp4,00004_p2,00004,True
lrs3/MkRJG510CKo/00004/00004_p1.mp4,00004_p1,00004,True
lrs3/O6GimGZz6a8/00022/real_video_fake_audio.mp4,real_video_fake_audio,00022,True
lrs3/OSGHRMKrVM8/00028/real_video_fake_audio_p2.mp4,real_video_fake_audio_p2,00028,True
lrs3/NS4bBu9Jyho/00006/00006.mp4,00006,00006,True
lrs3/OT9poHSD2Iw/00013/00013_p4.mp4,00013_p4,00013,True
lrs3/8ZKTWji7k5Y/00001/real_video_fake_audio_p1.mp4,real_video_fake_audio_p1,00001,True
lrs3/OSGHRMKrVM8/00020/fake_video_real_audio_p4.mp4,fake_video_real_audio_p4,00020,True
lrs3/ORBf73HiJns/00039/fake_video_fake_audio_p3.mp4,fake_video_fake_audio_p3,00039,True
lrs3/53P0aypkpXY/00005/00005_p2.mp4,00005_p2,00005,True
lrs3/NgbqXsA62Qs/00003/00003_p2.mp4,00003_p2,00003,True
lrs3/O2OQxHNVLNY/00004/00004.mp4,00004,00004,True
lrs3/OKNpguWW3Sk/00003/00003_p4.mp4,00003_p4,00003,True
lrs3/86Hyq4bBpA0/00002/real_video_fake_audio.mp4,real_video_fake_audio,00002,True
lrs3/FgSJcKSHUtQ/00006/fake_video_real_audio.mp4,fake_video_real_audio,00006,True
lrs3/9sTEHbKTh9I/00003/00003_p1.mp4,00003_p1,00003,True
lrs3/OSz2v42F0E0/00024/real_video_fake_audio_p3.mp4,real_video_fake_audio_p3,00024,True
lrs3/NRO0SJXuFMY/00013/fake_video_real_audio_p1.mp4,fake_video_real_audio_p1,00013,True
lrs3/OSz2v42F0E0/00010/fake_video_real_audio_p1.mp4,fake_video_real_audio_p1,00010,True
lrs3/NTbBuvcGnxM/00018/fake_video_fake_audio_p1.mp4,fake_video_fake_audio_p1,00018,True
lrs3/O2OQxHNVLNY/00010/fake_video_real_audio_p1.mp4,fake_video_real_audio_p1,00010,True
lrs3/8ZKTWji7k5Y/00001/fake_video_real_audio_p4.mp4,fake_video_real_audio_p4,00001,True
lrs3/O6GimGZz6a8/00013/00013_p2.mp4,00013_p2,00013,True
lrs3/NcPusGLnqAc/00010/00010_p4.mp4,00010_p4,00010,True
lrs3/OSz2v42F0E0/00021/00021_p3.mp4,00021_p3,00021,True
lrs3/MkRJG510CKo/00001/fake_video_real_audio.mp4,fake_video_real_audio,00001,True
lrs3/OSGHRMKrVM8/00003/00003_p4.mp4,00003_p4,00003,True
lrs3/GHcCs4TPvYA/00010/fake_video_fake_audio_p2.mp4,fake_video_fake_audio_p2,00010,True
lrs3/ONXYcNS7k1Y/00006/00006_p3.mp4,00006_p3,00006,True
lrs3/O6GimGZz6a8/00004/00004_p3.mp4,00004_p3,00004,True
lrs3/OSz2v42F0E0/00021/00021_p1.mp4,00021_p1,00021,True
lrs3/OT9poHSD2Iw/00007/real_video_fake_audio_p4.mp4,real_video_fake_audio_p4,00007,True
lrs3/NbpSibMSEiE/00009/00009_p3.mp4,00009_p3,00009,True
lrs3/Aoa20kFNYmY/00002/00002_p2.mp4,00002_p2,00002,True
lrs3/OSz2v42F0E0/00015/fake_video_real_audio_p1.mp4,fake_video_real_audio_p1,00015,True
lrs3/OT9poHSD2Iw/00025/00025_p3.mp4,00025_p3,00025,True
lrs3/NTbBuvcGnxM/00014/00014_p1.mp4,00014_p1,00014,True
lrs3/O6GimGZz6a8/00010/fake_video_fake_audio_p3.mp4,fake_video_fake_audio_p3,00010,True
lrs3/3LfVxGdczEA/00004/00004_p1.mp4,00004_p1,00004,True
lrs3/NcPusGLnqAc/00011/fake_video_fake_audio_p4.mp4,fake_video_fake_audio_p4,00011,True
lrs3/5zuBDgBdyug/00001/fake_video_fake_audio.mp4,fake_video_fake_audio,00001,True
lrs3/Nvw0reB1gpI/00005/fake_video_real_audio_p4.mp4,fake_video_real_audio_p4,00005,True
lrs3/O2OQxHNVLNY/00011/fake_video_fake_audio.mp4,fake_video_fake_audio,00011,True
lrs3/NcPusGLnqAc/00012/00012_p2.mp4,00012_p2,00012,True
lrs3/56XQd6fcWu8/00003/00003_p2.mp4,00003_p2,00003,True
lrs3/C9kPFCw2u3M/00002/fake_video_fake_audio_p3.mp4,fake_video_fake_audio_p3,00002,True
lrs3/NcPusGLnqAc/00003/fake_video_real_audio.mp4,fake_video_real_audio,00003,True
lrs3/OSGHRMKrVM8/00002/fake_video_fake_audio_p2.mp4,fake_video_fake_audio_p2,00002,True
lrs3/8uOIa3AgSWY/00001/fake_video_real_audio_p1.mp4,fake_video_real_audio_p1,00001,True
lrs3/MkRJG510CKo/00008/real.mp4,real,00008,True
lrs3/NaoSp4NpkGg/00006/fake_video_fake_audio_p2.mp4,fake_video_fake_audio_p2,00006,True
lrs3/ONXYcNS7k1Y/00014/real_video_fake_audio_p4.mp4,real_video_fake_audio_p4,00014,True
lrs3/E66oIgegbv0/00004/00004_p4.mp4,00004_p4,00004,True
lrs3/NS4bBu9Jyho/00007/real_video_fake_audio_p2.mp4,real_video_fake_audio_p2,00007,True
lrs3/GYcP2BR8EtY/00003/real.mp4,real,00003,True
lrs3/86Hyq4bBpA0/00008/fake_video_real_audio_p2.mp4,fake_video_real_audio_p2,00008,True
lrs3/NTbBuvcGnxM/00001/real_video_fake_audio.mp4,real_video_fake_audio,00001,True
lrs3/O6GimGZz6a8/00020/real_video_fake_audio_p3.mp4,real_video_fake_audio_p3,00020,True
lrs3/ORBf73HiJns/00031/00031_p1.mp4,00031_p1,00031,True
lrs3/ORBf73HiJns/00031/real_video_fake_audio_p2.mp4,real_video_fake_audio_p2,00031,True
lrs3/OSGHRMKrVM8/00004/fake_video_real_audio_p3.mp4,fake_video_real_audio_p3,00004,True
lrs3/OT9poHSD2Iw/00014/fake_video_fake_audio.mp4,fake_video_fake_audio,00014,True
lrs3/MkRJG510CKo/00005/real_video_fake_audio_p2.mp4,real_video_fake_audio_p2,00005,True
lrs3/NS4bBu9Jyho/00007/real_video_fake_audio_p4.mp4,real_video_fake_audio_p4,00007,True
lrs3/Fb2J5eDoFko/00003/fake_video_real_audio_p4.mp4,fake_video_real_audio_p4,00003,True
lrs3/5zuBDgBdyug/00001/fake_video_real_audio_p4.mp4,fake_video_real_audio_p4,00001,True
lrs3/Nvw0reB1gpI/00011/real_video_fake_audio_p3.mp4,real_video_fake_audio_p3,00011,True
lrs3/O6cmKeRV3Z0/00012/00012_p4.mp4,00012_p4,00012,True
lrs3/5zuBDgBdyug/00002/fake_video_fake_audio_p2.mp4,fake_video_fake_audio_p2,00002,True
lrs3/Nvw0reB1gpI/00011/00011_p4.mp4,00011_p4,00011,True
lrs3/NaoSp4NpkGg/00001/00001.mp4,00001,00001,True
lrs3/NVrpKRdtWwc/00010/real_video_fake_audio_p2.mp4,real_video_fake_audio_p2,00010,True
lrs3/MkRJG510CKo/00001/fake_video_fake_audio.mp4,fake_video_fake_audio,00001,True
lrs3/Fb2J5eDoFko/00005/00005.mp4,00005,00005,True
lrs3/OSz2v42F0E0/00028/real_video_fake_audio.mp4,real_video_fake_audio,00028,True
lrs3/ORBf73HiJns/00039/00039_p1.mp4,00039_p1,00039,True
lrs3/NCPzjiSS2Oo/00001/fake_video_fake_audio_p2.mp4,fake_video_fake_audio_p2,00001,True
lrs3/ONXYcNS7k1Y/00030/00030_p2.mp4,00030_p2,00030,True
lrs3/JnfBXjWm7hc/00003/00003.mp4,00003,00003,True
lrs3/Nvw0reB1gpI/00009/fake_video_fake_audio_p4.mp4,fake_video_fake_audio_p4,00009,True
lrs3/C9CKRd2jScg/00001/00001_p1.mp4,00001_p1,00001,True
lrs3/NaoSp4NpkGg/00015/real_video_fake_audio_p1.mp4,real_video_fake_audio_p1,00015,True
lrs3/MkRJG510CKo/00008/fake_video_real_audio_p3.mp4,fake_video_real_audio_p3,00008,True
lrs3/10MvdLL2EpY/00002/00002.mp4,00002,00002,True
lrs3/ORBf73HiJns/00027/fake_video_fake_audio.mp4,fake_video_fake_audio,00027,True
lrs3/NVrpKRdtWwc/00007/fake_video_real_audio_p1.mp4,fake_video_real_audio_p1,00007,True
lrs3/NgbqXsA62Qs/00022/real_video_fake_audio_p1.mp4,real_video_fake_audio_p1,00022,True
lrs3/ORBf73HiJns/00002/real.mp4,real,00002,True
lrs3/ONXYcNS7k1Y/00032/real_video_fake_audio_p4.mp4,real_video_fake_audio_p4,00032,True
lrs3/NHopJHSlVo4/00004/real_video_fake_audio_p4.mp4,real_video_fake_audio_p4,00004,True
lrs3/5nrn5fC001Q/00001/fake_video_real_audio_p4.mp4,fake_video_real_audio_p4,00001,True
lrs3/Nvw0reB1gpI/00011/real_video_fake_audio_p4.mp4,real_video_fake_audio_p4,00011,True
lrs3/ORvwzoSf1Sc/00003/fake_video_real_audio_p3.mp4,fake_video_real_audio_p3,00003,True
lrs3/O4g60zB4Un4/00001/00001_p4.mp4,00001_p4,00001,True
lrs3/NTbBuvcGnxM/00004/fake_video_real_audio_p1.mp4,fake_video_real_audio_p1,00004,True
lrs3/28sa2zGgmwE/00018/00018_p4.mp4,00018_p4,00018,True
lrs3/ONXYcNS7k1Y/00025/fake_video_real_audio_p3.mp4,fake_video_real_audio_p3,00025,True
lrs3/ONXYcNS7k1Y/00021/fake_video_fake_audio_p1.mp4,fake_video_fake_audio_p1,00021,True
lrs3/OSz2v42F0E0/00030/real_video_fake_audio_p1.mp4,real_video_fake_audio_p1,00030,True
lrs3/OSz2v42F0E0/00012/fake_video_real_audio.mp4,fake_video_real_audio,00012,True
lrs3/NgbqXsA62Qs/00021/00021_p3.mp4,00021_p3,00021,True
lrs3/GHcCs4TPvYA/00005/fake_video_fake_audio_p2.mp4,fake_video_fake_audio_p2,00005,True
lrs3/ORzTct2yITk/00002/fake_video_real_audio.mp4,fake_video_real_audio,00002,True
lrs3/ONXYcNS7k1Y/00021/real_video_fake_audio_p1.mp4,real_video_fake_audio_p1,00021,True
lrs3/ORBf73HiJns/00002/real_video_fake_audio_p2.mp4,real_video_fake_audio_p2,00002,True
lrs3/Fb2J5eDoFko/00001/real.mp4,real,00001,True
lrs3/LsSh5ZUfnz4/00002/00002_p2.mp4,00002_p2,00002,True
lrs3/ORBf73HiJns/00030/00030_p4.mp4,00030_p4,00030,True
lrs3/ORBf73HiJns/00024/fake_video_fake_audio_p2.mp4,fake_video_fake_audio_p2,00024,True
lrs3/OSz2v42F0E0/00012/fake_video_real_audio_p4.mp4,fake_video_real_audio_p4,00012,True
lrs3/7SvPhw9hAHs/00001/fake_video_real_audio_p2.mp4,fake_video_real_audio_p2,00001,True
lrs3/O6GimGZz6a8/00022/fake_video_fake_audio.mp4,fake_video_fake_audio,00022,True
lrs3/Nvw0reB1gpI/00008/fake_video_fake_audio_p2.mp4,fake_video_fake_audio_p2,00008,True
lrs3/OSz2v42F0E0/00028/fake_video_real_audio_p1.mp4,fake_video_real_audio_p1,00028,True
lrs3/O4bGOvkkHcM/00001/00001_p1.mp4,00001_p1,00001,True
lrs3/GHcCs4TPvYA/00008/00008.mp4,00008,00008,True
lrs3/NcPusGLnqAc/00009/real_video_fake_audio.mp4,real_video_fake_audio,00009,True
lrs3/OT9poHSD2Iw/00007/00007_p4.mp4,00007_p4,00007,True
lrs3/NRO0SJXuFMY/00005/00005_p4.mp4,00005_p4,00005,True
lrs3/NVrpKRdtWwc/00004/00004_p2.mp4,00004_p2,00004,True
lrs3/NcPusGLnqAc/00002/00002_p4.mp4,00002_p4,00002,True
lrs3/FgSJcKSHUtQ/00006/fake_video_fake_audio_p4.mp4,fake_video_fake_audio_p4,00006,True
lrs3/OT9poHSD2Iw/00005/fake_video_fake_audio_p2.mp4,fake_video_fake_audio_p2,00005,True
lrs3/ONXYcNS7k1Y/00016/00016_p4.mp4,00016_p4,00016,True
lrs3/Fb2J5eDoFko/00006/00006_p4.mp4,00006_p4,00006,True
lrs3/OKNpguWW3Sk/00006/00006_p2.mp4,00006_p2,00006,True
lrs3/NaoSp4NpkGg/00007/real_video_fake_audio_p2.mp4,real_video_fake_audio_p2,00007,True
lrs3/0YNeyBANrTI/00001/fake_video_fake_audio_p2.mp4,fake_video_fake_audio_p2,00001,True
lrs3/86Hyq4bBpA0/00003/fake_video_real_audio_p3.mp4,fake_video_real_audio_p3,00003,True
lrs3/MkRJG510CKo/00005/real_video_fake_audio_p4.mp4,real_video_fake_audio_p4,00005,True
lrs3/2iIIDwSJhAg/00001/00001_p3.mp4,00001_p3,00001,True
lrs3/Nvw0reB1gpI/00009/fake_video_fake_audio_p2.mp4,fake_video_fake_audio_p2,00009,True
lrs3/2iIIDwSJhAg/00001/00001_p4.mp4,00001_p4,00001,True
lrs3/O6GimGZz6a8/00020/real_video_fake_audio.mp4,real_video_fake_audio,00020,True
lrs3/ORBf73HiJns/00012/real_video_fake_audio_p1.mp4,real_video_fake_audio_p1,00012,True
lrs3/86Hyq4bBpA0/00003/00003_p4.mp4,00003_p4,00003,True
lrs3/OSGHRMKrVM8/00019/fake_video_fake_audio_p4.mp4,fake_video_fake_audio_p4,00019,True
lrs3/O4g60zB4Un4/00003/fake_video_real_audio_p1.mp4,fake_video_real_audio_p1,00003,True
lrs3/NhmybGS7FLA/00008/fake_video_real_audio_p1.mp4,fake_video_real_audio_p1,00008,True
lrs3/NS4bBu9Jyho/00010/real.mp4,real,00010,True
lrs3/AR6RiSHN7S0/00042/00042_p2.mp4,00042_p2,00042,True
lrs3/0OkOQhXhsIE/00009/fake_video_real_audio_p4.mp4,fake_video_real_audio_p4,00009,True
lrs3/OSz2v42F0E0/00009/real_video_fake_audio_p4.mp4,real_video_fake_audio_p4,00009,True
lrs3/5zuBDgBdyug/00002/fake_video_real_audio_p4.mp4,fake_video_real_audio_p4,00002,True
lrs3/NHopJHSlVo4/00002/real_video_fake_audio_p2.mp4,real_video_fake_audio_p2,00002,True
lrs3/64fDIZiVSSM/00006/fake_video_real_audio_p3.mp4,fake_video_real_audio_p3,00006,True
lrs3/ORvwzoSf1Sc/00003/fake_video_fake_audio_p3.mp4,fake_video_fake_audio_p3,00003,True
lrs3/GHcCs4TPvYA/00003/fake_video_fake_audio.mp4,fake_video_fake_audio,00003,True
lrs3/NbpSibMSEiE/00003/00003_p2.mp4,00003_p2,00003,True
lrs3/FgSJcKSHUtQ/00006/fake_video_real_audio_p3.mp4,fake_video_real_audio_p3,00006,True
lrs3/OT9poHSD2Iw/00005/00005_p4.mp4,00005_p4,00005,True
lrs3/NhmybGS7FLA/00011/fake_video_fake_audio_p2.mp4,fake_video_fake_audio_p2,00011,True
lrs3/O6GimGZz6a8/00010/real.mp4,real,00010,True
lrs3/OKNpguWW3Sk/00008/fake_video_real_audio.mp4,fake_video_real_audio,00008,True
lrs3/ORvwzoSf1Sc/00010/00010.mp4,00010,00010,True
lrs3/DkocjGrWwvc/00003/00003_p3.mp4,00003_p3,00003,True
lrs3/NHopJHSlVo4/00004/00004_p2.mp4,00004_p2,00004,True
lrs3/NI0yARyFoIM/00002/00002.mp4,00002,00002,True
lrs3/NgbqXsA62Qs/00007/real_video_fake_audio_p1.mp4,real_video_fake_audio_p1,00007,True
lrs3/ONXYcNS7k1Y/00016/00016_p3.mp4,00016_p3,00016,True
lrs3/NaoSp4NpkGg/00007/fake_video_fake_audio_p4.mp4,fake_video_fake_audio_p4,00007,True
lrs3/NRO0SJXuFMY/00011/fake_video_fake_audio_p3.mp4,fake_video_fake_audio_p3,00011,True
lrs3/ORBf73HiJns/00019/00019_p1.mp4,00019_p1,00019,True
lrs3/NaoSp4NpkGg/00002/real_video_fake_audio_p4.mp4,real_video_fake_audio_p4,00002,True
lrs3/OSz2v42F0E0/00030/fake_video_real_audio.mp4,fake_video_real_audio,00030,True
lrs3/8PQc3M2HQSs/00002/00002_p4.mp4,00002_p4,00002,True
lrs3/O6cmKeRV3Z0/00003/real_video_fake_audio_p3.mp4,real_video_fake_audio_p3,00003,True
lrs3/OSGHRMKrVM8/00042/fake_video_real_audio_p4.mp4,fake_video_real_audio_p4,00042,True
lrs3/OSGHRMKrVM8/00030/fake_video_fake_audio.mp4,fake_video_fake_audio,00030,True
lrs3/2YPHJdq5QWM/00003/real_video_fake_audio_p3.mp4,real_video_fake_audio_p3,00003,True
lrs3/O6jrLgvCUNs/00015/00015_p4.mp4,00015_p4,00015,True
lrs3/NcPusGLnqAc/00005/00005_p2.mp4,00005_p2,00005,True
lrs3/NRO0SJXuFMY/00004/00004_p1.mp4,00004_p1,00004,True
lrs3/OSz2v42F0E0/00029/00029_p2.mp4,00029_p2,00029,True
lrs3/GYcP2BR8EtY/00003/00003_p4.mp4,00003_p4,00003,True
lrs3/NcPusGLnqAc/00005/fake_video_fake_audio_p3.mp4,fake_video_fake_audio_p3,00005,True
lrs3/NS4bBu9Jyho/00008/fake_video_real_audio_p2.mp4,fake_video_real_audio_p2,00008,True
lrs3/O6cmKeRV3Z0/00003/fake_video_fake_audio.mp4,fake_video_fake_audio,00003,True
lrs3/ARWBdfWpDyc/00010/00010_p4.mp4,00010_p4,00010,True
lrs3/ARWBdfWpDyc/00012/00012.mp4,00012,00012,True
lrs3/NgbqXsA62Qs/00023/real_video_fake_audio_p3.mp4,real_video_fake_audio_p3,00023,True
lrs3/63tVsJI31Tk/00003/fake_video_fake_audio_p3.mp4,fake_video_fake_audio_p3,00003,True
lrs3/CyKmpyYy14k/00001/00001_p2.mp4,00001_p2,00001,True
lrs3/MkRJG510CKo/00004/real_video_fake_audio_p3.mp4,real_video_fake_audio_p3,00004,True
lrs3/OSz2v42F0E0/00010/fake_video_real_audio.mp4,fake_video_real_audio,00010,True
lrs3/NhmybGS7FLA/00009/00009_p4.mp4,00009_p4,00009,True
lrs3/GYcP2BR8EtY/00003/fake_video_fake_audio_p1.mp4,fake_video_fake_audio_p1,00003,True
lrs3/8ZKTWji7k5Y/00001/real_video_fake_audio.mp4,real_video_fake_audio,00001,True
lrs3/OT9poHSD2Iw/00014/fake_video_real_audio_p3.mp4,fake_video_real_audio_p3,00014,True
lrs3/ORBf73HiJns/00010/fake_video_fake_audio_p2.mp4,fake_video_fake_audio_p2,00010,True
lrs3/HrG8UZjL5E8/00004/real_video_fake_audio.mp4,real_video_fake_audio,00004,True
lrs3/ORBf73HiJns/00002/fake_video_real_audio.mp4,fake_video_real_audio,00002,True
lrs3/NTbBuvcGnxM/00018/fake_video_fake_audio.mp4,fake_video_fake_audio,00018,True
lrs3/NcPusGLnqAc/00005/fake_video_real_audio_p3.mp4,fake_video_real_audio_p3,00005,True
lrs3/ORBf73HiJns/00007/fake_video_fake_audio_p3.mp4,fake_video_fake_audio_p3,00007,True
lrs3/NgbqXsA62Qs/00008/00008_p3.mp4,00008_p3,00008,True
lrs3/NHopJHSlVo4/00002/fake_video_real_audio_p3.mp4,fake_video_real_audio_p3,00002,True
lrs3/NS4bBu9Jyho/00002/fake_video_fake_audio_p4.mp4,fake_video_fake_audio_p4,00002,True
lrs3/NgbqXsA62Qs/00018/fake_video_real_audio.mp4,fake_video_real_audio,00018,True
lrs3/NhmybGS7FLA/00008/00008_p1.mp4,00008_p1,00008,True
lrs3/ORBf73HiJns/00012/real_video_fake_audio.mp4,real_video_fake_audio,00012,True
lrs3/64fDIZiVSSM/00003/00003_p3.mp4,00003_p3,00003,True
lrs3/MkRJG510CKo/00005/00005_p1.mp4,00005_p1,00005,True
lrs3/OSGHRMKrVM8/00035/real.mp4,real,00035,True
lrs3/NVrpKRdtWwc/00010/fake_video_fake_audio_p1.mp4,fake_video_fake_audio_p1,00010,True
lrs3/OSGHRMKrVM8/00010/fake_video_real_audio_p4.mp4,fake_video_real_audio_p4,00010,True
lrs3/56XQd6fcWu8/00003/fake_video_fake_audio_p2.mp4,fake_video_fake_audio_p2,00003,True
lrs3/12ud0nSTvro/00015/00015_p1.mp4,00015_p1,00015,True
lrs3/OSz2v42F0E0/00003/00003_p1.mp4,00003_p1,00003,True
lrs3/ORBf73HiJns/00018/real_video_fake_audio_p2.mp4,real_video_fake_audio_p2,00018,True
lrs3/ONXYcNS7k1Y/00018/00018_p2.mp4,00018_p2,00018,True
lrs3/86Hyq4bBpA0/00005/00005_p4.mp4,00005_p4,00005,True
lrs3/9sTEHbKTh9I/00003/00003_p4.mp4,00003_p4,00003,True
lrs3/NPX5RwjNzl0/00006/fake_video_fake_audio_p1.mp4,fake_video_fake_audio_p1,00006,True
lrs3/ONXYcNS7k1Y/00024/fake_video_fake_audio_p1.mp4,fake_video_fake_audio_p1,00024,True
lrs3/O4g60zB4Un4/00001/00001_p2.mp4,00001_p2,00001,True
lrs3/ARWBdfWpDyc/00004/fake_video_real_audio_p4.mp4,fake_video_real_audio_p4,00004,True
lrs3/Fb2J5eDoFko/00004/00004_p4.mp4,00004_p4,00004,True
lrs3/D9Ihs241zeg/00002/real_video_fake_audio_p2.mp4,real_video_fake_audio_p2,00002,True
lrs3/NU82HhqhEHM/00005/00005_p1.mp4,00005_p1,00005,True
lrs3/ORBf73HiJns/00043/fake_video_real_audio.mp4,fake_video_real_audio,00043,True
lrs3/0N1oA9LUEc4/00009/00009_p2.mp4,00009_p2,00009,True
lrs3/O6cmKeRV3Z0/00010/00010_p3.mp4,00010_p3,00010,True
lrs3/NVrpKRdtWwc/00011/real_video_fake_audio_p1.mp4,real_video_fake_audio_p1,00011,True
lrs3/OSz2v42F0E0/00029/fake_video_fake_audio_p3.mp4,fake_video_fake_audio_p3,00029,True
lrs3/OSGHRMKrVM8/00029/fake_video_real_audio_p3.mp4,fake_video_real_audio_p3,00029,True
lrs3/ORBf73HiJns/00027/fake_video_real_audio_p4.mp4,fake_video_real_audio_p4,00027,True
lrs3/DkocjGrWwvc/00003/00003_p4.mp4,00003_p4,00003,True
lrs3/8PQc3M2HQSs/00002/real_video_fake_audio_p1.mp4,real_video_fake_audio_p1,00002,True
lrs3/5nrn5fC001Q/00008/real_video_fake_audio_p1.mp4,real_video_fake_audio_p1,00008,True
lrs3/OSz2v42F0E0/00009/00009_p4.mp4,00009_p4,00009,True
lrs3/MkRJG510CKo/00004/real_video_fake_audio_p4.mp4,real_video_fake_audio_p4,00004,True
lrs3/O6GimGZz6a8/00013/00013_p1.mp4,00013_p1,00013,True
lrs3/ExcDNly1DbI/00009/real_video_fake_audio_p2.mp4,real_video_fake_audio_p2,00009,True
lrs3/O2OQxHNVLNY/00011/fake_video_fake_audio_p1.mp4,fake_video_fake_audio_p1,00011,True
lrs3/OT9poHSD2Iw/00013/real_video_fake_audio_p4.mp4,real_video_fake_audio_p4,00013,True
lrs3/NHopJHSlVo4/00002/fake_video_fake_audio_p1.mp4,fake_video_fake_audio_p1,00002,True
lrs3/C9kPFCw2u3M/00003/real.mp4,real,00003,True
lrs3/HqawqHB7nDM/00016/real_video_fake_audio_p2.mp4,real_video_fake_audio_p2,00016,True
lrs3/7TXEZ4tP06c/00002/fake_video_fake_audio.mp4,fake_video_fake_audio,00002,True
lrs3/OSGHRMKrVM8/00029/fake_video_fake_audio_p3.mp4,fake_video_fake_audio_p3,00029,True
lrs3/ARWBdfWpDyc/00006/fake_video_fake_audio_p3.mp4,fake_video_fake_audio_p3,00006,True
lrs3/NS4bBu9Jyho/00010/real_video_fake_audio_p3.mp4,real_video_fake_audio_p3,00010,True
lrs3/OSGHRMKrVM8/00006/real_video_fake_audio.mp4,real_video_fake_audio,00006,True
lrs3/64fDIZiVSSM/00003/00003_p1.mp4,00003_p1,00003,True
lrs3/ORBf73HiJns/00034/real_video_fake_audio_p4.mp4,real_video_fake_audio_p4,00034,True
lrs3/ONXYcNS7k1Y/00022/00022_p1.mp4,00022_p1,00022,True
lrs3/OSGHRMKrVM8/00006/real_video_fake_audio_p2.mp4,real_video_fake_audio_p2,00006,True
lrs3/OT9poHSD2Iw/00014/fake_video_fake_audio_p3.mp4,fake_video_fake_audio_p3,00014,True
lrs3/O6GimGZz6a8/00018/00018.mp4,00018,00018,True
lrs3/NgbqXsA62Qs/00002/fake_video_real_audio_p1.mp4,fake_video_real_audio_p1,00002,True
lrs3/ORvwzoSf1Sc/00008/fake_video_fake_audio_p4.mp4,fake_video_fake_audio_p4,00008,True
lrs3/O4g60zB4Un4/00003/00003_p2.mp4,00003_p2,00003,True
lrs3/ORBf73HiJns/00035/real_video_fake_audio.mp4,real_video_fake_audio,00035,True
lrs3/ORBf73HiJns/00018/00018_p4.mp4,00018_p4,00018,True
lrs3/NPX5RwjNzl0/00005/real_video_fake_audio_p3.mp4,real_video_fake_audio_p3,00005,True
lrs3/NS4bBu9Jyho/00009/00009_p4.mp4,00009_p4,00009,True
lrs3/O6GimGZz6a8/00017/real_video_fake_audio_p1.mp4,real_video_fake_audio_p1,00017,True
lrs3/63tVsJI31Tk/00004/00004_p3.mp4,00004_p3,00004,True
lrs3/ORBf73HiJns/00002/fake_video_real_audio_p4.mp4,fake_video_real_audio_p4,00002,True
lrs3/MkRJG510CKo/00004/fake_video_fake_audio_p4.mp4,fake_video_fake_audio_p4,00004,True
lrs3/4qKAse8388k/00003/fake_video_real_audio_p2.mp4,fake_video_real_audio_p2,00003,True
lrs3/ORBf73HiJns/00004/00004_p4.mp4,00004_p4,00004,True
lrs3/NgbqXsA62Qs/00010/00010_p2.mp4,00010_p2,00010,True
lrs3/ONXYcNS7k1Y/00005/00005_p3.mp4,00005_p3,00005,True
lrs3/OVSNSeFTaso/00002/fake_video_real_audio_p4.mp4,fake_video_real_audio_p4,00002,True
lrs3/MbhNaj88uL4/00002/00002_p2.mp4,00002_p2,00002,True
lrs3/O4bGOvkkHcM/00007/fake_video_fake_audio_p3.mp4,fake_video_fake_audio_p3,00007,True
lrs3/LsSh5ZUfnz4/00004/00004_p3.mp4,00004_p3,00004,True
lrs3/ORBf73HiJns/00036/real_video_fake_audio_p4.mp4,real_video_fake_audio_p4,00036,True
lrs3/ONXYcNS7k1Y/00009/fake_video_fake_audio_p3.mp4,fake_video_fake_audio_p3,00009,True
lrs3/NPX5RwjNzl0/00005/fake_video_fake_audio_p4.mp4,fake_video_fake_audio_p4,00005,True
lrs3/OVSNSeFTaso/00003/00003_p2.mp4,00003_p2,00003,True
lrs3/NgbqXsA62Qs/00006/00006.mp4,00006,00006,True
lrs3/5nrn5fC001Q/00007/00007_p3.mp4,00007_p3,00007,True
lrs3/ORBf73HiJns/00022/00022_p1.mp4,00022_p1,00022,True
lrs3/NVrpKRdtWwc/00007/00007_p3.mp4,00007_p3,00007,True
lrs3/ORBf73HiJns/00003/00003_p2.mp4,00003_p2,00003,True
lrs3/53P0aypkpXY/00003/fake_video_real_audio_p1.mp4,fake_video_real_audio_p1,00003,True
lrs3/ONXYcNS7k1Y/00028/fake_video_fake_audio_p4.mp4,fake_video_fake_audio_p4,00028,True
lrs3/NbpSibMSEiE/00008/fake_video_fake_audio_p4.mp4,fake_video_fake_audio_p4,00008,True
lrs3/DkocjGrWwvc/00004/00004_p1.mp4,00004_p1,00004,True
lrs3/O6jrLgvCUNs/00005/00005_p3.mp4,00005_p3,00005,True
lrs3/ONXYcNS7k1Y/00028/fake_video_fake_audio_p2.mp4,fake_video_fake_audio_p2,00028,True
lrs3/NRO0SJXuFMY/00013/fake_video_real_audio.mp4,fake_video_real_audio,00013,True
lrs3/NbpSibMSEiE/00002/00002_p1.mp4,00002_p1,00002,True
lrs3/7TXEZ4tP06c/00003/00003_p3.mp4,00003_p3,00003,True
lrs3/O6GimGZz6a8/00021/00021_p3.mp4,00021_p3,00021,True
lrs3/ORBf73HiJns/00030/real_video_fake_audio_p1.mp4,real_video_fake_audio_p1,00030,True
lrs3/5zuBDgBdyug/00004/00004_p2.mp4,00004_p2,00004,True
lrs3/OSz2v42F0E0/00009/fake_video_fake_audio_p4.mp4,fake_video_fake_audio_p4,00009,True
lrs3/O4g60zB4Un4/00003/real_video_fake_audio_p3.mp4,real_video_fake_audio_p3,00003,True
lrs3/OSz2v42F0E0/00020/fake_video_fake_audio_p2.mp4,fake_video_fake_audio_p2,00020,True
lrs3/O6GimGZz6a8/00018/00018_p4.mp4,00018_p4,00018,True
lrs3/ORBf73HiJns/00035/00035_p1.mp4,00035_p1,00035,True
lrs3/NaoSp4NpkGg/00006/fake_video_real_audio_p1.mp4,fake_video_real_audio_p1,00006,True
lrs3/C9kPFCw2u3M/00003/fake_video_fake_audio_p1.mp4,fake_video_fake_audio_p1,00003,True
lrs3/O6jrLgvCUNs/00015/real.mp4,real,00015,True
lrs3/OSGHRMKrVM8/00015/fake_video_real_audio_p2.mp4,fake_video_real_audio_p2,00015,True
lrs3/ARWBdfWpDyc/00004/real_video_fake_audio_p4.mp4,real_video_fake_audio_p4,00004,True
lrs3/ONXYcNS7k1Y/00030/real_video_fake_audio_p4.mp4,real_video_fake_audio_p4,00030,True
lrs3/4qKAse8388k/00003/fake_video_fake_audio_p3.mp4,fake_video_fake_audio_p3,00003,True
lrs3/OSGHRMKrVM8/00017/00017.mp4,00017,00017,True
lrs3/NhmybGS7FLA/00006/real_video_fake_audio_p1.mp4,real_video_fake_audio_p1,00006,True
lrs3/NRO0SJXuFMY/00011/00011_p1.mp4,00011_p1,00011,True
lrs3/NTbBuvcGnxM/00009/fake_video_real_audio_p3.mp4,fake_video_real_audio_p3,00009,True
lrs3/OT9poHSD2Iw/00003/real_video_fake_audio_p1.mp4,real_video_fake_audio_p1,00003,True
lrs3/86Hyq4bBpA0/00007/fake_video_fake_audio_p3.mp4,fake_video_fake_audio_p3,00007,True
lrs3/NgbqXsA62Qs/00002/real_video_fake_audio_p4.mp4,real_video_fake_audio_p4,00002,True
lrs3/ONXYcNS7k1Y/00028/fake_video_real_audio_p1.mp4,fake_video_real_audio_p1,00028,True
lrs3/KU0zEEDRKXo/00005/fake_video_fake_audio_p2.mp4,fake_video_fake_audio_p2,00005,True
lrs3/C9CKRd2jScg/00002/fake_video_fake_audio_p3.mp4,fake_video_fake_audio_p3,00002,True
lrs3/0OkOQhXhsIE/00005/fake_video_fake_audio_p2.mp4,fake_video_fake_audio_p2,00005,True
lrs3/K8Dj0oSf1SA/00017/00017.mp4,00017,00017,True
lrs3/OSz2v42F0E0/00002/00002_p2.mp4,00002_p2,00002,True
lrs3/NcPusGLnqAc/00011/fake_video_real_audio_p2.mp4,fake_video_real_audio_p2,00011,True
lrs3/NRO0SJXuFMY/00013/fake_video_fake_audio_p4.mp4,fake_video_fake_audio_p4,00013,True
lrs3/N37x4GgDVBM/00023/fake_video_fake_audio_p2.mp4,fake_video_fake_audio_p2,00023,True
lrs3/O6jrLgvCUNs/00015/00015_p1.mp4,00015_p1,00015,True
lrs3/ONXYcNS7k1Y/00021/fake_video_fake_audio.mp4,fake_video_fake_audio,00021,True
lrs3/OT9poHSD2Iw/00011/fake_video_real_audio.mp4,fake_video_real_audio,00011,True
lrs3/ORvwzoSf1Sc/00008/real_video_fake_audio_p1.mp4,real_video_fake_audio_p1,00008,True
lrs3/OT9poHSD2Iw/00022/00022_p4.mp4,00022_p4,00022,True
lrs3/0OkOQhXhsIE/00010/fake_video_real_audio_p1.mp4,fake_video_real_audio_p1,00010,True
lrs3/NS4bBu9Jyho/00008/00008_p4.mp4,00008_p4,00008,True
lrs3/GHcCs4TPvYA/00003/fake_video_real_audio_p3.mp4,fake_video_real_audio_p3,00003,True
lrs3/ORBf73HiJns/00023/real.mp4,real,00023,True
lrs3/CQ6by9cmt54/00009/fake_video_fake_audio_p3.mp4,fake_video_fake_audio_p3,00009,True
lrs3/NPX5RwjNzl0/00005/00005_p2.mp4,00005_p2,00005,True
lrs3/N37x4GgDVBM/00023/fake_video_fake_audio_p4.mp4,fake_video_fake_audio_p4,00023,True
lrs3/OT9poHSD2Iw/00014/fake_video_real_audio_p4.mp4,fake_video_real_audio_p4,00014,True
lrs3/5nrn5fC001Q/00001/fake_video_fake_audio_p2.mp4,fake_video_fake_audio_p2,00001,True
lrs3/D9Ihs241zeg/00001/fake_video_fake_audio_p2.mp4,fake_video_fake_audio_p2,00001,True
lrs3/ORBf73HiJns/00035/fake_video_fake_audio_p4.mp4,fake_video_fake_audio_p4,00035,True
lrs3/Nvw0reB1gpI/00011/fake_video_fake_audio.mp4,fake_video_fake_audio,00011,True
lrs3/D9Ihs241zeg/00001/00001_p3.mp4,00001_p3,00001,True
lrs3/OSGHRMKrVM8/00041/real_video_fake_audio_p2.mp4,real_video_fake_audio_p2,00041,True
lrs3/OSGHRMKrVM8/00034/fake_video_fake_audio_p3.mp4,fake_video_fake_audio_p3,00034,True
lrs3/Fb2J5eDoFko/00001/fake_video_real_audio_p4.mp4,fake_video_real_audio_p4,00001,True
lrs3/OT9poHSD2Iw/00013/fake_video_fake_audio_p1.mp4,fake_video_fake_audio_p1,00013,True
lrs3/NI0yARyFoIM/00001/00001_p4.mp4,00001_p4,00001,True
lrs3/NcPusGLnqAc/00010/fake_video_real_audio_p2.mp4,fake_video_real_audio_p2,00010,True
lrs3/ONXYcNS7k1Y/00004/00004_p4.mp4,00004_p4,00004,True
lrs3/NgbqXsA62Qs/00018/fake_video_fake_audio_p4.mp4,fake_video_fake_audio_p4,00018,True
lrs3/Nvw0reB1gpI/00001/00001_p3.mp4,00001_p3,00001,True
lrs3/OT9poHSD2Iw/00007/fake_video_fake_audio_p4.mp4,fake_video_fake_audio_p4,00007,True
lrs3/E66oIgegbv0/00003/00003_p3.mp4,00003_p3,00003,True
lrs3/O4g60zB4Un4/00001/00001.mp4,00001,00001,True
lrs3/NgbqXsA62Qs/00023/real_video_fake_audio.mp4,real_video_fake_audio,00023,True
lrs3/NcPusGLnqAc/00010/fake_video_fake_audio_p3.mp4,fake_video_fake_audio_p3,00010,True
lrs3/ONXYcNS7k1Y/00030/fake_video_fake_audio_p1.mp4,fake_video_fake_audio_p1,00030,True
lrs3/NaoSp4NpkGg/00013/fake_video_real_audio.mp4,fake_video_real_audio,00013,True
lrs3/NAcuH7nSdLc/00010/fake_video_real_audio.mp4,fake_video_real_audio,00010,True
lrs3/NgbqXsA62Qs/00014/fake_video_real_audio.mp4,fake_video_real_audio,00014,True
lrs3/ORBf73HiJns/00020/00020_p4.mp4,00020_p4,00020,True
lrs3/O6cmKeRV3Z0/00005/00005_p1.mp4,00005_p1,00005,True
lrs3/NVrpKRdtWwc/00002/00002_p4.mp4,00002_p4,00002,True
lrs3/NcPusGLnqAc/00010/fake_video_real_audio_p1.mp4,fake_video_real_audio_p1,00010,True
lrs3/OSGHRMKrVM8/00030/fake_video_fake_audio_p2.mp4,fake_video_fake_audio_p2,00030,True
lrs3/NcPusGLnqAc/00011/00011_p1.mp4,00011_p1,00011,True
lrs3/J5jwEyDaRS0/00004/fake_video_fake_audio_p2.mp4,fake_video_fake_audio_p2,00004,True
lrs3/OSz2v42F0E0/00028/00028_p3.mp4,00028_p3,00028,True
lrs3/9yEl0SbCA9M/00008/00008.mp4,00008,00008,True
lrs3/OSz2v42F0E0/00028/00028_p2.mp4,00028_p2,00028,True
lrs3/HrG8UZjL5E8/00007/real.mp4,real,00007,True
lrs3/NRO0SJXuFMY/00001/fake_video_fake_audio.mp4,fake_video_fake_audio,00001,True
lrs3/O6cmKeRV3Z0/00008/00008.mp4,00008,00008,True
lrs3/9RMaD0Sk7hc/00008/00008_p1.mp4,00008_p1,00008,True
lrs3/6MgDcFlTgVM/00005/00005_p4.mp4,00005_p4,00005,True
lrs3/4xnVNvd8lBg/00004/00004_p3.mp4,00004_p3,00004,True
lrs3/NVrpKRdtWwc/00005/real_video_fake_audio.mp4,real_video_fake_audio,00005,True
lrs3/ONXYcNS7k1Y/00024/fake_video_real_audio_p4.mp4,fake_video_real_audio_p4,00024,True
lrs3/86Hyq4bBpA0/00005/00005.mp4,00005,00005,True
lrs3/OT9poHSD2Iw/00004/00004.mp4,00004,00004,True
lrs3/7TXEZ4tP06c/00015/fake_video_fake_audio_p2.mp4,fake_video_fake_audio_p2,00015,True
lrs3/NaoSp4NpkGg/00007/real_video_fake_audio_p4.mp4,real_video_fake_audio_p4,00007,True
lrs3/7SvPhw9hAHs/00001/00001_p1.mp4,00001_p1,00001,True
lrs3/86Hyq4bBpA0/00002/fake_video_fake_audio_p4.mp4,fake_video_fake_audio_p4,00002,True
lrs3/OT9poHSD2Iw/00007/fake_video_fake_audio_p2.mp4,fake_video_fake_audio_p2,00007,True
lrs3/NgbqXsA62Qs/00009/real_video_fake_audio_p1.mp4,real_video_fake_audio_p1,00009,True
lrs3/GHcCs4TPvYA/00003/fake_video_real_audio.mp4,fake_video_real_audio,00003,True
lrs3/ORBf73HiJns/00041/real_video_fake_audio_p3.mp4,real_video_fake_audio_p3,00041,True
lrs3/ExcDNly1DbI/00003/fake_video_real_audio.mp4,fake_video_real_audio,00003,True
lrs3/ORBf73HiJns/00004/fake_video_real_audio_p4.mp4,fake_video_real_audio_p4,00004,True
lrs3/O6GimGZz6a8/00023/fake_video_real_audio.mp4,fake_video_real_audio,00023,True
lrs3/OSz2v42F0E0/00010/fake_video_fake_audio_p3.mp4,fake_video_fake_audio_p3,00010,True
lrs3/NCPzjiSS2Oo/00001/fake_video_real_audio_p4.mp4,fake_video_real_audio_p4,00001,True
lrs3/ORBf73HiJns/00029/fake_video_fake_audio_p2.mp4,fake_video_fake_audio_p2,00029,True
lrs3/ORzTct2yITk/00001/00001_p2.mp4,00001_p2,00001,True
lrs3/ExcDNly1DbI/00004/00004.mp4,00004,00004,True
lrs3/NVrpKRdtWwc/00005/00005_p3.mp4,00005_p3,00005,True
lrs3/NTbBuvcGnxM/00003/00003_p4.mp4,00003_p4,00003,True
lrs3/OT9poHSD2Iw/00014/fake_video_fake_audio_p1.mp4,fake_video_fake_audio_p1,00014,True
lrs3/ORBf73HiJns/00041/real_video_fake_audio_p4.mp4,real_video_fake_audio_p4,00041,True
lrs3/OT9poHSD2Iw/00003/fake_video_real_audio_p3.mp4,fake_video_real_audio_p3,00003,True
lrs3/NPX5RwjNzl0/00001/00001_p4.mp4,00001_p4,00001,True
lrs3/2iIIDwSJhAg/00001/fake_video_real_audio_p2.mp4,fake_video_real_audio_p2,00001,True
lrs3/OSGHRMKrVM8/00040/real_video_fake_audio_p1.mp4,real_video_fake_audio_p1,00040,True
lrs3/ONXYcNS7k1Y/00017/00017_p4.mp4,00017_p4,00017,True
lrs3/KU0zEEDRKXo/00006/fake_video_real_audio_p1.mp4,fake_video_real_audio_p1,00006,True
lrs3/28sa2zGgmwE/00018/00018_p3.mp4,00018_p3,00018,True
lrs3/84QouBqCIWg/00002/fake_video_fake_audio.mp4,fake_video_fake_audio,00002,True
lrs3/O4bGOvkkHcM/00004/00004.mp4,00004,00004,True
lrs3/7TXEZ4tP06c/00002/00002_p4.mp4,00002_p4,00002,True
lrs3/NVrpKRdtWwc/00013/00013_p1.mp4,00013_p1,00013,True
lrs3/NaoSp4NpkGg/00004/fake_video_fake_audio_p4.mp4,fake_video_fake_audio_p4,00004,True
lrs3/NHopJHSlVo4/00001/fake_video_real_audio.mp4,fake_video_real_audio,00001,True
lrs3/ARWBdfWpDyc/00006/real_video_fake_audio_p2.mp4,real_video_fake_audio_p2,00006,True
lrs3/OSz2v42F0E0/00009/fake_video_fake_audio_p3.mp4,fake_video_fake_audio_p3,00009,True
lrs3/NHopJHSlVo4/00002/00002_p3.mp4,00002_p3,00002,True
lrs3/O6GimGZz6a8/00023/00023_p1.mp4,00023_p1,00023,True
lrs3/Fb2J5eDoFko/00004/00004.mp4,00004,00004,True
lrs3/O6jrLgvCUNs/00004/00004_p4.mp4,00004_p4,00004,True
lrs3/NTbBuvcGnxM/00004/fake_video_real_audio_p2.mp4,fake_video_real_audio_p2,00004,True
lrs3/ONXYcNS7k1Y/00025/real_video_fake_audio_p3.mp4,real_video_fake_audio_p3,00025,True
lrs3/J5jwEyDaRS0/00004/fake_video_fake_audio_p1.mp4,fake_video_fake_audio_p1,00004,True
lrs3/ORBf73HiJns/00022/real_video_fake_audio_p2.mp4,real_video_fake_audio_p2,00022,True
lrs3/KU0zEEDRKXo/00006/real_video_fake_audio_p3.mp4,real_video_fake_audio_p3,00006,True
lrs3/O6GimGZz6a8/00017/real_video_fake_audio_p3.mp4,real_video_fake_audio_p3,00017,True
lrs3/ExcDNly1DbI/00005/real_video_fake_audio_p1.mp4,real_video_fake_audio_p1,00005,True
lrs3/NgbqXsA62Qs/00009/real_video_fake_audio.mp4,real_video_fake_audio,00009,True
lrs3/NRO0SJXuFMY/00001/fake_video_real_audio_p4.mp4,fake_video_real_audio_p4,00001,True
lrs3/ORBf73HiJns/00001/fake_video_real_audio_p3.mp4,fake_video_real_audio_p3,00001,True
lrs3/4xnVNvd8lBg/00002/00002_p4.mp4,00002_p4,00002,True
lrs3/4xnVNvd8lBg/00005/fake_video_real_audio_p2.mp4,fake_video_real_audio_p2,00005,True
lrs3/OVSNSeFTaso/00003/00003_p1.mp4,00003_p1,00003,True
lrs3/F8pUtbSgrxc/00028/00028_p4.mp4,00028_p4,00028,True
lrs3/ORBf73HiJns/00041/real_video_fake_audio.mp4,real_video_fake_audio,00041,True
lrs3/HxMGItCnINE/00001/real_video_fake_audio_p1.mp4,real_video_fake_audio_p1,00001,True
lrs3/0YNeyBANrTI/00001/00001_p3.mp4,00001_p3,00001,True
lrs3/5nrn5fC001Q/00002/00002_p3.mp4,00002_p3,00002,True
lrs3/84QouBqCIWg/00002/fake_video_fake_audio_p2.mp4,fake_video_fake_audio_p2,00002,True
lrs3/63tVsJI31Tk/00006/00006_p1.mp4,00006_p1,00006,True
lrs3/E66oIgegbv0/00003/00003_p4.mp4,00003_p4,00003,True
lrs3/O4g60zB4Un4/00003/fake_video_real_audio_p4.mp4,fake_video_real_audio_p4,00003,True
lrs3/ONXYcNS7k1Y/00005/00005.mp4,00005,00005,True
lrs3/84QouBqCIWg/00002/fake_video_real_audio_p2.mp4,fake_video_real_audio_p2,00002,True
lrs3/31ojbLK0vU4/00001/fake_video_fake_audio_p2.mp4,fake_video_fake_audio_p2,00001,True
lrs3/DkocjGrWwvc/00003/fake_video_fake_audio_p3.mp4,fake_video_fake_audio_p3,00003,True
lrs3/OT9poHSD2Iw/00005/fake_video_fake_audio_p1.mp4,fake_video_fake_audio_p1,00005,True
lrs3/OT9poHSD2Iw/00011/real.mp4,real,00011,True
lrs3/ONXYcNS7k1Y/00026/00026_p1.mp4,00026_p1,00026,True
lrs3/8uOIa3AgSWY/00001/fake_video_fake_audio_p1.mp4,fake_video_fake_audio_p1,00001,True
lrs3/OT9poHSD2Iw/00021/00021_p4.mp4,00021_p4,00021,True
lrs3/OSz2v42F0E0/00007/00007_p1.mp4,00007_p1,00007,True
lrs3/4xnVNvd8lBg/00002/fake_video_real_audio_p4.mp4,fake_video_real_audio_p4,00002,True
lrs3/NaoSp4NpkGg/00015/real_video_fake_audio_p3.mp4,real_video_fake_audio_p3,00015,True
lrs3/ORBf73HiJns/00003/fake_video_real_audio_p4.mp4,fake_video_real_audio_p4,00003,True
lrs3/O6GimGZz6a8/00013/00013_p3.mp4,00013_p3,00013,True
lrs3/NI0yARyFoIM/00009/fake_video_fake_audio_p1.mp4,fake_video_fake_audio_p1,00009,True
lrs3/5nrn5fC001Q/00013/00013_p1.mp4,00013_p1,00013,True
lrs3/NgbqXsA62Qs/00023/fake_video_fake_audio_p1.mp4,fake_video_fake_audio_p1,00023,True
lrs3/NHopJHSlVo4/00001/00001_p4.mp4,00001_p4,00001,True
lrs3/ORBf73HiJns/00012/fake_video_real_audio.mp4,fake_video_real_audio,00012,True
lrs3/GYcP2BR8EtY/00004/real_video_fake_audio_p3.mp4,real_video_fake_audio_p3,00004,True
lrs3/8ZKTWji7k5Y/00001/fake_video_fake_audio_p2.mp4,fake_video_fake_audio_p2,00001,True
lrs3/ORBf73HiJns/00026/fake_video_real_audio_p3.mp4,fake_video_real_audio_p3,00026,True
lrs3/NTbBuvcGnxM/00001/fake_video_real_audio_p3.mp4,fake_video_real_audio_p3,00001,True
lrs3/C9CKRd2jScg/00002/00002_p4.mp4,00002_p4,00002,True
lrs3/53P0aypkpXY/00003/fake_video_fake_audio_p3.mp4,fake_video_fake_audio_p3,00003,True
lrs3/86Hyq4bBpA0/00008/fake_video_real_audio_p3.mp4,fake_video_real_audio_p3,00008,True
lrs3/NcPusGLnqAc/00010/real.mp4,real,00010,True
lrs3/ORvwzoSf1Sc/00003/fake_video_real_audio_p2.mp4,fake_video_real_audio_p2,00003,True
lrs3/OSGHRMKrVM8/00019/fake_video_real_audio_p1.mp4,fake_video_real_audio_p1,00019,True
lrs3/OSz2v42F0E0/00006/00006_p2.mp4,00006_p2,00006,True
lrs3/3LfVxGdczEA/00003/fake_video_fake_audio_p3.mp4,fake_video_fake_audio_p3,00003,True
lrs3/NaoSp4NpkGg/00016/fake_video_fake_audio_p1.mp4,fake_video_fake_audio_p1,00016,True
lrs3/OSz2v42F0E0/00012/real.mp4,real,00012,True
lrs3/NVrpKRdtWwc/00011/fake_video_real_audio.mp4,fake_video_real_audio,00011,True
lrs3/4qKAse8388k/00003/real_video_fake_audio_p3.mp4,real_video_fake_audio_p3,00003,True
lrs3/NgbqXsA62Qs/00017/00017.mp4,00017,00017,True
lrs3/ARWBdfWpDyc/00006/real_video_fake_audio_p4.mp4,real_video_fake_audio_p4,00006,True
lrs3/NgbqXsA62Qs/00023/fake_video_fake_audio.mp4,fake_video_fake_audio,00023,True
lrs3/Nvw0reB1gpI/00010/fake_video_fake_audio.mp4,fake_video_fake_audio,00010,True
lrs3/O6GimGZz6a8/00010/00010_p3.mp4,00010_p3,00010,True
lrs3/OVSNSeFTaso/00002/real.mp4,real,00002,True
lrs3/O4bGOvkkHcM/00003/00003_p2.mp4,00003_p2,00003,True
lrs3/7TXEZ4tP06c/00002/fake_video_fake_audio_p1.mp4,fake_video_fake_audio_p1,00002,True
lrs3/OSGHRMKrVM8/00020/real.mp4,real,00020,True
lrs3/9yEl0SbCA9M/00008/00008_p2.mp4,00008_p2,00008,True
lrs3/O6GimGZz6a8/00017/real.mp4,real,00017,True
lrs3/O6GimGZz6a8/00009/00009_p1.mp4,00009_p1,00009,True
lrs3/OSz2v42F0E0/00030/fake_video_real_audio_p1.mp4,fake_video_real_audio_p1,00030,True
lrs3/ORBf73HiJns/00023/00023_p1.mp4,00023_p1,00023,True
lrs3/ExcDNly1DbI/00008/00008.mp4,00008,00008,True
lrs3/NaoSp4NpkGg/00004/fake_video_fake_audio_p3.mp4,fake_video_fake_audio_p3,00004,True
lrs3/86Hyq4bBpA0/00006/00006_p4.mp4,00006_p4,00006,True
lrs3/OT9poHSD2Iw/00023/real_video_fake_audio_p2.mp4,real_video_fake_audio_p2,00023,True
lrs3/O6GimGZz6a8/00003/fake_video_real_audio.mp4,fake_video_real_audio,00003,True
lrs3/Myp1sZBxTR8/00005/00005.mp4,00005,00005,True
lrs3/ORBf73HiJns/00036/fake_video_fake_audio_p4.mp4,fake_video_fake_audio_p4,00036,True
lrs3/NU82HhqhEHM/00002/fake_video_fake_audio_p4.mp4,fake_video_fake_audio_p4,00002,True
lrs3/NbpSibMSEiE/00005/00005_p3.mp4,00005_p3,00005,True
lrs3/OT9poHSD2Iw/00014/fake_video_fake_audio_p2.mp4,fake_video_fake_audio_p2,00014,True
lrs3/63tVsJI31Tk/00001/00001_p3.mp4,00001_p3,00001,True
lrs3/NcPusGLnqAc/00004/fake_video_real_audio_p2.mp4,fake_video_real_audio_p2,00004,True
lrs3/ONXYcNS7k1Y/00021/00021_p3.mp4,00021_p3,00021,True
lrs3/OT9poHSD2Iw/00023/real_video_fake_audio_p3.mp4,real_video_fake_audio_p3,00023,True
lrs3/NgbqXsA62Qs/00010/real_video_fake_audio_p1.mp4,real_video_fake_audio_p1,00010,True
lrs3/63tVsJI31Tk/00001/00001_p4.mp4,00001_p4,00001,True
lrs3/ORBf73HiJns/00034/fake_video_fake_audio_p3.mp4,fake_video_fake_audio_p3,00034,True
lrs3/O6GimGZz6a8/00001/00001_p2.mp4,00001_p2,00001,True
lrs3/ORBf73HiJns/00004/real_video_fake_audio_p2.mp4,real_video_fake_audio_p2,00004,True
lrs3/O6GimGZz6a8/00025/real_video_fake_audio_p4.mp4,real_video_fake_audio_p4,00025,True
lrs3/NPX5RwjNzl0/00004/fake_video_real_audio.mp4,fake_video_real_audio,00004,True
lrs3/ORBf73HiJns/00014/real_video_fake_audio_p3.mp4,real_video_fake_audio_p3,00014,True
lrs3/ORBf73HiJns/00010/real_video_fake_audio_p3.mp4,real_video_fake_audio_p3,00010,True
lrs3/5zuBDgBdyug/00002/fake_video_real_audio.mp4,fake_video_real_audio,00002,True
lrs3/OSGHRMKrVM8/00007/real_video_fake_audio_p1.mp4,real_video_fake_audio_p1,00007,True
lrs3/3LfVxGdczEA/00002/real.mp4,real,00002,True
lrs3/ORBf73HiJns/00009/00009_p3.mp4,00009_p3,00009,True
lrs3/OSGHRMKrVM8/00035/real_video_fake_audio.mp4,real_video_fake_audio,00035,True
lrs3/ORBf73HiJns/00008/00008_p3.mp4,00008_p3,00008,True
lrs3/O6GimGZz6a8/00025/fake_video_real_audio_p1.mp4,fake_video_real_audio_p1,00025,True
lrs3/7TXEZ4tP06c/00015/00015_p1.mp4,00015_p1,00015,True
lrs3/GYcP2BR8EtY/00003/real_video_fake_audio_p4.mp4,real_video_fake_audio_p4,00003,True
lrs3/EDLWWP8N6MU/00038/00038_p4.mp4,00038_p4,00038,True
lrs3/KU0zEEDRKXo/00005/real_video_fake_audio_p1.mp4,real_video_fake_audio_p1,00005,True
lrs3/GYcP2BR8EtY/00003/fake_video_real_audio.mp4,fake_video_real_audio,00003,True
lrs3/86Hyq4bBpA0/00007/real_video_fake_audio_p3.mp4,real_video_fake_audio_p3,00007,True
lrs3/O6GimGZz6a8/00025/fake_video_fake_audio.mp4,fake_video_fake_audio,00025,True
lrs3/9RMaD0Sk7hc/00005/00005_p3.mp4,00005_p3,00005,True
lrs3/ONXYcNS7k1Y/00013/real.mp4,real,00013,True
lrs3/NhmybGS7FLA/00016/00016_p2.mp4,00016_p2,00016,True
lrs3/NCPzjiSS2Oo/00001/fake_video_fake_audio_p3.mp4,fake_video_fake_audio_p3,00001,True
lrs3/0OkOQhXhsIE/00010/fake_video_fake_audio_p4.mp4,fake_video_fake_audio_p4,00010,True
lrs3/5nrn5fC001Q/00008/real_video_fake_audio.mp4,real_video_fake_audio,00008,True
lrs3/OSz2v42F0E0/00027/real_video_fake_audio_p1.mp4,real_video_fake_audio_p1,00027,True
lrs3/Nvw0reB1gpI/00008/00008_p4.mp4,00008_p4,00008,True
lrs3/FvAl7Sjddok/00001/00001_p4.mp4,00001_p4,00001,True
lrs3/84QouBqCIWg/00005/fake_video_fake_audio_p1.mp4,fake_video_fake_audio_p1,00005,True
lrs3/0OkOQhXhsIE/00010/real_video_fake_audio.mp4,real_video_fake_audio,00010,True
lrs3/NhmybGS7FLA/00001/00001_p1.mp4,00001_p1,00001,True
lrs3/NgbqXsA62Qs/00014/real_video_fake_audio_p3.mp4,real_video_fake_audio_p3,00014,True
lrs3/NS4bBu9Jyho/00003/00003.mp4,00003,00003,True
lrs3/ORvwzoSf1Sc/00012/real_video_fake_audio.mp4,real_video_fake_audio,00012,True
lrs3/ORvwzoSf1Sc/00008/00008_p4.mp4,00008_p4,00008,True
lrs3/NbpSibMSEiE/00007/00007_p2.mp4,00007_p2,00007,True
lrs3/3p3Svl9VFYU/00005/real_video_fake_audio_p3.mp4,real_video_fake_audio_p3,00005,True
lrs3/O6GimGZz6a8/00003/real_video_fake_audio_p1.mp4,real_video_fake_audio_p1,00003,True
lrs3/84QouBqCIWg/00002/real_video_fake_audio.mp4,real_video_fake_audio,00002,True
lrs3/OSGHRMKrVM8/00034/fake_video_fake_audio_p4.mp4,fake_video_fake_audio_p4,00034,True
lrs3/5nrn5fC001Q/00013/00013_p2.mp4,00013_p2,00013,True
lrs3/3LfVxGdczEA/00003/fake_video_real_audio_p3.mp4,fake_video_real_audio_p3,00003,True
lrs3/O6jrLgvCUNs/00006/real.mp4,real,00006,True
lrs3/ONXYcNS7k1Y/00009/real_video_fake_audio.mp4,real_video_fake_audio,00009,True
lrs3/HqawqHB7nDM/00016/fake_video_fake_audio_p3.mp4,fake_video_fake_audio_p3,00016,True
lrs3/NgbqXsA62Qs/00008/real_video_fake_audio_p3.mp4,real_video_fake_audio_p3,00008,True
lrs3/ARWBdfWpDyc/00013/00013_p1.mp4,00013_p1,00013,True
lrs3/NbpSibMSEiE/00007/00007_p4.mp4,00007_p4,00007,True
lrs3/86Hyq4bBpA0/00008/fake_video_fake_audio_p2.mp4,fake_video_fake_audio_p2,00008,True
lrs3/NHopJHSlVo4/00002/real_video_fake_audio_p3.mp4,real_video_fake_audio_p3,00002,True
lrs3/Nvw0reB1gpI/00008/real_video_fake_audio_p1.mp4,real_video_fake_audio_p1,00008,True
lrs3/OSz2v42F0E0/00012/fake_video_real_audio_p2.mp4,fake_video_real_audio_p2,00012,True
lrs3/4xnVNvd8lBg/00004/00004_p4.mp4,00004_p4,00004,True
lrs3/ORBf73HiJns/00010/real_video_fake_audio_p4.mp4,real_video_fake_audio_p4,00010,True
lrs3/NaoSp4NpkGg/00013/fake_video_fake_audio_p3.mp4,fake_video_fake_audio_p3,00013,True
lrs3/ORBf73HiJns/00007/real_video_fake_audio_p2.mp4,real_video_fake_audio_p2,00007,True
lrs3/MkRJG510CKo/00002/00002_p2.mp4,00002_p2,00002,True
lrs3/OSGHRMKrVM8/00036/fake_video_fake_audio_p4.mp4,fake_video_fake_audio_p4,00036,True
lrs3/53P0aypkpXY/00002/real_video_fake_audio_p3.mp4,real_video_fake_audio_p3,00002,True
lrs3/OVSNSeFTaso/00002/00002_p4.mp4,00002_p4,00002,True
lrs3/NHopJHSlVo4/00002/fake_video_real_audio.mp4,fake_video_real_audio,00002,True
lrs3/OT9poHSD2Iw/00014/00014_p4.mp4,00014_p4,00014,True
lrs3/NVrpKRdtWwc/00005/fake_video_fake_audio_p3.mp4,fake_video_fake_audio_p3,00005,True
lrs3/NI0yARyFoIM/00009/fake_video_fake_audio_p3.mp4,fake_video_fake_audio_p3,00009,True
lrs3/ORBf73HiJns/00013/00013_p1.mp4,00013_p1,00013,True
lrs3/8uOIa3AgSWY/00001/real_video_fake_audio.mp4,real_video_fake_audio,00001,True
lrs3/ONXYcNS7k1Y/00018/real_video_fake_audio_p3.mp4,real_video_fake_audio_p3,00018,True
lrs3/NaoSp4NpkGg/00006/fake_video_real_audio_p3.mp4,fake_video_real_audio_p3,00006,True
lrs3/NhmybGS7FLA/00003/fake_video_real_audio_p1.mp4,fake_video_real_audio_p1,00003,True
lrs3/NHopJHSlVo4/00004/fake_video_real_audio_p1.mp4,fake_video_real_audio_p1,00004,True
lrs3/ORBf73HiJns/00026/real_video_fake_audio_p2.mp4,real_video_fake_audio_p2,00026,True
lrs3/NPSelwWdPa0/00052/00052.mp4,00052,00052,True
lrs3/NAcuH7nSdLc/00017/fake_video_real_audio.mp4,fake_video_real_audio,00017,True
lrs3/7TXEZ4tP06c/00003/00003_p1.mp4,00003_p1,00003,True
lrs3/NS4bBu9Jyho/00001/00001.mp4,00001,00001,True
lrs3/1Hok1iGFNSk/00004/real_video_fake_audio_p3.mp4,real_video_fake_audio_p3,00004,True
lrs3/MkRJG510CKo/00007/fake_video_fake_audio_p4.mp4,fake_video_fake_audio_p4,00007,True
lrs3/CQ6by9cmt54/00003/00003_p1.mp4,00003_p1,00003,True
lrs3/C9CKRd2jScg/00001/00001.mp4,00001,00001,True
lrs3/NVrpKRdtWwc/00010/fake_video_real_audio.mp4,fake_video_real_audio,00010,True
lrs3/NCPzjiSS2Oo/00001/00001_p2.mp4,00001_p2,00001,True
lrs3/0OkOQhXhsIE/00005/real_video_fake_audio_p1.mp4,real_video_fake_audio_p1,00005,True
lrs3/ORBf73HiJns/00006/real_video_fake_audio_p4.mp4,real_video_fake_audio_p4,00006,True
lrs3/HqawqHB7nDM/00022/fake_video_fake_audio_p4.mp4,fake_video_fake_audio_p4,00022,True
lrs3/NhmybGS7FLA/00011/fake_video_fake_audio_p1.mp4,fake_video_fake_audio_p1,00011,True
lrs3/9RMaD0Sk7hc/00001/00001_p2.mp4,00001_p2,00001,True
lrs3/NhmybGS7FLA/00011/00011_p3.mp4,00011_p3,00011,True
lrs3/O6cmKeRV3Z0/00002/00002_p3.mp4,00002_p3,00002,True
lrs3/NaoSp4NpkGg/00002/real_video_fake_audio_p3.mp4,real_video_fake_audio_p3,00002,True
lrs3/Cu3ILSqFJJQ/00001/real_video_fake_audio.mp4,real_video_fake_audio,00001,True
lrs3/53P0aypkpXY/00002/fake_video_real_audio_p2.mp4,fake_video_real_audio_p2,00002,True
lrs3/OSz2v42F0E0/00006/00006_p4.mp4,00006_p4,00006,True
lrs3/5nrn5fC001Q/00003/00003.mp4,00003,00003,True
lrs3/OSz2v42F0E0/00004/real_video_fake_audio_p4.mp4,real_video_fake_audio_p4,00004,True
lrs3/O6cmKeRV3Z0/00001/00001_p1.mp4,00001_p1,00001,True
lrs3/NaoSp4NpkGg/00004/00004_p1.mp4,00004_p1,00004,True
lrs3/OSGHRMKrVM8/00001/real_video_fake_audio_p3.mp4,real_video_fake_audio_p3,00001,True
lrs3/OSz2v42F0E0/00031/00031_p4.mp4,00031_p4,00031,True
lrs3/OSz2v42F0E0/00026/00026_p4.mp4,00026_p4,00026,True
lrs3/OSGHRMKrVM8/00012/fake_video_fake_audio_p3.mp4,fake_video_fake_audio_p3,00012,True
lrs3/NcPusGLnqAc/00005/00005_p3.mp4,00005_p3,00005,True
lrs3/ORBf73HiJns/00007/00007_p3.mp4,00007_p3,00007,True
lrs3/NgbqXsA62Qs/00002/fake_video_fake_audio.mp4,fake_video_fake_audio,00002,True
lrs3/OSz2v42F0E0/00027/real_video_fake_audio_p2.mp4,real_video_fake_audio_p2,00027,True
lrs3/O6cmKeRV3Z0/00003/fake_video_real_audio_p4.mp4,fake_video_real_audio_p4,00003,True
lrs3/ORBf73HiJns/00032/fake_video_real_audio_p4.mp4,fake_video_real_audio_p4,00032,True
lrs3/NcPusGLnqAc/00006/00006_p3.mp4,00006_p3,00006,True
lrs3/NVrpKRdtWwc/00007/00007_p4.mp4,00007_p4,00007,True
lrs3/ONXYcNS7k1Y/00013/fake_video_real_audio_p1.mp4,fake_video_real_audio_p1,00013,True
lrs3/NaoSp4NpkGg/00015/fake_video_real_audio_p1.mp4,fake_video_real_audio_p1,00015,True
lrs3/O4bGOvkkHcM/00001/fake_video_fake_audio_p1.mp4,fake_video_fake_audio_p1,00001,True
lrs3/OT9poHSD2Iw/00020/real_video_fake_audio_p1.mp4,real_video_fake_audio_p1,00020,True
lrs3/NcPusGLnqAc/00004/fake_video_fake_audio_p1.mp4,fake_video_fake_audio_p1,00004,True
lrs3/ONXYcNS7k1Y/00032/fake_video_fake_audio.mp4,fake_video_fake_audio,00032,True
lrs3/ORBf73HiJns/00011/00011_p4.mp4,00011_p4,00011,True
lrs3/5nrn5fC001Q/00013/00013_p4.mp4,00013_p4,00013,True
lrs3/OSz2v42F0E0/00021/00021_p4.mp4,00021_p4,00021,True
lrs3/NaoSp4NpkGg/00004/fake_video_real_audio_p2.mp4,fake_video_real_audio_p2,00004,True
lrs3/86Hyq4bBpA0/00006/00006.mp4,00006,00006,True
lrs3/OSz2v42F0E0/00012/00012_p1.mp4,00012_p1,00012,True
lrs3/NaoSp4NpkGg/00004/fake_video_real_audio_p3.mp4,fake_video_real_audio_p3,00004,True
lrs3/OT9poHSD2Iw/00007/real_video_fake_audio.mp4,real_video_fake_audio,00007,True
lrs3/O6GimGZz6a8/00020/fake_video_real_audio_p2.mp4,fake_video_real_audio_p2,00020,True
lrs3/NS4bBu9Jyho/00008/fake_video_real_audio_p1.mp4,fake_video_real_audio_p1,00008,True
lrs3/NPX5RwjNzl0/00001/00001.mp4,00001,00001,True
lrs3/OT9poHSD2Iw/00001/00001_p3.mp4,00001_p3,00001,True
lrs3/KU0zEEDRKXo/00004/00004.mp4,00004,00004,True
lrs3/NhmybGS7FLA/00011/fake_video_real_audio_p1.mp4,fake_video_real_audio_p1,00011,True
lrs3/53P0aypkpXY/00002/00002_p3.mp4,00002_p3,00002,True
lrs3/MkRJG510CKo/00002/00002_p4.mp4,00002_p4,00002,True
lrs3/NaoSp4NpkGg/00001/00001_p3.mp4,00001_p3,00001,True
lrs3/OSz2v42F0E0/00025/fake_video_fake_audio_p3.mp4,fake_video_fake_audio_p3,00025,True
lrs3/ORBf73HiJns/00019/real_video_fake_audio_p4.mp4,real_video_fake_audio_p4,00019,True
lrs3/7TXEZ4tP06c/00003/00003_p4.mp4,00003_p4,00003,True
lrs3/O6cmKeRV3Z0/00003/real_video_fake_audio.mp4,real_video_fake_audio,00003,True
lrs3/NAcuH7nSdLc/00010/fake_video_real_audio_p4.mp4,fake_video_real_audio_p4,00010,True
lrs3/1Hok1iGFNSk/00003/00003_p1.mp4,00003_p1,00003,True
lrs3/OT9poHSD2Iw/00013/fake_video_real_audio_p1.mp4,fake_video_real_audio_p1,00013,True
lrs3/KU0zEEDRKXo/00006/fake_video_fake_audio_p3.mp4,fake_video_fake_audio_p3,00006,True
lrs3/LnnyuVG0krs/00003/00003_p1.mp4,00003_p1,00003,True
lrs3/0YNeyBANrTI/00003/real_video_fake_audio_p3.mp4,real_video_fake_audio_p3,00003,True
lrs3/NS4bBu9Jyho/00010/real_video_fake_audio_p2.mp4,real_video_fake_audio_p2,00010,True
lrs3/NgbqXsA62Qs/00012/fake_video_fake_audio_p2.mp4,fake_video_fake_audio_p2,00012,True
lrs3/ORBf73HiJns/00014/real.mp4,real,00014,True
lrs3/D9Ihs241zeg/00001/real_video_fake_audio_p2.mp4,real_video_fake_audio_p2,00001,True
lrs3/ORvwzoSf1Sc/00003/fake_video_real_audio_p1.mp4,fake_video_real_audio_p1,00003,True
lrs3/NgbqXsA62Qs/00007/fake_video_fake_audio_p4.mp4,fake_video_fake_audio_p4,00007,True
lrs3/6MgDcFlTgVM/00003/00003_p3.mp4,00003_p3,00003,True
lrs3/ORBf73HiJns/00029/fake_video_fake_audio_p4.mp4,fake_video_fake_audio_p4,00029,True
lrs3/O6cmKeRV3Z0/00002/real_video_fake_audio.mp4,real_video_fake_audio,00002,True
lrs3/NU82HhqhEHM/00008/real_video_fake_audio_p4.mp4,real_video_fake_audio_p4,00008,True
lrs3/NbpSibMSEiE/00007/00007.mp4,00007,00007,True
lrs3/OSGHRMKrVM8/00007/fake_video_real_audio_p2.mp4,fake_video_real_audio_p2,00007,True
lrs3/31ojbLK0vU4/00002/00002.mp4,00002,00002,True
lrs3/ARWBdfWpDyc/00006/fake_video_fake_audio_p2.mp4,fake_video_fake_audio_p2,00006,True
lrs3/O2OQxHNVLNY/00010/real_video_fake_audio.mp4,real_video_fake_audio,00010,True
lrs3/E66oIgegbv0/00006/00006_p1.mp4,00006_p1,00006,True
lrs3/ONXYcNS7k1Y/00013/fake_video_fake_audio_p2.mp4,fake_video_fake_audio_p2,00013,True
lrs3/Nvw0reB1gpI/00006/fake_video_real_audio_p2.mp4,fake_video_real_audio_p2,00006,True
lrs3/OSz2v42F0E0/00004/fake_video_real_audio_p1.mp4,fake_video_real_audio_p1,00004,True
lrs3/O4bGOvkkHcM/00006/00006_p1.mp4,00006_p1,00006,True
lrs3/GYcP2BR8EtY/00004/real_video_fake_audio_p4.mp4,real_video_fake_audio_p4,00004,True
lrs3/ORBf73HiJns/00005/00005_p2.mp4,00005_p2,00005,True
lrs3/D9Ihs241zeg/00001/fake_video_real_audio.mp4,fake_video_real_audio,00001,True
lrs3/NcPusGLnqAc/00004/real.mp4,real,00004,True
lrs3/ORBf73HiJns/00019/00019_p4.mp4,00019_p4,00019,True
lrs3/3LfVxGdczEA/00004/00004_p2.mp4,00004_p2,00004,True
lrs3/MkRJG510CKo/00001/00001_p4.mp4,00001_p4,00001,True
lrs3/ORBf73HiJns/00036/fake_video_fake_audio_p2.mp4,fake_video_fake_audio_p2,00036,True
lrs3/LsSh5ZUfnz4/00004/00004_p2.mp4,00004_p2,00004,True
lrs3/10MvdLL2EpY/00002/00002_p1.mp4,00002_p1,00002,True
lrs3/Nvw0reB1gpI/00006/00006_p2.mp4,00006_p2,00006,True
lrs3/O4bGOvkkHcM/00002/00002.mp4,00002,00002,True
lrs3/ORBf73HiJns/00036/00036_p1.mp4,00036_p1,00036,True
lrs3/NcPusGLnqAc/00011/fake_video_real_audio_p1.mp4,fake_video_real_audio_p1,00011,True
lrs3/NaoSp4NpkGg/00003/real.mp4,real,00003,True
lrs3/Nvw0reB1gpI/00002/real_video_fake_audio_p2.mp4,real_video_fake_audio_p2,00002,True
lrs3/3lxyiS3CGrk/00001/00001_p4.mp4,00001_p4,00001,True
lrs3/3p3Svl9VFYU/00005/fake_video_real_audio_p3.mp4,fake_video_real_audio_p3,00005,True
lrs3/NcPusGLnqAc/00005/fake_video_real_audio_p1.mp4,fake_video_real_audio_p1,00005,True
lrs3/OT9poHSD2Iw/00025/fake_video_fake_audio_p2.mp4,fake_video_fake_audio_p2,00025,True
lrs3/FgSJcKSHUtQ/00001/00001.mp4,00001,00001,True
lrs3/NS4bBu9Jyho/00007/real_video_fake_audio_p1.mp4,real_video_fake_audio_p1,00007,True
lrs3/NcPusGLnqAc/00002/00002.mp4,00002,00002,True
lrs3/7TXEZ4tP06c/00002/fake_video_real_audio_p4.mp4,fake_video_real_audio_p4,00002,True
lrs3/2iIIDwSJhAg/00001/00001_p1.mp4,00001_p1,00001,True
lrs3/NhmybGS7FLA/00004/00004_p4.mp4,00004_p4,00004,True
lrs3/ORzTct2yITk/00002/fake_video_fake_audio_p1.mp4,fake_video_fake_audio_p1,00002,True
lrs3/ARWBdfWpDyc/00006/real_video_fake_audio.mp4,real_video_fake_audio,00006,True
lrs3/OT9poHSD2Iw/00023/fake_video_real_audio_p1.mp4,fake_video_real_audio_p1,00023,True
lrs3/E66oIgegbv0/00005/00005_p3.mp4,00005_p3,00005,True
lrs3/9RMaD0Sk7hc/00003/real_video_fake_audio_p1.mp4,real_video_fake_audio_p1,00003,True
lrs3/7TXEZ4tP06c/00015/fake_video_real_audio_p2.mp4,fake_video_real_audio_p2,00015,True
lrs3/9RMaD0Sk7hc/00004/real_video_fake_audio_p4.mp4,real_video_fake_audio_p4,00004,True
lrs3/MbhNaj88uL4/00002/real_video_fake_audio_p1.mp4,real_video_fake_audio_p1,00002,True
lrs3/OSGHRMKrVM8/00019/fake_video_real_audio_p4.mp4,fake_video_real_audio_p4,00019,True
lrs3/NCPzjiSS2Oo/00002/fake_video_fake_audio_p4.mp4,fake_video_fake_audio_p4,00002,True
lrs3/OSz2v42F0E0/00005/00005_p2.mp4,00005_p2,00005,True
lrs3/NgbqXsA62Qs/00014/fake_video_fake_audio_p3.mp4,fake_video_fake_audio_p3,00014,True
lrs3/NRO0SJXuFMY/00012/00012_p3.mp4,00012_p3,00012,True
lrs3/NgbqXsA62Qs/00003/real_video_fake_audio_p4.mp4,real_video_fake_audio_p4,00003,True
lrs3/ORBf73HiJns/00024/00024_p2.mp4,00024_p2,00024,True
lrs3/86Hyq4bBpA0/00002/real_video_fake_audio_p2.mp4,real_video_fake_audio_p2,00002,True
lrs3/0YNeyBANrTI/00001/fake_video_fake_audio_p1.mp4,fake_video_fake_audio_p1,00001,True
lrs3/Fb2J5eDoFko/00003/fake_video_fake_audio_p4.mp4,fake_video_fake_audio_p4,00003,True
lrs3/NgbqXsA62Qs/00003/real_video_fake_audio_p1.mp4,real_video_fake_audio_p1,00003,True
lrs3/O6GimGZz6a8/00025/fake_video_fake_audio_p3.mp4,fake_video_fake_audio_p3,00025,True
lrs3/BEsJI6Nxo4Q/00001/00001.mp4,00001,00001,True
lrs3/NRO0SJXuFMY/00007/real.mp4,real,00007,True
lrs3/HqawqHB7nDM/00016/real.mp4,real,00016,True
lrs3/CBphxhTY8mc/00001/real_video_fake_audio_p1.mp4,real_video_fake_audio_p1,00001,True
lrs3/OSGHRMKrVM8/00011/fake_video_fake_audio_p3.mp4,fake_video_fake_audio_p3,00011,True
lrs3/OKNpguWW3Sk/00006/00006_p1.mp4,00006_p1,00006,True
lrs3/ONXYcNS7k1Y/00017/00017_p2.mp4,00017_p2,00017,True
lrs3/OSGHRMKrVM8/00012/fake_video_real_audio_p4.mp4,fake_video_real_audio_p4,00012,True
lrs3/OKNpguWW3Sk/00001/00001_p3.mp4,00001_p3,00001,True
lrs3/63tVsJI31Tk/00002/00002.mp4,00002,00002,True
lrs3/9sTEHbKTh9I/00003/00003_p2.mp4,00003_p2,00003,True
lrs3/O6cmKeRV3Z0/00001/00001_p3.mp4,00001_p3,00001,True
lrs3/64fDIZiVSSM/00006/fake_video_real_audio_p1.mp4,fake_video_real_audio_p1,00006,True
lrs3/OSz2v42F0E0/00025/real_video_fake_audio_p1.mp4,real_video_fake_audio_p1,00025,True
lrs3/O6cmKeRV3Z0/00006/00006_p4.mp4,00006_p4,00006,True
lrs3/HrG8UZjL5E8/00007/fake_video_fake_audio_p2.mp4,fake_video_fake_audio_p2,00007,True
lrs3/3LfVxGdczEA/00003/fake_video_real_audio.mp4,fake_video_real_audio,00003,True
lrs3/OSz2v42F0E0/00016/00016_p1.mp4,00016_p1,00016,True
lrs3/0OkOQhXhsIE/00010/00010_p2.mp4,00010_p2,00010,True
lrs3/NS4bBu9Jyho/00007/fake_video_real_audio_p4.mp4,fake_video_real_audio_p4,00007,True
lrs3/ORBf73HiJns/00036/fake_video_real_audio_p4.mp4,fake_video_real_audio_p4,00036,True
lrs3/MkRJG510CKo/00008/fake_video_real_audio.mp4,fake_video_real_audio,00008,True
lrs3/GYcP2BR8EtY/00002/00002_p4.mp4,00002_p4,00002,True
lrs3/FvAl7Sjddok/00001/fake_video_fake_audio.mp4,fake_video_fake_audio,00001,True
lrs3/6MgDcFlTgVM/00003/00003.mp4,00003,00003,True
lrs3/NgbqXsA62Qs/00020/real_video_fake_audio_p4.mp4,real_video_fake_audio_p4,00020,True
lrs3/Nvw0reB1gpI/00006/fake_video_fake_audio.mp4,fake_video_fake_audio,00006,True
lrs3/ORBf73HiJns/00004/fake_video_real_audio.mp4,fake_video_real_audio,00004,True
lrs3/53P0aypkpXY/00003/real_video_fake_audio_p4.mp4,real_video_fake_audio_p4,00003,True
lrs3/86Hyq4bBpA0/00007/real_video_fake_audio_p1.mp4,real_video_fake_audio_p1,00007,True
lrs3/Myp1sZBxTR8/00001/00001_p1.mp4,00001_p1,00001,True
lrs3/KU0zEEDRKXo/00006/real_video_fake_audio_p1.mp4,real_video_fake_audio_p1,00006,True
lrs3/84QouBqCIWg/00003/00003.mp4,00003,00003,True
lrs3/NS4bBu9Jyho/00002/00002_p4.mp4,00002_p4,00002,True
lrs3/ORBf73HiJns/00001/fake_video_fake_audio_p2.mp4,fake_video_fake_audio_p2,00001,True
lrs3/MkRJG510CKo/00007/fake_video_fake_audio.mp4,fake_video_fake_audio,00007,True
lrs3/NcPusGLnqAc/00001/00001_p2.mp4,00001_p2,00001,True
lrs3/GYcP2BR8EtY/00003/fake_video_fake_audio_p2.mp4,fake_video_fake_audio_p2,00003,True
lrs3/4qKAse8388k/00003/fake_video_fake_audio_p2.mp4,fake_video_fake_audio_p2,00003,True
lrs3/NgbqXsA62Qs/00009/fake_video_fake_audio_p3.mp4,fake_video_fake_audio_p3,00009,True
lrs3/86Hyq4bBpA0/00003/fake_video_real_audio_p2.mp4,fake_video_real_audio_p2,00003,True
lrs3/NgbqXsA62Qs/00019/00019_p3.mp4,00019_p3,00019,True
lrs3/ORBf73HiJns/00008/real_video_fake_audio_p4.mp4,real_video_fake_audio_p4,00008,True
lrs3/MkRJG510CKo/00005/real_video_fake_audio_p1.mp4,real_video_fake_audio_p1,00005,True
lrs3/ONXYcNS7k1Y/00014/00014_p4.mp4,00014_p4,00014,True
lrs3/OT9poHSD2Iw/00008/00008_p4.mp4,00008_p4,00008,True
lrs3/C9kPFCw2u3M/00001/00001_p1.mp4,00001_p1,00001,True
lrs3/7TXEZ4tP06c/00015/fake_video_real_audio_p3.mp4,fake_video_real_audio_p3,00015,True
lrs3/NaoSp4NpkGg/00015/fake_video_fake_audio_p4.mp4,fake_video_fake_audio_p4,00015,True
lrs3/OSz2v42F0E0/00029/fake_video_real_audio.mp4,fake_video_real_audio,00029,True
lrs3/ExcDNly1DbI/00009/fake_video_fake_audio_p2.mp4,fake_video_fake_audio_p2,00009,True
lrs3/HrG8UZjL5E8/00007/00007_p4.mp4,00007_p4,00007,True
lrs3/O4g60zB4Un4/00002/00002_p3.mp4,00002_p3,00002,True
lrs3/Nvw0reB1gpI/00006/fake_video_real_audio.mp4,fake_video_real_audio,00006,True
lrs3/4xnVNvd8lBg/00003/00003_p3.mp4,00003_p3,00003,True
lrs3/NPX5RwjNzl0/00001/00001_p1.mp4,00001_p1,00001,True
lrs3/9RMaD0Sk7hc/00004/real_video_fake_audio_p3.mp4,real_video_fake_audio_p3,00004,True
lrs3/O6jrLgvCUNs/00006/real_video_fake_audio_p4.mp4,real_video_fake_audio_p4,00006,True
lrs3/63tVsJI31Tk/00005/00005_p3.mp4,00005_p3,00005,True
lrs3/OSz2v42F0E0/00028/real_video_fake_audio_p2.mp4,real_video_fake_audio_p2,00028,True
lrs3/NcPusGLnqAc/00001/00001_p1.mp4,00001_p1,00001,True
lrs3/ExcDNly1DbI/00009/fake_video_fake_audio_p3.mp4,fake_video_fake_audio_p3,00009,True
lrs3/NCPzjiSS2Oo/00002/fake_video_real_audio_p4.mp4,fake_video_real_audio_p4,00002,True
lrs3/NcPusGLnqAc/00010/fake_video_fake_audio.mp4,fake_video_fake_audio,00010,True
lrs3/NTbBuvcGnxM/00018/real_video_fake_audio_p3.mp4,real_video_fake_audio_p3,00018,True
lrs3/NRO0SJXuFMY/00001/real_video_fake_audio_p2.mp4,real_video_fake_audio_p2,00001,True
lrs3/ORBf73HiJns/00023/fake_video_real_audio_p4.mp4,fake_video_real_audio_p4,00023,True
lrs3/5nrn5fC001Q/00002/real_video_fake_audio_p1.mp4,real_video_fake_audio_p1,00002,True
lrs3/O2OQxHNVLNY/00010/fake_video_fake_audio_p2.mp4,fake_video_fake_audio_p2,00010,True
lrs3/ORvwzoSf1Sc/00006/fake_video_real_audio.mp4,fake_video_real_audio,00006,True
lrs3/NCPzjiSS2Oo/00001/real_video_fake_audio_p2.mp4,real_video_fake_audio_p2,00001,True
lrs3/1fTJSjszTac/00001/00001.mp4,00001,00001,True
lrs3/0OkOQhXhsIE/00009/00009_p1.mp4,00009_p1,00009,True
lrs3/9sTEHbKTh9I/00003/00003_p3.mp4,00003_p3,00003,True
lrs3/Nvw0reB1gpI/00012/00012.mp4,00012,00012,True
lrs3/O6GimGZz6a8/00016/00016_p1.mp4,00016_p1,00016,True
lrs3/O6GimGZz6a8/00011/00011_p1.mp4,00011_p1,00011,True
lrs3/O6GimGZz6a8/00008/00008_p4.mp4,00008_p4,00008,True
lrs3/NgbqXsA62Qs/00001/00001.mp4,00001,00001,True
lrs3/9RMaD0Sk7hc/00004/fake_video_real_audio_p3.mp4,fake_video_real_audio_p3,00004,True
lrs3/OSGHRMKrVM8/00036/real_video_fake_audio_p2.mp4,real_video_fake_audio_p2,00036,True
lrs3/4xnVNvd8lBg/00002/real_video_fake_audio.mp4,real_video_fake_audio,00002,True
lrs3/NaoSp4NpkGg/00006/real_video_fake_audio_p2.mp4,real_video_fake_audio_p2,00006,True
lrs3/ONXYcNS7k1Y/00021/fake_video_real_audio_p2.mp4,fake_video_real_audio_p2,00021,True
lrs3/NTbBuvcGnxM/00018/fake_video_real_audio_p3.mp4,fake_video_real_audio_p3,00018,True
lrs3/OSGHRMKrVM8/00014/real.mp4,real,00014,True
lrs3/OT9poHSD2Iw/00013/fake_video_real_audio_p4.mp4,fake_video_real_audio_p4,00013,True
lrs3/O4g60zB4Un4/00003/real_video_fake_audio_p4.mp4,real_video_fake_audio_p4,00003,True
lrs3/OSGHRMKrVM8/00011/real.mp4,real,00011,True
lrs3/56XQd6fcWu8/00003/fake_video_real_audio_p4.mp4,fake_video_real_audio_p4,00003,True
lrs3/86Hyq4bBpA0/00002/fake_video_fake_audio_p2.mp4,fake_video_fake_audio_p2,00002,True
lrs3/NRO0SJXuFMY/00011/fake_video_fake_audio_p4.mp4,fake_video_fake_audio_p4,00011,True
lrs3/OSz2v42F0E0/00010/real_video_fake_audio_p3.mp4,real_video_fake_audio_p3,00010,True
lrs3/OT9poHSD2Iw/00012/00012_p4.mp4,00012_p4,00012,True
lrs3/NcPusGLnqAc/00011/00011_p4.mp4,00011_p4,00011,True
lrs3/Cu3ILSqFJJQ/00001/fake_video_real_audio.mp4,fake_video_real_audio,00001,True
lrs3/O6GimGZz6a8/00020/real_video_fake_audio_p4.mp4,real_video_fake_audio_p4,00020,True
lrs3/ARWBdfWpDyc/00006/00006_p3.mp4,00006_p3,00006,True
lrs3/NPX5RwjNzl0/00005/fake_video_fake_audio_p3.mp4,fake_video_fake_audio_p3,00005,True
lrs3/ONXYcNS7k1Y/00026/fake_video_real_audio_p1.mp4,fake_video_real_audio_p1,00026,True
lrs3/0OkOQhXhsIE/00010/real_video_fake_audio_p1.mp4,real_video_fake_audio_p1,00010,True
lrs3/ONXYcNS7k1Y/00028/real_video_fake_audio_p1.mp4,real_video_fake_audio_p1,00028,True
lrs3/O6GimGZz6a8/00010/fake_video_real_audio.mp4,fake_video_real_audio,00010,True
lrs3/NaoSp4NpkGg/00011/real_video_fake_audio_p1.mp4,real_video_fake_audio_p1,00011,True
lrs3/NaoSp4NpkGg/00016/real_video_fake_audio_p2.mp4,real_video_fake_audio_p2,00016,True
lrs3/NU82HhqhEHM/00006/fake_video_fake_audio_p1.mp4,fake_video_fake_audio_p1,00006,True
lrs3/53P0aypkpXY/00007/00007_p2.mp4,00007_p2,00007,True
lrs3/O2OQxHNVLNY/00005/fake_video_fake_audio.mp4,fake_video_fake_audio,00005,True
lrs3/4qKAse8388k/00003/fake_video_real_audio_p4.mp4,fake_video_real_audio_p4,00003,True
lrs3/O6GimGZz6a8/00017/fake_video_fake_audio.mp4,fake_video_fake_audio,00017,True
lrs3/NcPusGLnqAc/00006/00006.mp4,00006,00006,True
lrs3/NoXtBxluCvg/00002/00002.mp4,00002,00002,True
lrs3/NVrpKRdtWwc/00007/real.mp4,real,00007,True
lrs3/MkRJG510CKo/00001/fake_video_fake_audio_p2.mp4,fake_video_fake_audio_p2,00001,True
lrs3/OSGHRMKrVM8/00014/fake_video_real_audio_p4.mp4,fake_video_real_audio_p4,00014,True
lrs3/NgbqXsA62Qs/00014/real_video_fake_audio_p2.mp4,real_video_fake_audio_p2,00014,True
lrs3/ONXYcNS7k1Y/00006/00006.mp4,00006,00006,True
lrs3/ORBf73HiJns/00017/00017.mp4,00017,00017,True
lrs3/OT9poHSD2Iw/00006/fake_video_fake_audio_p4.mp4,fake_video_fake_audio_p4,00006,True
lrs3/NgbqXsA62Qs/00005/00005_p4.mp4,00005_p4,00005,True
lrs3/3p3Svl9VFYU/00006/00006_p4.mp4,00006_p4,00006,True
lrs3/NVrpKRdtWwc/00007/real_video_fake_audio_p1.mp4,real_video_fake_audio_p1,00007,True
lrs3/ONXYcNS7k1Y/00026/fake_video_fake_audio_p2.mp4,fake_video_fake_audio_p2,00026,True
lrs3/NcPusGLnqAc/00006/00006_p4.mp4,00006_p4,00006,True
lrs3/OSGHRMKrVM8/00018/real.mp4,real,00018,True
lrs3/ONXYcNS7k1Y/00028/real_video_fake_audio.mp4,real_video_fake_audio,00028,True
lrs3/OSGHRMKrVM8/00018/fake_video_real_audio_p2.mp4,fake_video_real_audio_p2,00018,True
lrs3/O2OQxHNVLNY/00010/fake_video_real_audio_p4.mp4,fake_video_real_audio_p4,00010,True
lrs3/NhmybGS7FLA/00017/fake_video_fake_audio_p2.mp4,fake_video_fake_audio_p2,00017,True
lrs3/4xnVNvd8lBg/00006/00006_p3.mp4,00006_p3,00006,True
lrs3/8ZKTWji7k5Y/00001/fake_video_fake_audio_p4.mp4,fake_video_fake_audio_p4,00001,True
lrs3/Nvw0reB1gpI/00011/fake_video_fake_audio_p3.mp4,fake_video_fake_audio_p3,00011,True
lrs3/Dceyy0cX6J4/00004/00004_p4.mp4,00004_p4,00004,True
lrs3/ARWBdfWpDyc/00004/fake_video_real_audio.mp4,fake_video_real_audio,00004,True
lrs3/FgSJcKSHUtQ/00006/00006_p4.mp4,00006_p4,00006,True
lrs3/ORBf73HiJns/00003/real_video_fake_audio_p3.mp4,real_video_fake_audio_p3,00003,True
lrs3/OSGHRMKrVM8/00028/fake_video_fake_audio_p4.mp4,fake_video_fake_audio_p4,00028,True
lrs3/31ojbLK0vU4/00003/00003_p4.mp4,00003_p4,00003,True
lrs3/ONXYcNS7k1Y/00032/real_video_fake_audio_p1.mp4,real_video_fake_audio_p1,00032,True
lrs3/NS4bBu9Jyho/00005/00005_p1.mp4,00005_p1,00005,True
lrs3/ONXYcNS7k1Y/00026/real_video_fake_audio.mp4,real_video_fake_audio,00026,True
lrs3/NS4bBu9Jyho/00005/real_video_fake_audio.mp4,real_video_fake_audio,00005,True
lrs3/Fb2J5eDoFko/00002/fake_video_real_audio_p1.mp4,fake_video_real_audio_p1,00002,True
lrs3/NgbqXsA62Qs/00002/fake_video_real_audio_p4.mp4,fake_video_real_audio_p4,00002,True
lrs3/O6cmKeRV3Z0/00006/00006_p1.mp4,00006_p1,00006,True
lrs3/ONXYcNS7k1Y/00010/00010_p2.mp4,00010_p2,00010,True
lrs3/5nrn5fC001Q/00008/fake_video_real_audio_p3.mp4,fake_video_real_audio_p3,00008,True
lrs3/O2OQxHNVLNY/00010/00010_p4.mp4,00010_p4,00010,True
lrs3/NPX5RwjNzl0/00006/fake_video_real_audio_p2.mp4,fake_video_real_audio_p2,00006,True
lrs3/0OkOQhXhsIE/00002/00002_p2.mp4,00002_p2,00002,True
lrs3/NgbqXsA62Qs/00008/00008_p2.mp4,00008_p2,00008,True
lrs3/84QouBqCIWg/00005/real_video_fake_audio_p4.mp4,real_video_fake_audio_p4,00005,True
lrs3/O6jrLgvCUNs/00006/00006_p1.mp4,00006_p1,00006,True
lrs3/OT9poHSD2Iw/00011/fake_video_real_audio_p1.mp4,fake_video_real_audio_p1,00011,True
lrs3/NaoSp4NpkGg/00013/real_video_fake_audio_p4.mp4,real_video_fake_audio_p4,00013,True
lrs3/NaoSp4NpkGg/00006/real_video_fake_audio_p1.mp4,real_video_fake_audio_p1,00006,True
lrs3/NVrpKRdtWwc/00002/00002_p1.mp4,00002_p1,00002,True
lrs3/OT9poHSD2Iw/00003/fake_video_fake_audio_p2.mp4,fake_video_fake_audio_p2,00003,True
lrs3/9RMaD0Sk7hc/00004/00004_p3.mp4,00004_p3,00004,True
lrs3/O6GimGZz6a8/00002/00002_p4.mp4,00002_p4,00002,True
lrs3/3LfVxGdczEA/00002/real_video_fake_audio.mp4,real_video_fake_audio,00002,True
lrs3/Fb2J5eDoFko/00001/fake_video_fake_audio.mp4,fake_video_fake_audio,00001,True
lrs3/64fDIZiVSSM/00004/00004_p4.mp4,00004_p4,00004,True
lrs3/KU0zEEDRKXo/00005/real_video_fake_audio_p3.mp4,real_video_fake_audio_p3,00005,True
lrs3/NcPusGLnqAc/00003/real_video_fake_audio_p4.mp4,real_video_fake_audio_p4,00003,True
lrs3/NTbBuvcGnxM/00014/00014_p2.mp4,00014_p2,00014,True
lrs3/KjKBOo5tFX8/00011/00011.mp4,00011,00011,True
lrs3/LsSh5ZUfnz4/00002/00002_p1.mp4,00002_p1,00002,True
lrs3/KU0zEEDRKXo/00005/real_video_fake_audio_p2.mp4,real_video_fake_audio_p2,00005,True
lrs3/ORBf73HiJns/00018/fake_video_fake_audio_p2.mp4,fake_video_fake_audio_p2,00018,True
lrs3/NaoSp4NpkGg/00015/fake_video_fake_audio.mp4,fake_video_fake_audio,00015,True
lrs3/NTbBuvcGnxM/00001/real_video_fake_audio_p4.mp4,real_video_fake_audio_p4,00001,True
lrs3/NaoSp4NpkGg/00006/real_video_fake_audio_p4.mp4,real_video_fake_audio_p4,00006,True
lrs3/OT9poHSD2Iw/00007/fake_video_real_audio_p2.mp4,fake_video_real_audio_p2,00007,True
lrs3/ONXYcNS7k1Y/00025/real_video_fake_audio_p2.mp4,real_video_fake_audio_p2,00025,True
lrs3/OSz2v42F0E0/00026/00026_p2.mp4,00026_p2,00026,True
lrs3/4xnVNvd8lBg/00004/00004.mp4,00004,00004,True
lrs3/ORvwzoSf1Sc/00012/real_video_fake_audio_p2.mp4,real_video_fake_audio_p2,00012,True
lrs3/0OkOQhXhsIE/00006/00006_p1.mp4,00006_p1,00006,True
lrs3/OT9poHSD2Iw/00012/00012.mp4,00012,00012,True
lrs3/NhmybGS7FLA/00005/00005_p1.mp4,00005_p1,00005,True
lrs3/OT9poHSD2Iw/00002/00002_p1.mp4,00002_p1,00002,True
lrs3/5nrn5fC001Q/00008/real_video_fake_audio_p4.mp4,real_video_fake_audio_p4,00008,True
lrs3/OSGHRMKrVM8/00039/00039_p4.mp4,00039_p4,00039,True
lrs3/HrG8UZjL5E8/00007/real_video_fake_audio_p4.mp4,real_video_fake_audio_p4,00007,True
lrs3/OSz2v42F0E0/00014/real.mp4,real,00014,True
lrs3/NcPusGLnqAc/00012/00012_p1.mp4,00012_p1,00012,True
lrs3/CyKmpyYy14k/00001/00001.mp4,00001,00001,True
lrs3/ONXYcNS7k1Y/00024/real_video_fake_audio_p1.mp4,real_video_fake_audio_p1,00024,True
lrs3/NHopJHSlVo4/00001/real_video_fake_audio.mp4,real_video_fake_audio,00001,True
lrs3/NaoSp4NpkGg/00014/00014.mp4,00014,00014,True
lrs3/NTbBuvcGnxM/00001/real_video_fake_audio_p2.mp4,real_video_fake_audio_p2,00001,True
lrs3/OSGHRMKrVM8/00018/real_video_fake_audio_p2.mp4,real_video_fake_audio_p2,00018,True
lrs3/HrG8UZjL5E8/00004/fake_video_real_audio_p1.mp4,fake_video_real_audio_p1,00004,True
lrs3/ORzTct2yITk/00002/real_video_fake_audio_p3.mp4,real_video_fake_audio_p3,00002,True
lrs3/FvAl7Sjddok/00001/fake_video_real_audio_p3.mp4,fake_video_real_audio_p3,00001,True
lrs3/NcPusGLnqAc/00010/fake_video_fake_audio_p4.mp4,fake_video_fake_audio_p4,00010,True
lrs3/NhmybGS7FLA/00013/00013_p1.mp4,00013_p1,00013,True
lrs3/ORBf73HiJns/00024/fake_video_real_audio_p1.mp4,fake_video_real_audio_p1,00024,True
lrs3/ORBf73HiJns/00014/real_video_fake_audio_p4.mp4,real_video_fake_audio_p4,00014,True
lrs3/NTbBuvcGnxM/00004/real_video_fake_audio.mp4,real_video_fake_audio,00004,True
lrs3/NgbqXsA62Qs/00002/fake_video_real_audio.mp4,fake_video_real_audio,00002,True
lrs3/OSGHRMKrVM8/00019/real_video_fake_audio.mp4,real_video_fake_audio,00019,True
lrs3/NCPzjiSS2Oo/00001/fake_video_real_audio_p3.mp4,fake_video_real_audio_p3,00001,True
lrs3/ORBf73HiJns/00037/00037_p4.mp4,00037_p4,00037,True
lrs3/NcPusGLnqAc/00005/real_video_fake_audio_p1.mp4,real_video_fake_audio_p1,00005,True
lrs3/3LfVxGdczEA/00003/fake_video_real_audio_p1.mp4,fake_video_real_audio_p1,00003,True
lrs3/NU82HhqhEHM/00008/fake_video_fake_audio_p3.mp4,fake_video_fake_audio_p3,00008,True
lrs3/ONXYcNS7k1Y/00017/fake_video_real_audio_p4.mp4,fake_video_real_audio_p4,00017,True
lrs3/OT9poHSD2Iw/00014/00014_p2.mp4,00014_p2,00014,True
lrs3/86Hyq4bBpA0/00008/real.mp4,real,00008,True
lrs3/ExcDNly1DbI/00001/00001.mp4,00001,00001,True
lrs3/DkocjGrWwvc/00004/00004_p2.mp4,00004_p2,00004,True
lrs3/3LfVxGdczEA/00003/00003_p1.mp4,00003_p1,00003,True
lrs3/Nvw0reB1gpI/00002/00002_p2.mp4,00002_p2,00002,True
lrs3/86Hyq4bBpA0/00002/fake_video_fake_audio.mp4,fake_video_fake_audio,00002,True
lrs3/NcPusGLnqAc/00004/fake_video_fake_audio_p2.mp4,fake_video_fake_audio_p2,00004,True
lrs3/NTbBuvcGnxM/00018/fake_video_real_audio_p2.mp4,fake_video_real_audio_p2,00018,True
lrs3/9RMaD0Sk7hc/00001/00001_p1.mp4,00001_p1,00001,True
lrs3/OSGHRMKrVM8/00006/fake_video_fake_audio_p3.mp4,fake_video_fake_audio_p3,00006,True
lrs3/OSGHRMKrVM8/00007/real_video_fake_audio_p3.mp4,real_video_fake_audio_p3,00007,True
lrs3/NCPzjiSS2Oo/00002/fake_video_fake_audio_p3.mp4,fake_video_fake_audio_p3,00002,True
lrs3/NaoSp4NpkGg/00015/00015_p1.mp4,00015_p1,00015,True
lrs3/Nvw0reB1gpI/00008/real_video_fake_audio_p4.mp4,real_video_fake_audio_p4,00008,True
lrs3/ORBf73HiJns/00038/fake_video_real_audio_p3.mp4,fake_video_real_audio_p3,00038,True
lrs3/NgbqXsA62Qs/00002/fake_video_fake_audio_p2.mp4,fake_video_fake_audio_p2,00002,True
lrs3/OT9poHSD2Iw/00025/real_video_fake_audio_p1.mp4,real_video_fake_audio_p1,00025,True
lrs3/ONXYcNS7k1Y/00030/real_video_fake_audio_p3.mp4,real_video_fake_audio_p3,00030,True
lrs3/63tVsJI31Tk/00003/real_video_fake_audio_p2.mp4,real_video_fake_audio_p2,00003,True
lrs3/ONXYcNS7k1Y/00019/00019_p4.mp4,00019_p4,00019,True
lrs3/O6GimGZz6a8/00007/00007_p4.mp4,00007_p4,00007,True
lrs3/O2OQxHNVLNY/00009/fake_video_real_audio_p3.mp4,fake_video_real_audio_p3,00009,True
lrs3/63tVsJI31Tk/00005/real.mp4,real,00005,True
lrs3/MbhNaj88uL4/00002/real_video_fake_audio_p3.mp4,real_video_fake_audio_p3,00002,True
lrs3/NaoSp4NpkGg/00004/fake_video_fake_audio.mp4,fake_video_fake_audio,00004,True
lrs3/NVrpKRdtWwc/00001/fake_video_real_audio.mp4,fake_video_real_audio,00001,True
lrs3/ARWBdfWpDyc/00004/00004_p3.mp4,00004_p3,00004,True
lrs3/NhmybGS7FLA/00013/00013.mp4,00013,00013,True
lrs3/ORBf73HiJns/00038/fake_video_fake_audio_p2.mp4,fake_video_fake_audio_p2,00038,True
lrs3/O6GimGZz6a8/00016/00016_p2.mp4,00016_p2,00016,True
lrs3/O6GimGZz6a8/00001/00001_p1.mp4,00001_p1,00001,True
lrs3/NHopJHSlVo4/00004/fake_video_fake_audio_p4.mp4,fake_video_fake_audio_p4,00004,True
lrs3/0OkOQhXhsIE/00010/00010_p3.mp4,00010_p3,00010,True
lrs3/OKNpguWW3Sk/00008/real_video_fake_audio.mp4,real_video_fake_audio,00008,True
lrs3/NcPusGLnqAc/00009/real_video_fake_audio_p4.mp4,real_video_fake_audio_p4,00009,True
lrs3/NhmybGS7FLA/00003/real_video_fake_audio_p3.mp4,real_video_fake_audio_p3,00003,True
lrs3/OT9poHSD2Iw/00014/real_video_fake_audio_p1.mp4,real_video_fake_audio_p1,00014,True
lrs3/HrG8UZjL5E8/00004/fake_video_fake_audio_p1.mp4,fake_video_fake_audio_p1,00004,True
lrs3/CQ6by9cmt54/00003/00003_p4.mp4,00003_p4,00003,True
lrs3/8PQc3M2HQSs/00001/00001_p4.mp4,00001_p4,00001,True
lrs3/ExcDNly1DbI/00009/fake_video_real_audio.mp4,fake_video_real_audio,00009,True
lrs3/Nvw0reB1gpI/00009/fake_video_real_audio.mp4,fake_video_real_audio,00009,True
lrs3/D9Ihs241zeg/00001/00001_p1.mp4,00001_p1,00001,True
lrs3/OSz2v42F0E0/00031/00031.mp4,00031,00031,True
lrs3/C9CKRd2jScg/00001/00001_p3.mp4,00001_p3,00001,True
lrs3/Aoa20kFNYmY/00004/00004_p4.mp4,00004_p4,00004,True
lrs3/O6GimGZz6a8/00025/real_video_fake_audio.mp4,real_video_fake_audio,00025,True
lrs3/63tVsJI31Tk/00004/00004_p2.mp4,00004_p2,00004,True
lrs3/E66oIgegbv0/00005/00005_p2.mp4,00005_p2,00005,True
lrs3/NS4bBu9Jyho/00008/00008_p2.mp4,00008_p2,00008,True
lrs3/OT9poHSD2Iw/00004/00004_p4.mp4,00004_p4,00004,True
lrs3/ONXYcNS7k1Y/00021/fake_video_fake_audio_p2.mp4,fake_video_fake_audio_p2,00021,True
lrs3/O6GimGZz6a8/00006/fake_video_fake_audio_p3.mp4,fake_video_fake_audio_p3,00006,True
lrs3/D492MbAfBJc/00001/fake_video_real_audio_p1.mp4,fake_video_real_audio_p1,00001,True
lrs3/OSGHRMKrVM8/00035/fake_video_real_audio.mp4,fake_video_real_audio,00035,True
lrs3/86Hyq4bBpA0/00003/fake_video_fake_audio_p4.mp4,fake_video_fake_audio_p4,00003,True
lrs3/N37x4GgDVBM/00023/fake_video_real_audio_p1.mp4,fake_video_real_audio_p1,00023,True
lrs3/ORBf73HiJns/00009/00009_p4.mp4,00009_p4,00009,True
lrs3/NgbqXsA62Qs/00012/00012_p2.mp4,00012_p2,00012,True
lrs3/OSz2v42F0E0/00005/00005_p1.mp4,00005_p1,00005,True
lrs3/O6GimGZz6a8/00011/00011_p3.mp4,00011_p3,00011,True
lrs3/ARWBdfWpDyc/00004/fake_video_fake_audio_p3.mp4,fake_video_fake_audio_p3,00004,True
lrs3/OSGHRMKrVM8/00018/fake_video_fake_audio.mp4,fake_video_fake_audio,00018,True
lrs3/5nrn5fC001Q/00001/fake_video_real_audio_p1.mp4,fake_video_real_audio_p1,00001,True
lrs3/OSGHRMKrVM8/00036/fake_video_fake_audio.mp4,fake_video_fake_audio,00036,True
lrs3/O6GimGZz6a8/00014/fake_video_real_audio_p3.mp4,fake_video_real_audio_p3,00014,True
lrs3/0OkOQhXhsIE/00002/00002.mp4,00002,00002,True
lrs3/D492MbAfBJc/00001/fake_video_fake_audio_p4.mp4,fake_video_fake_audio_p4,00001,True
lrs3/LsSh5ZUfnz4/00002/fake_video_real_audio_p4.mp4,fake_video_real_audio_p4,00002,True
lrs3/O6GimGZz6a8/00027/00027_p2.mp4,00027_p2,00027,True
lrs3/OSGHRMKrVM8/00012/00012_p4.mp4,00012_p4,00012,True
lrs3/86Hyq4bBpA0/00007/real_video_fake_audio_p4.mp4,real_video_fake_audio_p4,00007,True
lrs3/8uOIa3AgSWY/00001/fake_video_real_audio_p4.mp4,fake_video_real_audio_p4,00001,True
lrs3/NPX5RwjNzl0/00005/fake_video_real_audio_p4.mp4,fake_video_real_audio_p4,00005,True
lrs3/GHcCs4TPvYA/00003/fake_video_fake_audio_p1.mp4,fake_video_fake_audio_p1,00003,True
lrs3/NPX5RwjNzl0/00006/real.mp4,real,00006,True
lrs3/NCPzjiSS2Oo/00002/real_video_fake_audio_p2.mp4,real_video_fake_audio_p2,00002,True
lrs3/NU82HhqhEHM/00008/real_video_fake_audio_p1.mp4,real_video_fake_audio_p1,00008,True
lrs3/NgbqXsA62Qs/00010/fake_video_real_audio_p4.mp4,fake_video_real_audio_p4,00010,True
lrs3/ORvwzoSf1Sc/00012/real_video_fake_audio_p1.mp4,real_video_fake_audio_p1,00012,True
lrs3/OSz2v42F0E0/00019/00019_p1.mp4,00019_p1,00019,True
lrs3/GYcP2BR8EtY/00003/real_video_fake_audio_p3.mp4,real_video_fake_audio_p3,00003,True
lrs3/NgbqXsA62Qs/00010/00010_p1.mp4,00010_p1,00010,True
lrs3/NRO0SJXuFMY/00013/fake_video_fake_audio_p1.mp4,fake_video_fake_audio_p1,00013,True
lrs3/OSz2v42F0E0/00026/00026.mp4,00026,00026,True
lrs3/NRO0SJXuFMY/00005/00005_p3.mp4,00005_p3,00005,True
lrs3/63tVsJI31Tk/00005/00005_p2.mp4,00005_p2,00005,True
lrs3/ORBf73HiJns/00035/real_video_fake_audio_p2.mp4,real_video_fake_audio_p2,00035,True
lrs3/Fb2J5eDoFko/00002/fake_video_real_audio_p2.mp4,fake_video_real_audio_p2,00002,True
lrs3/4xnVNvd8lBg/00003/00003_p2.mp4,00003_p2,00003,True
lrs3/HqawqHB7nDM/00016/real_video_fake_audio_p1.mp4,real_video_fake_audio_p1,00016,True
lrs3/ONXYcNS7k1Y/00017/00017_p1.mp4,00017_p1,00017,True
lrs3/NU82HhqhEHM/00008/00008_p4.mp4,00008_p4,00008,True
lrs3/OT9poHSD2Iw/00020/real_video_fake_audio_p4.mp4,real_video_fake_audio_p4,00020,True
lrs3/NhmybGS7FLA/00016/00016_p1.mp4,00016_p1,00016,True
lrs3/ORBf73HiJns/00030/real_video_fake_audio_p2.mp4,real_video_fake_audio_p2,00030,True
lrs3/ORBf73HiJns/00033/00033_p2.mp4,00033_p2,00033,True
lrs3/NaoSp4NpkGg/00007/00007_p3.mp4,00007_p3,00007,True
lrs3/O6jrLgvCUNs/00006/fake_video_fake_audio_p3.mp4,fake_video_fake_audio_p3,00006,True
lrs3/NU82HhqhEHM/00006/real_video_fake_audio_p4.mp4,real_video_fake_audio_p4,00006,True
lrs3/O6GimGZz6a8/00025/fake_video_real_audio.mp4,fake_video_real_audio,00025,True
lrs3/OSz2v42F0E0/00009/fake_video_real_audio.mp4,fake_video_real_audio,00009,True
lrs3/NHopJHSlVo4/00002/fake_video_fake_audio_p4.mp4,fake_video_fake_audio_p4,00002,True
lrs3/ExcDNly1DbI/00005/real.mp4,real,00005,True
lrs3/C9kPFCw2u3M/00002/fake_video_real_audio.mp4,fake_video_real_audio,00002,True
lrs3/OSz2v42F0E0/00018/fake_video_real_audio_p4.mp4,fake_video_real_audio_p4,00018,True
lrs3/OSGHRMKrVM8/00040/00040_p4.mp4,00040_p4,00040,True
lrs3/Fb2J5eDoFko/00003/fake_video_real_audio_p1.mp4,fake_video_real_audio_p1,00003,True
lrs3/NcPusGLnqAc/00004/real_video_fake_audio_p2.mp4,real_video_fake_audio_p2,00004,True
lrs3/5nrn5fC001Q/00002/fake_video_real_audio_p2.mp4,fake_video_real_audio_p2,00002,True
lrs3/NcPusGLnqAc/00007/fake_video_real_audio_p1.mp4,fake_video_real_audio_p1,00007,True
lrs3/GHcCs4TPvYA/00003/real_video_fake_audio.mp4,real_video_fake_audio,00003,True
lrs3/FgSJcKSHUtQ/00006/fake_video_fake_audio_p1.mp4,fake_video_fake_audio_p1,00006,True
lrs3/OT9poHSD2Iw/00021/00021_p2.mp4,00021_p2,00021,True
lrs3/OSGHRMKrVM8/00041/fake_video_fake_audio_p1.mp4,fake_video_fake_audio_p1,00041,True
lrs3/NRO0SJXuFMY/00013/real_video_fake_audio_p1.mp4,real_video_fake_audio_p1,00013,True
lrs3/ORBf73HiJns/00006/real_video_fake_audio_p1.mp4,real_video_fake_audio_p1,00006,True
lrs3/O4bGOvkkHcM/00003/real_video_fake_audio_p3.mp4,real_video_fake_audio_p3,00003,True
lrs3/ORBf73HiJns/00039/fake_video_real_audio.mp4,fake_video_real_audio,00039,True
lrs3/OT9poHSD2Iw/00003/fake_video_fake_audio_p4.mp4,fake_video_fake_audio_p4,00003,True
lrs3/OT9poHSD2Iw/00023/00023_p4.mp4,00023_p4,00023,True
lrs3/Fb2J5eDoFko/00001/fake_video_fake_audio_p1.mp4,fake_video_fake_audio_p1,00001,True
lrs3/12ud0nSTvro/00015/00015.mp4,00015,00015,True
lrs3/ONXYcNS7k1Y/00021/real_video_fake_audio_p3.mp4,real_video_fake_audio_p3,00021,True
lrs3/NPX5RwjNzl0/00004/fake_video_fake_audio.mp4,fake_video_fake_audio,00004,True
lrs3/ORBf73HiJns/00029/00029_p2.mp4,00029_p2,00029,True
lrs3/OSGHRMKrVM8/00042/fake_video_fake_audio_p3.mp4,fake_video_fake_audio_p3,00042,True
lrs3/ONXYcNS7k1Y/00017/fake_video_fake_audio_p2.mp4,fake_video_fake_audio_p2,00017,True
lrs3/NaoSp4NpkGg/00003/fake_video_real_audio_p2.mp4,fake_video_real_audio_p2,00003,True
lrs3/63tVsJI31Tk/00001/00001.mp4,00001,00001,True
lrs3/HqawqHB7nDM/00016/fake_video_real_audio_p2.mp4,fake_video_real_audio_p2,00016,True
lrs3/NhmybGS7FLA/00012/00012_p2.mp4,00012_p2,00012,True
lrs3/GYcP2BR8EtY/00004/fake_video_real_audio_p2.mp4,fake_video_real_audio_p2,00004,True
lrs3/NVrpKRdtWwc/00001/real_video_fake_audio_p4.mp4,real_video_fake_audio_p4,00001,True
lrs3/NhmybGS7FLA/00004/00004_p3.mp4,00004_p3,00004,True
lrs3/OSz2v42F0E0/00005/real_video_fake_audio_p3.mp4,real_video_fake_audio_p3,00005,True
lrs3/KU0zEEDRKXo/00005/fake_video_real_audio_p3.mp4,fake_video_real_audio_p3,00005,True
lrs3/Fb2J5eDoFko/00005/00005_p4.mp4,00005_p4,00005,True
lrs3/OSGHRMKrVM8/00040/real_video_fake_audio_p2.mp4,real_video_fake_audio_p2,00040,True
lrs3/Nvw0reB1gpI/00005/real_video_fake_audio.mp4,real_video_fake_audio,00005,True
lrs3/OSGHRMKrVM8/00040/real_video_fake_audio.mp4,real_video_fake_audio,00040,True
lrs3/ExcDNly1DbI/00003/fake_video_fake_audio_p2.mp4,fake_video_fake_audio_p2,00003,True
lrs3/NhmybGS7FLA/00011/00011_p1.mp4,00011_p1,00011,True
lrs3/GHcCs4TPvYA/00003/fake_video_real_audio_p2.mp4,fake_video_real_audio_p2,00003,True
lrs3/NgbqXsA62Qs/00020/real_video_fake_audio.mp4,real_video_fake_audio,00020,True
lrs3/O4bGOvkkHcM/00005/00005_p3.mp4,00005_p3,00005,True
lrs3/MkRJG510CKo/00001/real_video_fake_audio_p4.mp4,real_video_fake_audio_p4,00001,True
lrs3/NgbqXsA62Qs/00004/00004_p2.mp4,00004_p2,00004,True
lrs3/NVrpKRdtWwc/00010/00010_p3.mp4,00010_p3,00010,True
lrs3/NCPzjiSS2Oo/00002/fake_video_fake_audio.mp4,fake_video_fake_audio,00002,True
lrs3/C9kPFCw2u3M/00002/fake_video_fake_audio_p4.mp4,fake_video_fake_audio_p4,00002,True
lrs3/OSz2v42F0E0/00018/fake_video_fake_audio_p4.mp4,fake_video_fake_audio_p4,00018,True
lrs3/7SvPhw9hAHs/00001/fake_video_real_audio.mp4,fake_video_real_audio,00001,True
lrs3/D9Ihs241zeg/00018/00018_p2.mp4,00018_p2,00018,True
lrs3/NgbqXsA62Qs/00022/00022_p3.mp4,00022_p3,00022,True
lrs3/OSz2v42F0E0/00027/real_video_fake_audio.mp4,real_video_fake_audio,00027,True
lrs3/NRO0SJXuFMY/00013/fake_video_fake_audio.mp4,fake_video_fake_audio,00013,True
lrs3/63tVsJI31Tk/00006/00006.mp4,00006,00006,True
lrs3/C9kPFCw2u3M/00002/00002_p4.mp4,00002_p4,00002,True
lrs3/4xnVNvd8lBg/00002/fake_video_fake_audio_p1.mp4,fake_video_fake_audio_p1,00002,True
lrs3/8uOIa3AgSWY/00001/00001_p4.mp4,00001_p4,00001,True
lrs3/J5jwEyDaRS0/00004/real_video_fake_audio_p3.mp4,real_video_fake_audio_p3,00004,True
lrs3/OSz2v42F0E0/00001/00001_p3.mp4,00001_p3,00001,True
lrs3/OT9poHSD2Iw/00003/fake_video_real_audio_p4.mp4,fake_video_real_audio_p4,00003,True
lrs3/64fDIZiVSSM/00006/fake_video_fake_audio_p3.mp4,fake_video_fake_audio_p3,00006,True
lrs3/OSGHRMKrVM8/00019/fake_video_fake_audio_p3.mp4,fake_video_fake_audio_p3,00019,True
lrs3/ORBf73HiJns/00043/fake_video_fake_audio_p4.mp4,fake_video_fake_audio_p4,00043,True
lrs3/OSz2v42F0E0/00005/real_video_fake_audio_p1.mp4,real_video_fake_audio_p1,00005,True
lrs3/ORBf73HiJns/00006/real_video_fake_audio_p3.mp4,real_video_fake_audio_p3,00006,True
lrs3/4xnVNvd8lBg/00002/real_video_fake_audio_p4.mp4,real_video_fake_audio_p4,00002,True
lrs3/D9Ihs241zeg/00002/fake_video_fake_audio_p4.mp4,fake_video_fake_audio_p4,00002,True
lrs3/63tVsJI31Tk/00004/fake_video_real_audio_p2.mp4,fake_video_real_audio_p2,00004,True
lrs3/O6GimGZz6a8/00021/00021_p4.mp4,00021_p4,00021,True
lrs3/NaoSp4NpkGg/00015/real_video_fake_audio_p4.mp4,real_video_fake_audio_p4,00015,True
lrs3/OSz2v42F0E0/00025/real_video_fake_audio_p3.mp4,real_video_fake_audio_p3,00025,True
lrs3/O6cmKeRV3Z0/00004/00004_p2.mp4,00004_p2,00004,True
lrs3/OSz2v42F0E0/00029/00029_p3.mp4,00029_p3,00029,True
lrs3/NVrpKRdtWwc/00011/real_video_fake_audio_p3.mp4,real_video_fake_audio_p3,00011,True
lrs3/NPX5RwjNzl0/00005/00005_p4.mp4,00005_p4,00005,True
lrs3/NgbqXsA62Qs/00016/00016_p3.mp4,00016_p3,00016,True
lrs3/HqawqHB7nDM/00018/00018_p4.mp4,00018_p4,00018,True
lrs3/8PQc3M2HQSs/00002/fake_video_real_audio_p1.mp4,fake_video_real_audio_p1,00002,True
lrs3/NVrpKRdtWwc/00001/fake_video_real_audio_p4.mp4,fake_video_real_audio_p4,00001,True
lrs3/O6GimGZz6a8/00012/fake_video_real_audio_p3.mp4,fake_video_real_audio_p3,00012,True
lrs3/O6jrLgvCUNs/00015/fake_video_real_audio.mp4,fake_video_real_audio,00015,True
lrs3/ORBf73HiJns/00019/fake_video_real_audio_p3.mp4,fake_video_real_audio_p3,00019,True
lrs3/NPX5RwjNzl0/00006/fake_video_real_audio_p3.mp4,fake_video_real_audio_p3,00006,True
lrs3/O6GimGZz6a8/00009/00009.mp4,00009,00009,True
lrs3/D492MbAfBJc/00001/real.mp4,real,00001,True
lrs3/OSGHRMKrVM8/00019/fake_video_real_audio_p3.mp4,fake_video_real_audio_p3,00019,True
lrs3/NhmybGS7FLA/00014/00014_p1.mp4,00014_p1,00014,True
lrs3/Aoa20kFNYmY/00008/00008_p3.mp4,00008_p3,00008,True
lrs3/CyKmpyYy14k/00001/00001_p3.mp4,00001_p3,00001,True
lrs3/ONXYcNS7k1Y/00017/fake_video_real_audio.mp4,fake_video_real_audio,00017,True
lrs3/OSGHRMKrVM8/00006/fake_video_real_audio_p1.mp4,fake_video_real_audio_p1,00006,True
lrs3/NRO0SJXuFMY/00007/fake_video_fake_audio_p2.mp4,fake_video_fake_audio_p2,00007,True
lrs3/ORBf73HiJns/00004/00004_p2.mp4,00004_p2,00004,True
lrs3/8PQc3M2HQSs/00002/00002.mp4,00002,00002,True
lrs3/LsSh5ZUfnz4/00002/fake_video_fake_audio_p2.mp4,fake_video_fake_audio_p2,00002,True
lrs3/ORBf73HiJns/00031/00031_p3.mp4,00031_p3,00031,True
lrs3/3LfVxGdczEA/00003/real_video_fake_audio_p4.mp4,real_video_fake_audio_p4,00003,True
lrs3/OSGHRMKrVM8/00034/fake_video_real_audio_p3.mp4,fake_video_real_audio_p3,00034,True
lrs3/N37x4GgDVBM/00023/fake_video_fake_audio_p3.mp4,fake_video_fake_audio_p3,00023,True
lrs3/ONXYcNS7k1Y/00024/fake_video_real_audio_p1.mp4,fake_video_real_audio_p1,00024,True
lrs3/NgbqXsA62Qs/00009/fake_video_real_audio_p4.mp4,fake_video_real_audio_p4,00009,True
lrs3/O2OQxHNVLNY/00006/00006_p4.mp4,00006_p4,00006,True
lrs3/O6GimGZz6a8/00006/00006_p1.mp4,00006_p1,00006,True
lrs3/HqawqHB7nDM/00022/fake_video_fake_audio_p1.mp4,fake_video_fake_audio_p1,00022,True
lrs3/53P0aypkpXY/00003/fake_video_fake_audio_p4.mp4,fake_video_fake_audio_p4,00003,True
lrs3/NgbqXsA62Qs/00010/fake_video_real_audio_p1.mp4,fake_video_real_audio_p1,00010,True
lrs3/NS4bBu9Jyho/00008/fake_video_fake_audio_p4.mp4,fake_video_fake_audio_p4,00008,True
lrs3/9yEl0SbCA9M/00016/00016_p4.mp4,00016_p4,00016,True
lrs3/NS4bBu9Jyho/00010/00010_p4.mp4,00010_p4,00010,True
lrs3/ONXYcNS7k1Y/00021/real_video_fake_audio_p2.mp4,real_video_fake_audio_p2,00021,True
lrs3/ORBf73HiJns/00038/fake_video_real_audio_p4.mp4,fake_video_real_audio_p4,00038,True
lrs3/NaoSp4NpkGg/00012/00012_p2.mp4,00012_p2,00012,True
lrs3/ORBf73HiJns/00039/real_video_fake_audio.mp4,real_video_fake_audio,00039,True
lrs3/O6GimGZz6a8/00014/fake_video_fake_audio_p1.mp4,fake_video_fake_audio_p1,00014,True
lrs3/ORzTct2yITk/00002/real_video_fake_audio_p2.mp4,real_video_fake_audio_p2,00002,True
lrs3/ONXYcNS7k1Y/00029/fake_video_real_audio_p4.mp4,fake_video_real_audio_p4,00029,True
lrs3/OSz2v42F0E0/00004/fake_video_fake_audio_p4.mp4,fake_video_fake_audio_p4,00004,True
lrs3/D492MbAfBJc/00001/real_video_fake_audio_p3.mp4,real_video_fake_audio_p3,00001,True
lrs3/D9Ihs241zeg/00001/real_video_fake_audio_p3.mp4,real_video_fake_audio_p3,00001,True
lrs3/Aoa20kFNYmY/00004/00004.mp4,00004,00004,True
lrs3/3LfVxGdczEA/00004/00004_p4.mp4,00004_p4,00004,True
lrs3/84QouBqCIWg/00005/fake_video_real_audio_p3.mp4,fake_video_real_audio_p3,00005,True
lrs3/OSGHRMKrVM8/00018/real_video_fake_audio_p3.mp4,real_video_fake_audio_p3,00018,True
lrs3/0OkOQhXhsIE/00009/fake_video_fake_audio_p2.mp4,fake_video_fake_audio_p2,00009,True
lrs3/ORvwzoSf1Sc/00006/real_video_fake_audio_p2.mp4,real_video_fake_audio_p2,00006,True
lrs3/OSGHRMKrVM8/00019/fake_video_fake_audio_p1.mp4,fake_video_fake_audio_p1,00019,True
lrs3/OSGHRMKrVM8/00001/fake_video_real_audio_p1.mp4,fake_video_real_audio_p1,00001,True
lrs3/NVrpKRdtWwc/00001/real_video_fake_audio_p3.mp4,real_video_fake_audio_p3,00001,True
lrs3/C9kPFCw2u3M/00003/fake_video_real_audio_p2.mp4,fake_video_real_audio_p2,00003,True
lrs3/NRO0SJXuFMY/00001/fake_video_real_audio_p1.mp4,fake_video_real_audio_p1,00001,True
lrs3/NHopJHSlVo4/00002/00002_p4.mp4,00002_p4,00002,True
lrs3/4xnVNvd8lBg/00006/00006_p2.mp4,00006_p2,00006,True
lrs3/ONXYcNS7k1Y/00025/fake_video_real_audio_p2.mp4,fake_video_real_audio_p2,00025,True
lrs3/OSGHRMKrVM8/00029/fake_video_real_audio_p2.mp4,fake_video_real_audio_p2,00029,True
lrs3/CBphxhTY8mc/00001/fake_video_real_audio.mp4,fake_video_real_audio,00001,True
lrs3/OSGHRMKrVM8/00001/real_video_fake_audio_p2.mp4,real_video_fake_audio_p2,00001,True
lrs3/5nrn5fC001Q/00002/real_video_fake_audio.mp4,real_video_fake_audio,00002,True
lrs3/Nvw0reB1gpI/00001/00001.mp4,00001,00001,True
lrs3/ORBf73HiJns/00026/fake_video_fake_audio_p2.mp4,fake_video_fake_audio_p2,00026,True
lrs3/ONXYcNS7k1Y/00017/real_video_fake_audio_p1.mp4,real_video_fake_audio_p1,00017,True
lrs3/1Hok1iGFNSk/00004/00004_p3.mp4,00004_p3,00004,True
lrs3/ORBf73HiJns/00037/00037_p1.mp4,00037_p1,00037,True
lrs3/NcPusGLnqAc/00010/00010_p1.mp4,00010_p1,00010,True
lrs3/OSGHRMKrVM8/00028/fake_video_real_audio.mp4,fake_video_real_audio,00028,True
lrs3/J5jwEyDaRS0/00005/00005.mp4,00005,00005,True
lrs3/ONXYcNS7k1Y/00025/00025_p2.mp4,00025_p2,00025,True
lrs3/ORvwzoSf1Sc/00012/fake_video_fake_audio_p4.mp4,fake_video_fake_audio_p4,00012,True
lrs3/NRO0SJXuFMY/00007/fake_video_fake_audio_p4.mp4,fake_video_fake_audio_p4,00007,True
lrs3/ONXYcNS7k1Y/00018/real_video_fake_audio_p1.mp4,real_video_fake_audio_p1,00018,True
lrs3/MkRJG510CKo/00002/real.mp4,real,00002,True
lrs3/2YPHJdq5QWM/00003/fake_video_fake_audio.mp4,fake_video_fake_audio,00003,True
lrs3/OSz2v42F0E0/00022/00022.mp4,00022,00022,True
lrs3/ONXYcNS7k1Y/00030/real_video_fake_audio.mp4,real_video_fake_audio,00030,True
lrs3/NU82HhqhEHM/00002/fake_video_fake_audio_p3.mp4,fake_video_fake_audio_p3,00002,True
lrs3/NgbqXsA62Qs/00013/00013_p2.mp4,00013_p2,00013,True
lrs3/NgbqXsA62Qs/00009/00009_p3.mp4,00009_p3,00009,True
lrs3/NRO0SJXuFMY/00007/fake_video_fake_audio_p3.mp4,fake_video_fake_audio_p3,00007,True
lrs3/GYcP2BR8EtY/00004/00004_p4.mp4,00004_p4,00004,True
lrs3/86Hyq4bBpA0/00003/fake_video_real_audio.mp4,fake_video_real_audio,00003,True
lrs3/O6GimGZz6a8/00022/fake_video_fake_audio_p4.mp4,fake_video_fake_audio_p4,00022,True
lrs3/ONXYcNS7k1Y/00014/fake_video_fake_audio_p4.mp4,fake_video_fake_audio_p4,00014,True
lrs3/ORzTct2yITk/00002/00002_p3.mp4,00002_p3,00002,True
lrs3/MkRJG510CKo/00004/fake_video_fake_audio_p3.mp4,fake_video_fake_audio_p3,00004,True
lrs3/NS4bBu9Jyho/00007/fake_video_fake_audio_p3.mp4,fake_video_fake_audio_p3,00007,True
lrs3/ORBf73HiJns/00006/00006_p4.mp4,00006_p4,00006,True
lrs3/Nvw0reB1gpI/00005/fake_video_fake_audio.mp4,fake_video_fake_audio,00005,True
lrs3/0YNeyBANrTI/00004/00004.mp4,00004,00004,True
lrs3/NbpSibMSEiE/00008/fake_video_real_audio_p4.mp4,fake_video_real_audio_p4,00008,True
lrs3/ORBf73HiJns/00036/00036_p4.mp4,00036_p4,00036,True
lrs3/FgSJcKSHUtQ/00006/real_video_fake_audio_p3.mp4,real_video_fake_audio_p3,00006,True
lrs3/LlJJRGPfqwA/00001/00001_p4.mp4,00001_p4,00001,True
lrs3/BdHKSr9RXTc/00001/00001_p3.mp4,00001_p3,00001,True
lrs3/OVSNSeFTaso/00002/fake_video_real_audio_p2.mp4,fake_video_real_audio_p2,00002,True
lrs3/0OkOQhXhsIE/00005/fake_video_real_audio.mp4,fake_video_real_audio,00005,True
lrs3/5nrn5fC001Q/00002/fake_video_fake_audio_p2.mp4,fake_video_fake_audio_p2,00002,True
lrs3/9RMaD0Sk7hc/00001/00001_p3.mp4,00001_p3,00001,True
lrs3/LsSh5ZUfnz4/00002/fake_video_real_audio_p3.mp4,fake_video_real_audio_p3,00002,True
lrs3/OSz2v42F0E0/00015/real_video_fake_audio_p2.mp4,real_video_fake_audio_p2,00015,True
lrs3/0OkOQhXhsIE/00001/00001_p3.mp4,00001_p3,00001,True
lrs3/Nvw0reB1gpI/00008/fake_video_real_audio_p1.mp4,fake_video_real_audio_p1,00008,True
lrs3/F8pUtbSgrxc/00028/00028.mp4,00028,00028,True
lrs3/NS4bBu9Jyho/00007/fake_video_real_audio.mp4,fake_video_real_audio,00007,True
lrs3/4xnVNvd8lBg/00006/fake_video_real_audio.mp4,fake_video_real_audio,00006,True
lrs3/ORBf73HiJns/00006/fake_video_fake_audio_p4.mp4,fake_video_fake_audio_p4,00006,True
lrs3/BdHKSr9RXTc/00001/00001_p4.mp4,00001_p4,00001,True
lrs3/BdHKSr9RXTc/00001/00001_p1.mp4,00001_p1,00001,True
lrs3/NcPusGLnqAc/00011/fake_video_fake_audio_p3.mp4,fake_video_fake_audio_p3,00011,True
lrs3/ARWBdfWpDyc/00013/00013.mp4,00013,00013,True
lrs3/ORBf73HiJns/00034/fake_video_fake_audio_p2.mp4,fake_video_fake_audio_p2,00034,True
lrs3/NgbqXsA62Qs/00007/fake_video_real_audio_p1.mp4,fake_video_real_audio_p1,00007,True
lrs3/Nvw0reB1gpI/00008/fake_video_fake_audio_p4.mp4,fake_video_fake_audio_p4,00008,True
lrs3/9RMaD0Sk7hc/00003/fake_video_fake_audio.mp4,fake_video_fake_audio,00003,True
lrs3/KjKBOo5tFX8/00005/00005.mp4,00005,00005,True
lrs3/NaoSp4NpkGg/00016/fake_video_fake_audio_p2.mp4,fake_video_fake_audio_p2,00016,True
lrs3/D9Ihs241zeg/00001/fake_video_fake_audio.mp4,fake_video_fake_audio,00001,True
lrs3/63tVsJI31Tk/00003/00003_p3.mp4,00003_p3,00003,True
lrs3/ORBf73HiJns/00023/fake_video_fake_audio_p4.mp4,fake_video_fake_audio_p4,00023,True
lrs3/5nrn5fC001Q/00004/00004.mp4,00004,00004,True
lrs3/O6GimGZz6a8/00022/real_video_fake_audio_p2.mp4,real_video_fake_audio_p2,00022,True
lrs3/1fTJSjszTac/00001/00001_p1.mp4,00001_p1,00001,True
lrs3/NaoSp4NpkGg/00012/00012_p4.mp4,00012_p4,00012,True
lrs3/O6GimGZz6a8/00003/real.mp4,real,00003,True
lrs3/NVrpKRdtWwc/00007/fake_video_fake_audio_p4.mp4,fake_video_fake_audio_p4,00007,True
lrs3/O6GimGZz6a8/00010/real_video_fake_audio_p1.mp4,real_video_fake_audio_p1,00010,True
lrs3/ORBf73HiJns/00023/00023_p4.mp4,00023_p4,00023,True
lrs3/ONXYcNS7k1Y/00032/00032_p1.mp4,00032_p1,00032,True
lrs3/ORvwzoSf1Sc/00008/fake_video_real_audio_p4.mp4,fake_video_real_audio_p4,00008,True
lrs3/86Hyq4bBpA0/00003/real.mp4,real,00003,True
lrs3/O6GimGZz6a8/00003/00003_p1.mp4,00003_p1,00003,True
lrs3/GYcP2BR8EtY/00003/fake_video_real_audio_p4.mp4,fake_video_real_audio_p4,00003,True
lrs3/Nvw0reB1gpI/00002/fake_video_fake_audio_p3.mp4,fake_video_fake_audio_p3,00002,True
lrs3/GkRn9Lp16UI/00008/00008_p4.mp4,00008_p4,00008,True
lrs3/NVrpKRdtWwc/00001/real_video_fake_audio_p1.mp4,real_video_fake_audio_p1,00001,True
lrs3/53P0aypkpXY/00007/00007_p4.mp4,00007_p4,00007,True
lrs3/OSGHRMKrVM8/00002/real_video_fake_audio_p4.mp4,real_video_fake_audio_p4,00002,True
lrs3/DkocjGrWwvc/00003/fake_video_fake_audio.mp4,fake_video_fake_audio,00003,True
lrs3/OT9poHSD2Iw/00014/real.mp4,real,00014,True
lrs3/ONXYcNS7k1Y/00029/00029_p4.mp4,00029_p4,00029,True
lrs3/63tVsJI31Tk/00004/fake_video_real_audio_p4.mp4,fake_video_real_audio_p4,00004,True
lrs3/ORvwzoSf1Sc/00007/00007_p1.mp4,00007_p1,00007,True
lrs3/O6GimGZz6a8/00012/fake_video_fake_audio_p1.mp4,fake_video_fake_audio_p1,00012,True
lrs3/NTbBuvcGnxM/00018/fake_video_fake_audio_p3.mp4,fake_video_fake_audio_p3,00018,True
lrs3/O4bGOvkkHcM/00006/fake_video_fake_audio_p2.mp4,fake_video_fake_audio_p2,00006,True
lrs3/OSGHRMKrVM8/00004/fake_video_real_audio_p1.mp4,fake_video_real_audio_p1,00004,True
lrs3/NU82HhqhEHM/00006/real.mp4,real,00006,True
lrs3/JnfBXjWm7hc/00002/00002.mp4,00002,00002,True
lrs3/0OkOQhXhsIE/00005/fake_video_fake_audio_p4.mp4,fake_video_fake_audio_p4,00005,True
lrs3/OSGHRMKrVM8/00040/real_video_fake_audio_p3.mp4,real_video_fake_audio_p3,00040,True
lrs3/OT9poHSD2Iw/00015/fake_video_real_audio_p1.mp4,fake_video_real_audio_p1,00015,True
lrs3/OSz2v42F0E0/00014/real_video_fake_audio_p3.mp4,real_video_fake_audio_p3,00014,True
lrs3/Nvw0reB1gpI/00002/fake_video_fake_audio.mp4,fake_video_fake_audio,00002,True
lrs3/OSz2v42F0E0/00015/real_video_fake_audio_p4.mp4,real_video_fake_audio_p4,00015,True
lrs3/2iIIDwSJhAg/00001/fake_video_fake_audio_p2.mp4,fake_video_fake_audio_p2,00001,True
lrs3/OSz2v42F0E0/00005/real_video_fake_audio_p4.mp4,real_video_fake_audio_p4,00005,True
lrs3/0OkOQhXhsIE/00005/00005_p2.mp4,00005_p2,00005,True
lrs3/O2OQxHNVLNY/00011/fake_video_real_audio_p2.mp4,fake_video_real_audio_p2,00011,True
lrs3/CBphxhTY8mc/00001/real.mp4,real,00001,True
lrs3/OSGHRMKrVM8/00010/real.mp4,real,00010,True
lrs3/ORBf73HiJns/00035/real_video_fake_audio_p4.mp4,real_video_fake_audio_p4,00035,True
lrs3/Myp1sZBxTR8/00005/real_video_fake_audio_p2.mp4,real_video_fake_audio_p2,00005,True
lrs3/O6GimGZz6a8/00010/fake_video_fake_audio.mp4,fake_video_fake_audio,00010,True
lrs3/O4bGOvkkHcM/00006/00006_p3.mp4,00006_p3,00006,True
lrs3/O2OQxHNVLNY/00009/real.mp4,real,00009,True
lrs3/NHopJHSlVo4/00002/fake_video_fake_audio_p3.mp4,fake_video_fake_audio_p3,00002,True
lrs3/O6jrLgvCUNs/00006/fake_video_real_audio_p3.mp4,fake_video_real_audio_p3,00006,True
lrs3/OT9poHSD2Iw/00023/00023_p3.mp4,00023_p3,00023,True
lrs3/ORBf73HiJns/00022/00022_p4.mp4,00022_p4,00022,True
lrs3/ORBf73HiJns/00024/real_video_fake_audio_p4.mp4,real_video_fake_audio_p4,00024,True
lrs3/ORBf73HiJns/00026/fake_video_real_audio_p2.mp4,fake_video_real_audio_p2,00026,True
lrs3/OSGHRMKrVM8/00011/fake_video_real_audio_p1.mp4,fake_video_real_audio_p1,00011,True
lrs3/ARWBdfWpDyc/00004/real_video_fake_audio_p3.mp4,real_video_fake_audio_p3,00004,True
lrs3/CyKmpyYy14k/00004/00004.mp4,00004,00004,True
lrs3/ONXYcNS7k1Y/00026/fake_video_fake_audio.mp4,fake_video_fake_audio,00026,True
lrs3/OSz2v42F0E0/00012/fake_video_fake_audio_p4.mp4,fake_video_fake_audio_p4,00012,True
lrs3/0YNeyBANrTI/00002/00002.mp4,00002,00002,True
lrs3/OT9poHSD2Iw/00005/real_video_fake_audio_p4.mp4,real_video_fake_audio_p4,00005,True
lrs3/63tVsJI31Tk/00004/real_video_fake_audio_p1.mp4,real_video_fake_audio_p1,00004,True
lrs3/0N1oA9LUEc4/00008/00008.mp4,00008,00008,True
lrs3/OKNpguWW3Sk/00001/00001_p4.mp4,00001_p4,00001,True
lrs3/5nrn5fC001Q/00012/00012_p1.mp4,00012_p1,00012,True
lrs3/CQ6by9cmt54/00009/fake_video_real_audio.mp4,fake_video_real_audio,00009,True
lrs3/NVrpKRdtWwc/00007/fake_video_fake_audio_p3.mp4,fake_video_fake_audio_p3,00007,True
lrs3/ORBf73HiJns/00001/fake_video_fake_audio_p3.mp4,fake_video_fake_audio_p3,00001,True
lrs3/O6cmKeRV3Z0/00011/00011_p1.mp4,00011_p1,00011,True
lrs3/Aoa20kFNYmY/00007/00007.mp4,00007,00007,True
lrs3/O6GimGZz6a8/00010/real_video_fake_audio.mp4,real_video_fake_audio,00010,True
lrs3/NS4bBu9Jyho/00010/real_video_fake_audio_p1.mp4,real_video_fake_audio_p1,00010,True
lrs3/OT9poHSD2Iw/00010/00010_p2.mp4,00010_p2,00010,True
lrs3/OT9poHSD2Iw/00025/fake_video_real_audio_p4.mp4,fake_video_real_audio_p4,00025,True
lrs3/Nvw0reB1gpI/00011/fake_video_fake_audio_p1.mp4,fake_video_fake_audio_p1,00011,True
lrs3/ORBf73HiJns/00036/real_video_fake_audio.mp4,real_video_fake_audio,00036,True
lrs3/OSz2v42F0E0/00005/00005_p4.mp4,00005_p4,00005,True
lrs3/4xnVNvd8lBg/00006/real_video_fake_audio_p3.mp4,real_video_fake_audio_p3,00006,True
lrs3/OSGHRMKrVM8/00002/fake_video_real_audio_p3.mp4,fake_video_real_audio_p3,00002,True
lrs3/NS4bBu9Jyho/00008/real_video_fake_audio_p3.mp4,real_video_fake_audio_p3,00008,True
lrs3/NS4bBu9Jyho/00007/00007_p2.mp4,00007_p2,00007,True
lrs3/ONXYcNS7k1Y/00026/real.mp4,real,00026,True
lrs3/0YNeyBANrTI/00004/00004_p3.mp4,00004_p3,00004,True
lrs3/NcPusGLnqAc/00012/00012.mp4,00012,00012,True
lrs3/D492MbAfBJc/00001/00001_p1.mp4,00001_p1,00001,True
lrs3/O2OQxHNVLNY/00001/00001.mp4,00001,00001,True
lrs3/OT9poHSD2Iw/00019/00019_p1.mp4,00019_p1,00019,True
lrs3/JnfBXjWm7hc/00001/00001_p4.mp4,00001_p4,00001,True
lrs3/OSz2v42F0E0/00029/real_video_fake_audio.mp4,real_video_fake_audio,00029,True
lrs3/3LfVxGdczEA/00003/real_video_fake_audio_p2.mp4,real_video_fake_audio_p2,00003,True
lrs3/OSz2v42F0E0/00030/real_video_fake_audio_p2.mp4,real_video_fake_audio_p2,00030,True
lrs3/86Hyq4bBpA0/00007/fake_video_real_audio_p1.mp4,fake_video_real_audio_p1,00007,True
lrs3/8PQc3M2HQSs/00002/fake_video_fake_audio_p1.mp4,fake_video_fake_audio_p1,00002,True
lrs3/NS4bBu9Jyho/00010/00010_p3.mp4,00010_p3,00010,True
lrs3/MkRJG510CKo/00007/00007_p3.mp4,00007_p3,00007,True
lrs3/ONXYcNS7k1Y/00020/00020_p2.mp4,00020_p2,00020,True
lrs3/OT9poHSD2Iw/00025/fake_video_fake_audio_p4.mp4,fake_video_fake_audio_p4,00025,True
lrs3/ONXYcNS7k1Y/00021/fake_video_fake_audio_p4.mp4,fake_video_fake_audio_p4,00021,True
lrs3/Dceyy0cX6J4/00005/00005.mp4,00005,00005,True
lrs3/NgbqXsA62Qs/00020/fake_video_fake_audio_p1.mp4,fake_video_fake_audio_p1,00020,True
lrs3/OSGHRMKrVM8/00014/real_video_fake_audio_p4.mp4,real_video_fake_audio_p4,00014,True
lrs3/MkRJG510CKo/00005/real_video_fake_audio.mp4,real_video_fake_audio,00005,True
lrs3/O6GimGZz6a8/00023/fake_video_fake_audio_p2.mp4,fake_video_fake_audio_p2,00023,True
lrs3/NhmybGS7FLA/00002/00002.mp4,00002,00002,True
lrs3/3LfVxGdczEA/00004/00004_p3.mp4,00004_p3,00004,True
lrs3/OSGHRMKrVM8/00035/00035_p4.mp4,00035_p4,00035,True
lrs3/0OkOQhXhsIE/00009/real_video_fake_audio_p3.mp4,real_video_fake_audio_p3,00009,True
lrs3/NRO0SJXuFMY/00011/real_video_fake_audio.mp4,real_video_fake_audio,00011,True
lrs3/NgbqXsA62Qs/00018/fake_video_real_audio_p3.mp4,fake_video_real_audio_p3,00018,True
lrs3/64fDIZiVSSM/00004/00004_p1.mp4,00004_p1,00004,True
lrs3/NVrpKRdtWwc/00002/real.mp4,real,00002,True
lrs3/NHopJHSlVo4/00001/real_video_fake_audio_p3.mp4,real_video_fake_audio_p3,00001,True
lrs3/ONXYcNS7k1Y/00003/00003.mp4,00003,00003,True
lrs3/GHcCs4TPvYA/00005/00005_p4.mp4,00005_p4,00005,True
lrs3/J5jwEyDaRS0/00004/real_video_fake_audio_p2.mp4,real_video_fake_audio_p2,00004,True
lrs3/O6jrLgvCUNs/00015/fake_video_fake_audio_p4.mp4,fake_video_fake_audio_p4,00015,True
lrs3/5nrn5fC001Q/00006/00006_p1.mp4,00006_p1,00006,True
lrs3/Nvw0reB1gpI/00005/00005_p1.mp4,00005_p1,00005,True
lrs3/1Hok1iGFNSk/00003/00003_p4.mp4,00003_p4,00003,True
lrs3/ORBf73HiJns/00026/real_video_fake_audio_p1.mp4,real_video_fake_audio_p1,00026,True
lrs3/OT9poHSD2Iw/00012/00012_p1.mp4,00012_p1,00012,True
lrs3/ONXYcNS7k1Y/00031/fake_video_real_audio_p1.mp4,fake_video_real_audio_p1,00031,True
lrs3/86Hyq4bBpA0/00004/00004.mp4,00004,00004,True
lrs3/31ojbLK0vU4/00001/fake_video_real_audio_p1.mp4,fake_video_real_audio_p1,00001,True
lrs3/NgbqXsA62Qs/00008/fake_video_fake_audio_p1.mp4,fake_video_fake_audio_p1,00008,True
lrs3/OSGHRMKrVM8/00004/fake_video_fake_audio_p3.mp4,fake_video_fake_audio_p3,00004,True
lrs3/NI0yARyFoIM/00001/real_video_fake_audio_p1.mp4,real_video_fake_audio_p1,00001,True
lrs3/NhmybGS7FLA/00014/00014_p4.mp4,00014_p4,00014,True
lrs3/NcPusGLnqAc/00011/real_video_fake_audio_p2.mp4,real_video_fake_audio_p2,00011,True
lrs3/O6jrLgvCUNs/00006/fake_video_fake_audio_p4.mp4,fake_video_fake_audio_p4,00006,True
lrs3/ORvwzoSf1Sc/00003/real.mp4,real,00003,True
lrs3/8uOIa3AgSWY/00001/fake_video_real_audio_p2.mp4,fake_video_real_audio_p2,00001,True
lrs3/ORBf73HiJns/00017/00017_p4.mp4,00017_p4,00017,True
lrs3/C9CKRd2jScg/00001/00001_p2.mp4,00001_p2,00001,True
lrs3/D9Ihs241zeg/00002/fake_video_fake_audio.mp4,fake_video_fake_audio,00002,True
lrs3/OSz2v42F0E0/00030/00030_p1.mp4,00030_p1,00030,True
lrs3/53P0aypkpXY/00006/00006_p3.mp4,00006_p3,00006,True
lrs3/APgMXDjLcT4/00010/00010_p1.mp4,00010_p1,00010,True
lrs3/OSz2v42F0E0/00005/real_video_fake_audio.mp4,real_video_fake_audio,00005,True
lrs3/O6GimGZz6a8/00004/00004_p1.mp4,00004_p1,00004,True
lrs3/OSGHRMKrVM8/00042/fake_video_real_audio.mp4,fake_video_real_audio,00042,True
lrs3/ORBf73HiJns/00022/00022_p2.mp4,00022_p2,00022,True
lrs3/OSGHRMKrVM8/00034/real_video_fake_audio_p3.mp4,real_video_fake_audio_p3,00034,True
lrs3/Fb2J5eDoFko/00013/00013.mp4,00013,00013,True
lrs3/56XQd6fcWu8/00003/fake_video_real_audio_p1.mp4,fake_video_real_audio_p1,00003,True
lrs3/FvAl7Sjddok/00001/fake_video_real_audio.mp4,fake_video_real_audio,00001,True
lrs3/ORBf73HiJns/00032/real.mp4,real,00032,True
lrs3/OSz2v42F0E0/00025/real_video_fake_audio_p2.mp4,real_video_fake_audio_p2,00025,True
lrs3/ORBf73HiJns/00002/00002_p2.mp4,00002_p2,00002,True
lrs3/ORBf73HiJns/00029/real_video_fake_audio_p1.mp4,real_video_fake_audio_p1,00029,True
lrs3/6MgDcFlTgVM/00005/fake_video_real_audio_p3.mp4,fake_video_real_audio_p3,00005,True
lrs3/ORBf73HiJns/00043/fake_video_real_audio_p1.mp4,fake_video_real_audio_p1,00043,True
lrs3/OSz2v42F0E0/00022/00022_p3.mp4,00022_p3,00022,True
lrs3/J5jwEyDaRS0/00006/00006_p4.mp4,00006_p4,00006,True
lrs3/NaoSp4NpkGg/00004/00004_p3.mp4,00004_p3,00004,True
lrs3/OSz2v42F0E0/00020/00020_p2.mp4,00020_p2,00020,True
lrs3/OKNpguWW3Sk/00008/00008_p4.mp4,00008_p4,00008,True
lrs3/NVrpKRdtWwc/00007/fake_video_fake_audio_p1.mp4,fake_video_fake_audio_p1,00007,True
lrs3/ORBf73HiJns/00028/00028_p4.mp4,00028_p4,00028,True
lrs3/9RMaD0Sk7hc/00003/real_video_fake_audio.mp4,real_video_fake_audio,00003,True
lrs3/OT9poHSD2Iw/00023/real_video_fake_audio_p4.mp4,real_video_fake_audio_p4,00023,True
lrs3/NHopJHSlVo4/00002/fake_video_real_audio_p2.mp4,fake_video_real_audio_p2,00002,True
lrs3/5nrn5fC001Q/00003/00003_p4.mp4,00003_p4,00003,True
lrs3/ORBf73HiJns/00014/fake_video_real_audio.mp4,fake_video_real_audio,00014,True
lrs3/NgbqXsA62Qs/00018/fake_video_real_audio_p1.mp4,fake_video_real_audio_p1,00018,True
lrs3/OSz2v42F0E0/00008/00008_p2.mp4,00008_p2,00008,True
lrs3/ORBf73HiJns/00008/00008_p4.mp4,00008_p4,00008,True
lrs3/OT9poHSD2Iw/00011/fake_video_real_audio_p4.mp4,fake_video_real_audio_p4,00011,True
lrs3/MbhNaj88uL4/00002/fake_video_fake_audio_p2.mp4,fake_video_fake_audio_p2,00002,True
lrs3/NCPzjiSS2Oo/00002/fake_video_real_audio.mp4,fake_video_real_audio,00002,True
lrs3/ORvwzoSf1Sc/00008/fake_video_fake_audio.mp4,fake_video_fake_audio,00008,True
lrs3/BdHKSr9RXTc/00001/fake_video_fake_audio_p2.mp4,fake_video_fake_audio_p2,00001,True
lrs3/F8pUtbSgrxc/00014/fake_video_real_audio.mp4,fake_video_real_audio,00014,True
lrs3/OSGHRMKrVM8/00004/real.mp4,real,00004,True
lrs3/9yEl0SbCA9M/00005/00005.mp4,00005,00005,True
lrs3/ORBf73HiJns/00006/fake_video_fake_audio.mp4,fake_video_fake_audio,00006,True
lrs3/NCPzjiSS2Oo/00002/00002_p4.mp4,00002_p4,00002,True
lrs3/Nvw0reB1gpI/00005/fake_video_fake_audio_p4.mp4,fake_video_fake_audio_p4,00005,True
lrs3/OSz2v42F0E0/00024/00024_p2.mp4,00024_p2,00024,True
lrs3/84QouBqCIWg/00004/00004_p4.mp4,00004_p4,00004,True
lrs3/NTbBuvcGnxM/00003/00003_p2.mp4,00003_p2,00003,True
lrs3/OSz2v42F0E0/00001/00001_p1.mp4,00001_p1,00001,True
lrs3/ORBf73HiJns/00017/00017_p1.mp4,00017_p1,00017,True
lrs3/86Hyq4bBpA0/00003/real_video_fake_audio.mp4,real_video_fake_audio,00003,True
lrs3/ORBf73HiJns/00011/00011.mp4,00011,00011,True
lrs3/OT9poHSD2Iw/00015/real.mp4,real,00015,True
lrs3/ORBf73HiJns/00032/fake_video_fake_audio_p1.mp4,fake_video_fake_audio_p1,00032,True
lrs3/OSz2v42F0E0/00018/real_video_fake_audio_p2.mp4,real_video_fake_audio_p2,00018,True
lrs3/NU82HhqhEHM/00008/fake_video_real_audio_p1.mp4,fake_video_real_audio_p1,00008,True
lrs3/NgbqXsA62Qs/00022/00022_p2.mp4,00022_p2,00022,True
lrs3/ORBf73HiJns/00025/real.mp4,real,00025,True
lrs3/C9kPFCw2u3M/00003/fake_video_fake_audio_p2.mp4,fake_video_fake_audio_p2,00003,True
lrs3/ONXYcNS7k1Y/00022/00022.mp4,00022,00022,True
lrs3/ORBf73HiJns/00042/00042_p1.mp4,00042_p1,00042,True
lrs3/OSz2v42F0E0/00028/real_video_fake_audio_p1.mp4,real_video_fake_audio_p1,00028,True
lrs3/ORBf73HiJns/00029/fake_video_real_audio.mp4,fake_video_real_audio,00029,True
lrs3/CQ6by9cmt54/00009/real_video_fake_audio_p2.mp4,real_video_fake_audio_p2,00009,True
lrs3/O6jrLgvCUNs/00015/fake_video_fake_audio_p3.mp4,fake_video_fake_audio_p3,00015,True
lrs3/ONXYcNS7k1Y/00016/00016_p1.mp4,00016_p1,00016,True
lrs3/NRO0SJXuFMY/00011/00011_p2.mp4,00011_p2,00011,True
lrs3/OSz2v42F0E0/00008/00008.mp4,00008,00008,True
lrs3/NS4bBu9Jyho/00004/fake_video_fake_audio_p3.mp4,fake_video_fake_audio_p3,00004,True
lrs3/NVrpKRdtWwc/00010/real.mp4,real,00010,True
lrs3/0OkOQhXhsIE/00010/real.mp4,real,00010,True
lrs3/NS4bBu9Jyho/00004/real_video_fake_audio.mp4,real_video_fake_audio,00004,True
lrs3/ARWBdfWpDyc/00006/00006_p2.mp4,00006_p2,00006,True
lrs3/O6GimGZz6a8/00001/00001.mp4,00001,00001,True
lrs3/LnnyuVG0krs/00003/00003_p2.mp4,00003_p2,00003,True
lrs3/D9Ihs241zeg/00001/fake_video_real_audio_p4.mp4,fake_video_real_audio_p4,00001,True
lrs3/NoXtBxluCvg/00001/00001_p1.mp4,00001_p1,00001,True
lrs3/NaoSp4NpkGg/00004/fake_video_fake_audio_p1.mp4,fake_video_fake_audio_p1,00004,True
lrs3/NAcuH7nSdLc/00017/fake_video_real_audio_p1.mp4,fake_video_real_audio_p1,00017,True
lrs3/ORBf73HiJns/00002/fake_video_fake_audio_p2.mp4,fake_video_fake_audio_p2,00002,True
lrs3/AR6RiSHN7S0/00026/00026.mp4,00026,00026,True
lrs3/NVrpKRdtWwc/00002/real_video_fake_audio_p1.mp4,real_video_fake_audio_p1,00002,True
lrs3/HrG8UZjL5E8/00004/fake_video_fake_audio_p4.mp4,fake_video_fake_audio_p4,00004,True
lrs3/ONXYcNS7k1Y/00030/real_video_fake_audio_p2.mp4,real_video_fake_audio_p2,00030,True
lrs3/ONXYcNS7k1Y/00028/real_video_fake_audio_p2.mp4,real_video_fake_audio_p2,00028,True
lrs3/DkocjGrWwvc/00004/fake_video_real_audio_p2.mp4,fake_video_real_audio_p2,00004,True
lrs3/NgbqXsA62Qs/00004/00004.mp4,00004,00004,True
lrs3/Nvw0reB1gpI/00012/00012_p1.mp4,00012_p1,00012,True
lrs3/OT9poHSD2Iw/00007/real.mp4,real,00007,True
lrs3/OT9poHSD2Iw/00012/00012_p3.mp4,00012_p3,00012,True
lrs3/ONXYcNS7k1Y/00014/real_video_fake_audio.mp4,real_video_fake_audio,00014,True
lrs3/Nvw0reB1gpI/00005/real_video_fake_audio_p3.mp4,real_video_fake_audio_p3,00005,True
lrs3/NVrpKRdtWwc/00005/fake_video_real_audio_p2.mp4,fake_video_real_audio_p2,00005,True
lrs3/N37x4GgDVBM/00023/00023_p2.mp4,00023_p2,00023,True
lrs3/ORBf73HiJns/00036/fake_video_real_audio.mp4,fake_video_real_audio,00036,True
lrs3/8PQc3M2HQSs/00002/fake_video_fake_audio_p3.mp4,fake_video_fake_audio_p3,00002,True
lrs3/OSz2v42F0E0/00005/fake_video_fake_audio_p1.mp4,fake_video_fake_audio_p1,00005,True
lrs3/NaoSp4NpkGg/00016/fake_video_fake_audio.mp4,fake_video_fake_audio,00016,True
lrs3/Nvw0reB1gpI/00005/00005_p2.mp4,00005_p2,00005,True
lrs3/NVrpKRdtWwc/00002/fake_video_fake_audio.mp4,fake_video_fake_audio,00002,True
lrs3/NcPusGLnqAc/00011/fake_video_real_audio_p3.mp4,fake_video_real_audio_p3,00011,True
lrs3/ONXYcNS7k1Y/00011/00011_p3.mp4,00011_p3,00011,True
lrs3/ORBf73HiJns/00034/00034_p2.mp4,00034_p2,00034,True
lrs3/NVrpKRdtWwc/00007/fake_video_real_audio_p2.mp4,fake_video_real_audio_p2,00007,True
lrs3/NTbBuvcGnxM/00004/fake_video_fake_audio.mp4,fake_video_fake_audio,00004,True
lrs3/NS4bBu9Jyho/00009/00009_p2.mp4,00009_p2,00009,True
lrs3/ORBf73HiJns/00001/fake_video_real_audio_p1.mp4,fake_video_real_audio_p1,00001,True
lrs3/NgbqXsA62Qs/00006/00006_p4.mp4,00006_p4,00006,True
lrs3/NcPusGLnqAc/00005/fake_video_fake_audio_p2.mp4,fake_video_fake_audio_p2,00005,True
lrs3/O6GimGZz6a8/00008/00008_p3.mp4,00008_p3,00008,True
lrs3/NPX5RwjNzl0/00005/real_video_fake_audio_p1.mp4,real_video_fake_audio_p1,00005,True
lrs3/ORBf73HiJns/00020/00020_p2.mp4,00020_p2,00020,True
lrs3/OSGHRMKrVM8/00029/real_video_fake_audio_p2.mp4,real_video_fake_audio_p2,00029,True
lrs3/ORBf73HiJns/00012/00012_p2.mp4,00012_p2,00012,True
lrs3/ORBf73HiJns/00032/fake_video_real_audio_p2.mp4,fake_video_real_audio_p2,00032,True
lrs3/BdHKSr9RXTc/00001/fake_video_real_audio.mp4,fake_video_real_audio,00001,True
lrs3/3lxyiS3CGrk/00001/00001_p2.mp4,00001_p2,00001,True
lrs3/NRO0SJXuFMY/00007/real_video_fake_audio_p1.mp4,real_video_fake_audio_p1,00007,True
lrs3/ORvwzoSf1Sc/00012/fake_video_real_audio.mp4,fake_video_real_audio,00012,True
lrs3/ONXYcNS7k1Y/00002/00002_p4.mp4,00002_p4,00002,True
lrs3/NgbqXsA62Qs/00013/00013_p4.mp4,00013_p4,00013,True
lrs3/ORBf73HiJns/00036/fake_video_real_audio_p3.mp4,fake_video_real_audio_p3,00036,True
lrs3/Myp1sZBxTR8/00005/fake_video_real_audio_p2.mp4,fake_video_real_audio_p2,00005,True
lrs3/NhmybGS7FLA/00008/fake_video_fake_audio_p2.mp4,fake_video_fake_audio_p2,00008,True
lrs3/OT9poHSD2Iw/00015/fake_video_fake_audio_p4.mp4,fake_video_fake_audio_p4,00015,True
lrs3/ORBf73HiJns/00043/fake_video_real_audio_p2.mp4,fake_video_real_audio_p2,00043,True
lrs3/MkRJG510CKo/00001/fake_video_real_audio_p4.mp4,fake_video_real_audio_p4,00001,True
lrs3/NRO0SJXuFMY/00008/00008_p2.mp4,00008_p2,00008,True
lrs3/NcPusGLnqAc/00007/00007_p1.mp4,00007_p1,00007,True
lrs3/D9Ihs241zeg/00002/fake_video_real_audio_p1.mp4,fake_video_real_audio_p1,00002,True
lrs3/OSGHRMKrVM8/00015/fake_video_fake_audio_p4.mp4,fake_video_fake_audio_p4,00015,True
lrs3/NhmybGS7FLA/00002/00002_p3.mp4,00002_p3,00002,True
lrs3/Nvw0reB1gpI/00010/real_video_fake_audio_p3.mp4,real_video_fake_audio_p3,00010,True
lrs3/HqawqHB7nDM/00022/real.mp4,real,00022,True
lrs3/NVrpKRdtWwc/00011/fake_video_fake_audio_p4.mp4,fake_video_fake_audio_p4,00011,True
lrs3/O6jrLgvCUNs/00015/fake_video_fake_audio.mp4,fake_video_fake_audio,00015,True
lrs3/NgbqXsA62Qs/00020/00020_p4.mp4,00020_p4,00020,True
lrs3/NcPusGLnqAc/00012/00012_p3.mp4,00012_p3,00012,True
lrs3/LsSh5ZUfnz4/00005/00005_p1.mp4,00005_p1,00005,True
lrs3/ORBf73HiJns/00025/00025_p1.mp4,00025_p1,00025,True
lrs3/Myp1sZBxTR8/00001/00001.mp4,00001,00001,True
lrs3/0OkOQhXhsIE/00006/00006_p4.mp4,00006_p4,00006,True
lrs3/OSGHRMKrVM8/00027/real_video_fake_audio_p3.mp4,real_video_fake_audio_p3,00027,True
lrs3/NhmybGS7FLA/00008/fake_video_real_audio_p3.mp4,fake_video_real_audio_p3,00008,True
lrs3/Aoa20kFNYmY/00003/00003_p4.mp4,00003_p4,00003,True
lrs3/ORvwzoSf1Sc/00003/fake_video_fake_audio_p1.mp4,fake_video_fake_audio_p1,00003,True
lrs3/Fb2J5eDoFko/00003/fake_video_real_audio.mp4,fake_video_real_audio,00003,True
lrs3/OSz2v42F0E0/00005/fake_video_real_audio_p1.mp4,fake_video_real_audio_p1,00005,True
lrs3/4xnVNvd8lBg/00001/00001.mp4,00001,00001,True
lrs3/OSGHRMKrVM8/00034/fake_video_fake_audio_p2.mp4,fake_video_fake_audio_p2,00034,True
lrs3/ORBf73HiJns/00031/fake_video_fake_audio_p3.mp4,fake_video_fake_audio_p3,00031,True
lrs3/NPX5RwjNzl0/00006/fake_video_real_audio_p4.mp4,fake_video_real_audio_p4,00006,True
lrs3/2iIIDwSJhAg/00001/real_video_fake_audio_p1.mp4,real_video_fake_audio_p1,00001,True
lrs3/EDLWWP8N6MU/00031/00031_p3.mp4,00031_p3,00031,True
lrs3/HqawqHB7nDM/00016/fake_video_fake_audio_p1.mp4,fake_video_fake_audio_p1,00016,True
lrs3/53P0aypkpXY/00003/real_video_fake_audio_p2.mp4,real_video_fake_audio_p2,00003,True
lrs3/2YPHJdq5QWM/00003/real_video_fake_audio_p1.mp4,real_video_fake_audio_p1,00003,True
lrs3/OSGHRMKrVM8/00028/fake_video_fake_audio_p2.mp4,fake_video_fake_audio_p2,00028,True
lrs3/8PQc3M2HQSs/00002/real_video_fake_audio_p3.mp4,real_video_fake_audio_p3,00002,True
lrs3/7TXEZ4tP06c/00015/fake_video_fake_audio_p4.mp4,fake_video_fake_audio_p4,00015,True
lrs3/4xnVNvd8lBg/00006/fake_video_real_audio_p4.mp4,fake_video_real_audio_p4,00006,True
lrs3/MbhNaj88uL4/00001/00001_p4.mp4,00001_p4,00001,True
lrs3/GYcP2BR8EtY/00003/real_video_fake_audio_p2.mp4,real_video_fake_audio_p2,00003,True
lrs3/OT9poHSD2Iw/00019/00019.mp4,00019,00019,True
lrs3/ORBf73HiJns/00001/real_video_fake_audio.mp4,real_video_fake_audio,00001,True
lrs3/NgbqXsA62Qs/00013/00013_p3.mp4,00013_p3,00013,True
lrs3/Nvw0reB1gpI/00010/fake_video_fake_audio_p1.mp4,fake_video_fake_audio_p1,00010,True
lrs3/NRO0SJXuFMY/00003/00003.mp4,00003,00003,True
lrs3/D492MbAfBJc/00001/fake_video_real_audio_p2.mp4,fake_video_real_audio_p2,00001,True
lrs3/Nvw0reB1gpI/00011/fake_video_real_audio_p2.mp4,fake_video_real_audio_p2,00011,True
lrs3/O6GimGZz6a8/00019/00019.mp4,00019,00019,True
lrs3/NU82HhqhEHM/00008/real_video_fake_audio.mp4,real_video_fake_audio,00008,True
lrs3/NRO0SJXuFMY/00008/00008_p1.mp4,00008_p1,00008,True
lrs3/84QouBqCIWg/00005/fake_video_fake_audio_p4.mp4,fake_video_fake_audio_p4,00005,True
lrs3/ORBf73HiJns/00024/real_video_fake_audio_p2.mp4,real_video_fake_audio_p2,00024,True
lrs3/NI0yARyFoIM/00001/fake_video_fake_audio_p2.mp4,fake_video_fake_audio_p2,00001,True
lrs3/0YNeyBANrTI/00004/00004_p2.mp4,00004_p2,00004,True
lrs3/5zuBDgBdyug/00002/fake_video_real_audio_p1.mp4,fake_video_real_audio_p1,00002,True
lrs3/ORBf73HiJns/00039/real_video_fake_audio_p2.mp4,real_video_fake_audio_p2,00039,True
lrs3/OT9poHSD2Iw/00015/real_video_fake_audio_p2.mp4,real_video_fake_audio_p2,00015,True
lrs3/ONXYcNS7k1Y/00018/fake_video_real_audio_p2.mp4,fake_video_real_audio_p2,00018,True
lrs3/NaoSp4NpkGg/00015/fake_video_fake_audio_p1.mp4,fake_video_fake_audio_p1,00015,True
lrs3/OSGHRMKrVM8/00042/fake_video_real_audio_p3.mp4,fake_video_real_audio_p3,00042,True
lrs3/ORBf73HiJns/00026/fake_video_fake_audio_p1.mp4,fake_video_fake_audio_p1,00026,True
lrs3/5nrn5fC001Q/00009/00009.mp4,00009,00009,True
lrs3/O4bGOvkkHcM/00004/00004_p1.mp4,00004_p1,00004,True
lrs3/Nvw0reB1gpI/00008/real_video_fake_audio_p2.mp4,real_video_fake_audio_p2,00008,True
lrs3/84QouBqCIWg/00002/real_video_fake_audio_p2.mp4,real_video_fake_audio_p2,00002,True
lrs3/NPX5RwjNzl0/00006/fake_video_real_audio_p1.mp4,fake_video_real_audio_p1,00006,True
lrs3/OSz2v42F0E0/00028/fake_video_real_audio_p4.mp4,fake_video_real_audio_p4,00028,True
lrs3/9RMaD0Sk7hc/00002/00002_p1.mp4,00002_p1,00002,True
lrs3/ORBf73HiJns/00014/fake_video_real_audio_p2.mp4,fake_video_real_audio_p2,00014,True
lrs3/NgbqXsA62Qs/00020/fake_video_real_audio_p3.mp4,fake_video_real_audio_p3,00020,True
lrs3/NhmybGS7FLA/00016/00016_p3.mp4,00016_p3,00016,True
lrs3/NU82HhqhEHM/00006/real_video_fake_audio.mp4,real_video_fake_audio,00006,True
lrs3/NS4bBu9Jyho/00008/fake_video_real_audio_p4.mp4,fake_video_real_audio_p4,00008,True
lrs3/4xnVNvd8lBg/00002/fake_video_fake_audio_p2.mp4,fake_video_fake_audio_p2,00002,True
lrs3/ORBf73HiJns/00018/real_video_fake_audio.mp4,real_video_fake_audio,00018,True
lrs3/NRO0SJXuFMY/00007/real_video_fake_audio_p2.mp4,real_video_fake_audio_p2,00007,True
lrs3/NS4bBu9Jyho/00007/real_video_fake_audio_p3.mp4,real_video_fake_audio_p3,00007,True
lrs3/84QouBqCIWg/00004/00004.mp4,00004,00004,True
lrs3/NcPusGLnqAc/00004/real_video_fake_audio_p3.mp4,real_video_fake_audio_p3,00004,True
lrs3/OSGHRMKrVM8/00018/real_video_fake_audio.mp4,real_video_fake_audio,00018,True
lrs3/OT9poHSD2Iw/00025/real.mp4,real,00025,True
lrs3/63tVsJI31Tk/00005/fake_video_fake_audio.mp4,fake_video_fake_audio,00005,True
lrs3/NS4bBu9Jyho/00006/00006_p4.mp4,00006_p4,00006,True
lrs3/1fZk6aWnqGg/00002/00002_p1.mp4,00002_p1,00002,True
lrs3/OT9poHSD2Iw/00023/fake_video_real_audio_p3.mp4,fake_video_real_audio_p3,00023,True
lrs3/NgbqXsA62Qs/00014/00014_p4.mp4,00014_p4,00014,True
lrs3/NgbqXsA62Qs/00002/fake_video_fake_audio_p4.mp4,fake_video_fake_audio_p4,00002,True
lrs3/OSGHRMKrVM8/00042/fake_video_fake_audio_p1.mp4,fake_video_fake_audio_p1,00042,True
lrs3/OSz2v42F0E0/00017/00017_p1.mp4,00017_p1,00017,True
lrs3/NI0yARyFoIM/00002/00002_p4.mp4,00002_p4,00002,True
lrs3/O6GimGZz6a8/00014/fake_video_real_audio_p4.mp4,fake_video_real_audio_p4,00014,True
lrs3/7SvPhw9hAHs/00001/00001_p4.mp4,00001_p4,00001,True
lrs3/ONXYcNS7k1Y/00032/real_video_fake_audio.mp4,real_video_fake_audio,00032,True
lrs3/KU0zEEDRKXo/00006/00006.mp4,00006,00006,True
lrs3/NgbqXsA62Qs/00022/fake_video_real_audio.mp4,fake_video_real_audio,00022,True
lrs3/NgbqXsA62Qs/00022/real_video_fake_audio_p2.mp4,real_video_fake_audio_p2,00022,True
lrs3/NaoSp4NpkGg/00002/00002_p3.mp4,00002_p3,00002,True
lrs3/4xnVNvd8lBg/00002/real_video_fake_audio_p3.mp4,real_video_fake_audio_p3,00002,True
lrs3/NgbqXsA62Qs/00011/00011_p2.mp4,00011_p2,00011,True
lrs3/NcPusGLnqAc/00005/fake_video_fake_audio.mp4,fake_video_fake_audio,00005,True
lrs3/C9kPFCw2u3M/00002/real_video_fake_audio.mp4,real_video_fake_audio,00002,True
lrs3/Nvw0reB1gpI/00002/fake_video_real_audio_p2.mp4,fake_video_real_audio_p2,00002,True
lrs3/NgbqXsA62Qs/00008/00008_p4.mp4,00008_p4,00008,True
lrs3/ORBf73HiJns/00021/00021_p3.mp4,00021_p3,00021,True
lrs3/ORBf73HiJns/00019/fake_video_real_audio_p2.mp4,fake_video_real_audio_p2,00019,True
lrs3/NPX5RwjNzl0/00005/real_video_fake_audio.mp4,real_video_fake_audio,00005,True
lrs3/NRO0SJXuFMY/00001/real_video_fake_audio.mp4,real_video_fake_audio,00001,True
lrs3/O6GimGZz6a8/00020/fake_video_fake_audio_p4.mp4,fake_video_fake_audio_p4,00020,True
lrs3/OT9poHSD2Iw/00011/fake_video_fake_audio.mp4,fake_video_fake_audio,00011,True
lrs3/7SvPhw9hAHs/00001/fake_video_fake_audio_p2.mp4,fake_video_fake_audio_p2,00001,True
lrs3/5nrn5fC001Q/00004/00004_p1.mp4,00004_p1,00004,True
lrs3/Nvw0reB1gpI/00007/00007.mp4,00007,00007,True
lrs3/ORBf73HiJns/00002/real_video_fake_audio_p1.mp4,real_video_fake_audio_p1,00002,True
lrs3/86Hyq4bBpA0/00008/real_video_fake_audio_p1.mp4,real_video_fake_audio_p1,00008,True
lrs3/O6cmKeRV3Z0/00003/fake_video_real_audio_p1.mp4,fake_video_real_audio_p1,00003,True
lrs3/O2OQxHNVLNY/00007/00007_p4.mp4,00007_p4,00007,True
lrs3/NVrpKRdtWwc/00013/00013.mp4,00013,00013,True
lrs3/4xnVNvd8lBg/00005/fake_video_real_audio_p4.mp4,fake_video_real_audio_p4,00005,True
lrs3/Nvw0reB1gpI/00010/fake_video_real_audio.mp4,fake_video_real_audio,00010,True
lrs3/NU82HhqhEHM/00002/00002_p1.mp4,00002_p1,00002,True
lrs3/ORBf73HiJns/00003/00003_p4.mp4,00003_p4,00003,True
lrs3/OSz2v42F0E0/00025/fake_video_fake_audio_p4.mp4,fake_video_fake_audio_p4,00025,True
lrs3/9RMaD0Sk7hc/00004/00004_p1.mp4,00004_p1,00004,True
lrs3/NVrpKRdtWwc/00010/real_video_fake_audio_p3.mp4,real_video_fake_audio_p3,00010,True
lrs3/Nvw0reB1gpI/00002/fake_video_fake_audio_p2.mp4,fake_video_fake_audio_p2,00002,True
lrs3/ORBf73HiJns/00006/fake_video_real_audio_p1.mp4,fake_video_real_audio_p1,00006,True
lrs3/ORBf73HiJns/00032/fake_video_real_audio_p3.mp4,fake_video_real_audio_p3,00032,True
lrs3/4qKAse8388k/00003/real_video_fake_audio_p2.mp4,real_video_fake_audio_p2,00003,True
lrs3/E66oIgegbv0/00006/00006_p4.mp4,00006_p4,00006,True
lrs3/ONXYcNS7k1Y/00028/fake_video_real_audio_p2.mp4,fake_video_real_audio_p2,00028,True
lrs3/O6GimGZz6a8/00005/00005_p2.mp4,00005_p2,00005,True
lrs3/OSGHRMKrVM8/00004/fake_video_fake_audio_p4.mp4,fake_video_fake_audio_p4,00004,True
lrs3/0OkOQhXhsIE/00009/real_video_fake_audio.mp4,real_video_fake_audio,00009,True
lrs3/0YNeyBANrTI/00003/fake_video_real_audio_p2.mp4,fake_video_real_audio_p2,00003,True
lrs3/DkocjGrWwvc/00002/00002_p3.mp4,00002_p3,00002,True
lrs3/NoXtBxluCvg/00001/00001_p4.mp4,00001_p4,00001,True
lrs3/O6GimGZz6a8/00027/00027.mp4,00027,00027,True
lrs3/MbhNaj88uL4/00001/00001.mp4,00001,00001,True
lrs3/8PQc3M2HQSs/00003/00003.mp4,00003,00003,True
lrs3/0YNeyBANrTI/00003/real_video_fake_audio_p2.mp4,real_video_fake_audio_p2,00003,True
lrs3/8PQc3M2HQSs/00002/real_video_fake_audio_p2.mp4,real_video_fake_audio_p2,00002,True
lrs3/OSGHRMKrVM8/00040/fake_video_real_audio_p2.mp4,fake_video_real_audio_p2,00040,True
lrs3/OSz2v42F0E0/00024/fake_video_real_audio.mp4,fake_video_real_audio,00024,True
lrs3/NS4bBu9Jyho/00010/fake_video_real_audio_p2.mp4,fake_video_real_audio_p2,00010,True
lrs3/7SvPhw9hAHs/00001/fake_video_fake_audio_p1.mp4,fake_video_fake_audio_p1,00001,True
lrs3/NgbqXsA62Qs/00002/fake_video_fake_audio_p3.mp4,fake_video_fake_audio_p3,00002,True
lrs3/O6GimGZz6a8/00022/real_video_fake_audio_p1.mp4,real_video_fake_audio_p1,00022,True
lrs3/ORzTct2yITk/00002/fake_video_fake_audio_p4.mp4,fake_video_fake_audio_p4,00002,True
lrs3/D492MbAfBJc/00001/00001_p2.mp4,00001_p2,00001,True
lrs3/3LfVxGdczEA/00003/00003_p2.mp4,00003_p2,00003,True
lrs3/86Hyq4bBpA0/00008/fake_video_fake_audio_p3.mp4,fake_video_fake_audio_p3,00008,True
lrs3/ExcDNly1DbI/00003/real_video_fake_audio_p2.mp4,real_video_fake_audio_p2,00003,True
lrs3/NHopJHSlVo4/00004/00004_p1.mp4,00004_p1,00004,True
lrs3/NI0yARyFoIM/00001/fake_video_real_audio_p4.mp4,fake_video_real_audio_p4,00001,True
lrs3/O4bGOvkkHcM/00009/00009_p2.mp4,00009_p2,00009,True
lrs3/MkRJG510CKo/00002/fake_video_fake_audio_p3.mp4,fake_video_fake_audio_p3,00002,True
lrs3/LlJJRGPfqwA/00002/00002_p4.mp4,00002_p4,00002,True
lrs3/NVrpKRdtWwc/00009/00009.mp4,00009,00009,True
lrs3/OT9poHSD2Iw/00005/real_video_fake_audio_p1.mp4,real_video_fake_audio_p1,00005,True
lrs3/O2OQxHNVLNY/00011/real_video_fake_audio_p1.mp4,real_video_fake_audio_p1,00011,True
lrs3/EDLWWP8N6MU/00038/00038_p2.mp4,00038_p2,00038,True
lrs3/ORBf73HiJns/00031/00031_p2.mp4,00031_p2,00031,True
lrs3/5nrn5fC001Q/00010/00010_p2.mp4,00010_p2,00010,True
lrs3/NCPzjiSS2Oo/00002/real_video_fake_audio_p1.mp4,real_video_fake_audio_p1,00002,True
lrs3/NaoSp4NpkGg/00011/fake_video_fake_audio.mp4,fake_video_fake_audio,00011,True
lrs3/NbpSibMSEiE/00004/00004_p4.mp4,00004_p4,00004,True
lrs3/BdHKSr9RXTc/00001/fake_video_fake_audio_p1.mp4,fake_video_fake_audio_p1,00001,True
lrs3/ARWBdfWpDyc/00003/00003_p4.mp4,00003_p4,00003,True
lrs3/ORBf73HiJns/00037/00037.mp4,00037,00037,True
lrs3/NTbBuvcGnxM/00009/fake_video_fake_audio_p1.mp4,fake_video_fake_audio_p1,00009,True
lrs3/NRO0SJXuFMY/00005/00005_p2.mp4,00005_p2,00005,True
lrs3/OSGHRMKrVM8/00006/fake_video_real_audio_p3.mp4,fake_video_real_audio_p3,00006,True
lrs3/ORBf73HiJns/00016/00016_p4.mp4,00016_p4,00016,True
lrs3/NgbqXsA62Qs/00020/fake_video_real_audio_p2.mp4,fake_video_real_audio_p2,00020,True
lrs3/NU82HhqhEHM/00008/fake_video_fake_audio_p4.mp4,fake_video_fake_audio_p4,00008,True
lrs3/C9kPFCw2u3M/00001/fake_video_real_audio.mp4,fake_video_real_audio,00001,True
lrs3/86Hyq4bBpA0/00007/real_video_fake_audio.mp4,real_video_fake_audio,00007,True
lrs3/NcPusGLnqAc/00002/00002_p2.mp4,00002_p2,00002,True
lrs3/NU82HhqhEHM/00006/00006_p1.mp4,00006_p1,00006,True
lrs3/NgbqXsA62Qs/00012/real_video_fake_audio_p2.mp4,real_video_fake_audio_p2,00012,True
lrs3/6MgDcFlTgVM/00005/00005_p3.mp4,00005_p3,00005,True
lrs3/O4g60zB4Un4/00002/00002.mp4,00002,00002,True
lrs3/ONXYcNS7k1Y/00009/00009_p4.mp4,00009_p4,00009,True
lrs3/NcPusGLnqAc/00011/real_video_fake_audio_p4.mp4,real_video_fake_audio_p4,00011,True
lrs3/NU82HhqhEHM/00002/real_video_fake_audio_p4.mp4,real_video_fake_audio_p4,00002,True
lrs3/OSGHRMKrVM8/00015/real_video_fake_audio_p1.mp4,real_video_fake_audio_p1,00015,True
lrs3/OSGHRMKrVM8/00007/fake_video_real_audio_p4.mp4,fake_video_real_audio_p4,00007,True
lrs3/ORBf73HiJns/00007/real_video_fake_audio.mp4,real_video_fake_audio,00007,True
lrs3/OT9poHSD2Iw/00002/00002_p4.mp4,00002_p4,00002,True
lrs3/ORBf73HiJns/00039/real_video_fake_audio_p4.mp4,real_video_fake_audio_p4,00039,True
lrs3/ONXYcNS7k1Y/00014/fake_video_real_audio.mp4,fake_video_real_audio,00014,True
lrs3/OT9poHSD2Iw/00011/00011_p4.mp4,00011_p4,00011,True
lrs3/OSz2v42F0E0/00014/real_video_fake_audio_p4.mp4,real_video_fake_audio_p4,00014,True
lrs3/0YNeyBANrTI/00002/00002_p3.mp4,00002_p3,00002,True
lrs3/OVSNSeFTaso/00002/fake_video_real_audio_p1.mp4,fake_video_real_audio_p1,00002,True
lrs3/ORBf73HiJns/00030/fake_video_real_audio_p4.mp4,fake_video_real_audio_p4,00030,True
lrs3/OSz2v42F0E0/00015/fake_video_fake_audio_p1.mp4,fake_video_fake_audio_p1,00015,True
lrs3/OSz2v42F0E0/00010/fake_video_fake_audio_p1.mp4,fake_video_fake_audio_p1,00010,True
lrs3/NS4bBu9Jyho/00002/real_video_fake_audio.mp4,real_video_fake_audio,00002,True
lrs3/NTbBuvcGnxM/00004/real_video_fake_audio_p4.mp4,real_video_fake_audio_p4,00004,True
lrs3/ORvwzoSf1Sc/00007/00007.mp4,00007,00007,True
lrs3/OT9poHSD2Iw/00020/real.mp4,real,00020,True
lrs3/ORBf73HiJns/00008/fake_video_real_audio_p1.mp4,fake_video_real_audio_p1,00008,True
lrs3/OSz2v42F0E0/00012/real_video_fake_audio_p3.mp4,real_video_fake_audio_p3,00012,True
lrs3/NcPusGLnqAc/00008/00008_p4.mp4,00008_p4,00008,True
lrs3/Fb2J5eDoFko/00002/fake_video_real_audio.mp4,fake_video_real_audio,00002,True
lrs3/O6jrLgvCUNs/00004/00004.mp4,00004,00004,True
lrs3/5zuBDgBdyug/00001/fake_video_real_audio.mp4,fake_video_real_audio,00001,True
lrs3/ORBf73HiJns/00025/00025_p3.mp4,00025_p3,00025,True
lrs3/OT9poHSD2Iw/00014/real_video_fake_audio_p4.mp4,real_video_fake_audio_p4,00014,True
lrs3/C9kPFCw2u3M/00001/real_video_fake_audio_p4.mp4,real_video_fake_audio_p4,00001,True
lrs3/NS4bBu9Jyho/00010/fake_video_real_audio_p4.mp4,fake_video_real_audio_p4,00010,True
lrs3/0N1oA9LUEc4/00008/00008_p2.mp4,00008_p2,00008,True
lrs3/O6cmKeRV3Z0/00013/00013.mp4,00013,00013,True
lrs3/84QouBqCIWg/00002/real_video_fake_audio_p1.mp4,real_video_fake_audio_p1,00002,True
lrs3/OSz2v42F0E0/00023/00023_p4.mp4,00023_p4,00023,True
lrs3/5nrn5fC001Q/00002/fake_video_fake_audio.mp4,fake_video_fake_audio,00002,True
lrs3/ONXYcNS7k1Y/00023/00023_p4.mp4,00023_p4,00023,True
lrs3/Nvw0reB1gpI/00009/00009_p1.mp4,00009_p1,00009,True
lrs3/NcPusGLnqAc/00007/fake_video_real_audio_p2.mp4,fake_video_real_audio_p2,00007,True
lrs3/NVrpKRdtWwc/00012/00012_p1.mp4,00012_p1,00012,True
lrs3/ORBf73HiJns/00007/fake_video_fake_audio_p2.mp4,fake_video_fake_audio_p2,00007,True
lrs3/OKNpguWW3Sk/00005/00005.mp4,00005,00005,True
lrs3/ONXYcNS7k1Y/00013/fake_video_real_audio_p3.mp4,fake_video_real_audio_p3,00013,True
lrs3/NHopJHSlVo4/00001/fake_video_real_audio_p2.mp4,fake_video_real_audio_p2,00001,True
lrs3/AR6RiSHN7S0/00042/00042.mp4,00042,00042,True
lrs3/DkocjGrWwvc/00003/real_video_fake_audio_p3.mp4,real_video_fake_audio_p3,00003,True
lrs3/NgbqXsA62Qs/00023/real_video_fake_audio_p4.mp4,real_video_fake_audio_p4,00023,True
lrs3/ExcDNly1DbI/00003/fake_video_real_audio_p2.mp4,fake_video_real_audio_p2,00003,True
lrs3/LsSh5ZUfnz4/00002/real_video_fake_audio_p3.mp4,real_video_fake_audio_p3,00002,True
lrs3/O6cmKeRV3Z0/00013/00013_p1.mp4,00013_p1,00013,True
lrs3/0OkOQhXhsIE/00004/00004_p1.mp4,00004_p1,00004,True
lrs3/NcPusGLnqAc/00005/fake_video_real_audio_p4.mp4,fake_video_real_audio_p4,00005,True
lrs3/HrG8UZjL5E8/00007/real_video_fake_audio_p1.mp4,real_video_fake_audio_p1,00007,True
lrs3/NcPusGLnqAc/00011/fake_video_real_audio_p4.mp4,fake_video_real_audio_p4,00011,True
lrs3/MkRJG510CKo/00007/00007_p4.mp4,00007_p4,00007,True
lrs3/OSGHRMKrVM8/00034/fake_video_real_audio_p4.mp4,fake_video_real_audio_p4,00034,True
lrs3/MkRJG510CKo/00002/real_video_fake_audio.mp4,real_video_fake_audio,00002,True
lrs3/NgbqXsA62Qs/00009/real_video_fake_audio_p4.mp4,real_video_fake_audio_p4,00009,True
lrs3/ORBf73HiJns/00036/00036_p2.mp4,00036_p2,00036,True
lrs3/1Hok1iGFNSk/00004/fake_video_real_audio_p1.mp4,fake_video_real_audio_p1,00004,True
lrs3/NCPzjiSS2Oo/00003/00003_p3.mp4,00003_p3,00003,True
lrs3/OSGHRMKrVM8/00027/real_video_fake_audio.mp4,real_video_fake_audio,00027,True
lrs3/ONXYcNS7k1Y/00009/fake_video_fake_audio_p1.mp4,fake_video_fake_audio_p1,00009,True
lrs3/NbpSibMSEiE/00008/00008_p1.mp4,00008_p1,00008,True
lrs3/NVrpKRdtWwc/00005/real_video_fake_audio_p3.mp4,real_video_fake_audio_p3,00005,True
lrs3/C9kPFCw2u3M/00003/fake_video_fake_audio_p3.mp4,fake_video_fake_audio_p3,00003,True
lrs3/OSz2v42F0E0/00010/real_video_fake_audio_p4.mp4,real_video_fake_audio_p4,00010,True
lrs3/31ojbLK0vU4/00001/real_video_fake_audio_p3.mp4,real_video_fake_audio_p3,00001,True
lrs3/9RMaD0Sk7hc/00002/00002_p2.mp4,00002_p2,00002,True
lrs3/5nrn5fC001Q/00006/00006.mp4,00006,00006,True
lrs3/86Hyq4bBpA0/00004/00004_p4.mp4,00004_p4,00004,True
lrs3/APgMXDjLcT4/00010/00010_p3.mp4,00010_p3,00010,True
lrs3/NhmybGS7FLA/00008/00008_p2.mp4,00008_p2,00008,True
lrs3/OSz2v42F0E0/00030/fake_video_fake_audio_p2.mp4,fake_video_fake_audio_p2,00030,True
lrs3/86Hyq4bBpA0/00003/fake_video_fake_audio_p1.mp4,fake_video_fake_audio_p1,00003,True
lrs3/NcPusGLnqAc/00005/real_video_fake_audio_p3.mp4,real_video_fake_audio_p3,00005,True
lrs3/AR6RiSHN7S0/00026/00026_p1.mp4,00026_p1,00026,True
lrs3/OSz2v42F0E0/00014/real_video_fake_audio_p1.mp4,real_video_fake_audio_p1,00014,True
lrs3/OSGHRMKrVM8/00012/real_video_fake_audio_p3.mp4,real_video_fake_audio_p3,00012,True
lrs3/HqawqHB7nDM/00022/fake_video_real_audio_p3.mp4,fake_video_real_audio_p3,00022,True
lrs3/OT9poHSD2Iw/00003/fake_video_real_audio_p2.mp4,fake_video_real_audio_p2,00003,True
lrs3/ORBf73HiJns/00001/fake_video_fake_audio.mp4,fake_video_fake_audio,00001,True
lrs3/ONXYcNS7k1Y/00020/00020_p4.mp4,00020_p4,00020,True
lrs3/ORvwzoSf1Sc/00003/real_video_fake_audio.mp4,real_video_fake_audio,00003,True
lrs3/NTbBuvcGnxM/00004/fake_video_fake_audio_p1.mp4,fake_video_fake_audio_p1,00004,True
lrs3/OSz2v42F0E0/00011/00011_p3.mp4,00011_p3,00011,True
lrs3/ORBf73HiJns/00008/real_video_fake_audio_p3.mp4,real_video_fake_audio_p3,00008,True
lrs3/O6GimGZz6a8/00022/real.mp4,real,00022,True
lrs3/63tVsJI31Tk/00004/fake_video_fake_audio_p4.mp4,fake_video_fake_audio_p4,00004,True
lrs3/MkRJG510CKo/00003/00003_p4.mp4,00003_p4,00003,True
lrs3/NgbqXsA62Qs/00018/00018_p4.mp4,00018_p4,00018,True
lrs3/MkRJG510CKo/00001/real_video_fake_audio_p3.mp4,real_video_fake_audio_p3,00001,True
lrs3/NHopJHSlVo4/00001/00001_p3.mp4,00001_p3,00001,True
lrs3/Nvw0reB1gpI/00005/fake_video_real_audio_p2.mp4,fake_video_real_audio_p2,00005,True
lrs3/O6jrLgvCUNs/00006/real_video_fake_audio_p3.mp4,real_video_fake_audio_p3,00006,True
lrs3/HqawqHB7nDM/00022/00022_p4.mp4,00022_p4,00022,True
lrs3/NVrpKRdtWwc/00002/fake_video_real_audio_p1.mp4,fake_video_real_audio_p1,00002,True
lrs3/84QouBqCIWg/00001/00001.mp4,00001,00001,True
lrs3/ExcDNly1DbI/00003/real_video_fake_audio.mp4,real_video_fake_audio,00003,True
lrs3/NgbqXsA62Qs/00002/real_video_fake_audio_p3.mp4,real_video_fake_audio_p3,00002,True
lrs3/ARWBdfWpDyc/00006/fake_video_fake_audio_p1.mp4,fake_video_fake_audio_p1,00006,True
lrs3/63tVsJI31Tk/00003/real.mp4,real,00003,True
lrs3/OSGHRMKrVM8/00012/fake_video_real_audio_p1.mp4,fake_video_real_audio_p1,00012,True
lrs3/ExcDNly1DbI/00005/fake_video_fake_audio_p3.mp4,fake_video_fake_audio_p3,00005,True
lrs3/NRO0SJXuFMY/00006/00006_p4.mp4,00006_p4,00006,True
lrs3/5nrn5fC001Q/00005/00005.mp4,00005,00005,True
lrs3/NS4bBu9Jyho/00008/fake_video_fake_audio_p3.mp4,fake_video_fake_audio_p3,00008,True
lrs3/O6GimGZz6a8/00017/real_video_fake_audio.mp4,real_video_fake_audio,00017,True
lrs3/0N1oA9LUEc4/00008/00008_p4.mp4,00008_p4,00008,True
lrs3/NgbqXsA62Qs/00009/fake_video_real_audio_p1.mp4,fake_video_real_audio_p1,00009,True
lrs3/0YNeyBANrTI/00003/00003_p4.mp4,00003_p4,00003,True
